departamento,fecha,precip_mm,temp_celsius
Boyaca,2018-01-01,6.464106052816152,14.817702514317077
Boyaca,2018-01-02,4.461963596289436,14.278208997342515
Boyaca,2018-01-03,6.242287521612256,14.554912504961722
Boyaca,2018-01-04,7.039472012051409,14.65926468337915
Boyaca,2018-01-05,1.6784285842487547,14.92691924614632
Boyaca,2018-01-06,0.1976525766553737,14.601739951396482
Boyaca,2018-01-07,0.0,14.434012921931496
Boyaca,2018-01-08,0.0249354019237195,14.442151870566256
Boyaca,2018-01-09,4.595314712458534,14.364056615990467
Boyaca,2018-01-10,4.319755632831814,14.479003740786531
Boyaca,2018-01-11,1.4355054692103633,14.327454832855167
Boyaca,2018-01-12,1.341227745891201,14.158083387718804
Boyaca,2018-01-13,8.155446595941518,14.190797542436306
Boyaca,2018-01-14,2.784355890616573,14.261700430102
Boyaca,2018-01-15,1.1820737070548872,14.457371929234217
Boyaca,2018-01-16,0.7057731910885017,14.365069745883442
Boyaca,2018-01-17,4.932135726442668,14.13132661939018
Boyaca,2018-01-18,6.630722793315537,14.067232214833345
Boyaca,2018-01-19,0.0325923704253965,14.39732132381821
Boyaca,2018-01-20,0.0488707327451541,14.443892960848697
Boyaca,2018-01-21,0.7356874405886762,14.332720802186037
Boyaca,2018-01-22,2.042533625373912,14.174153814701029
Boyaca,2018-01-23,0.4603467829817441,14.370623711391652
Boyaca,2018-01-24,0.3583899125750311,14.558765993595792
Boyaca,2018-01-25,0.0,14.963042464688852
Boyaca,2018-01-26,2.0119351537252435,15.208120456697367
Boyaca,2018-01-27,0.7668939614629044,15.2292898873764
Boyaca,2018-01-28,2.621342638481521,15.631616587718012
Boyaca,2018-01-29,0.0,15.949636658090023
Boyaca,2018-01-30,1.5440520202122396,15.805813727566694
Boyaca,2018-01-31,0.5221878517563248,15.75431085572948
Boyaca,2018-02-01,0.0,15.497721436700225
Boyaca,2018-02-02,7.250004216532919,15.833431888114577
Boyaca,2018-02-03,4.173344481380575,15.726780409704094
Boyaca,2018-02-04,0.4341913647369127,15.658189403368691
Boyaca,2018-02-05,0.1098060077058969,16.303488381392707
Boyaca,2018-02-06,2.837825247743784,16.046681786287603
Boyaca,2018-02-07,0.3314997754717467,15.81030782804789
Boyaca,2018-02-08,0.0096893994974567,15.619359381298118
Boyaca,2018-02-09,0.0,15.31579559680809
Boyaca,2018-02-10,0.1533338090023362,15.32879651354726
Boyaca,2018-02-11,0.0,15.12102608252306
Boyaca,2018-02-12,0.2264439294438617,14.906106060861935
Boyaca,2018-02-13,0.0,15.027207767136762
Boyaca,2018-02-14,0.1110908196814491,15.040918517720296
Boyaca,2018-02-15,2.2072219212268247,15.10245980451186
Boyaca,2018-02-16,7.349349263766431,15.22286677044561
Boyaca,2018-02-17,9.5485889420996,15.273811931778988
Boyaca,2018-02-18,0.9666778995494292,15.043896444673628
Boyaca,2018-02-19,0.2673040735135321,15.60904818951384
Boyaca,2018-02-20,0.3934099744456816,15.267318593958883
Boyaca,2018-02-21,0.0,15.03026496816941
Boyaca,2018-02-22,0.0,14.891055485872712
Boyaca,2018-02-23,0.0882647878843593,14.481942288232975
Boyaca,2018-02-24,0.0,14.160370604077594
Boyaca,2018-02-25,0.6998581126166233,13.812554243838562
Boyaca,2018-02-26,0.0694067326233307,14.118345844958002
Boyaca,2018-02-27,0.2461106797901686,14.463633846256592
Boyaca,2018-02-28,0.0,14.956344957648724
Boyaca,2018-03-01,0.0,15.071405007833002
Boyaca,2018-03-02,0.0,15.13845218288917
Boyaca,2018-03-03,0.089363493889569,15.275998264002856
Boyaca,2018-03-04,3.660457223517765,15.345725230393482
Boyaca,2018-03-05,3.140808928654508,14.617167788365707
Boyaca,2018-03-06,1.6065003564948532,14.728342451675204
Boyaca,2018-03-07,0.1017071469191182,15.370124435356471
Boyaca,2018-03-08,5.705866439908228,15.302461644543085
Boyaca,2018-03-09,0.2718922742530064,15.454093646582828
Boyaca,2018-03-10,0.1016973523029622,15.71436515631475
Boyaca,2018-03-11,0.0,15.484007301244471
Boyaca,2018-03-12,0.0,15.770978643413788
Boyaca,2018-03-13,0.3139636259834069,16.066107286407394
Boyaca,2018-03-14,0.0,16.100042783450615
Boyaca,2018-03-15,0.1187528375707923,15.905328781671551
Boyaca,2018-03-16,0.2960193562583119,15.847737017830712
Boyaca,2018-03-17,0.2150254167907112,15.991144145805244
Boyaca,2018-03-18,4.819275160978989,15.425188435230968
Boyaca,2018-03-19,0.7093635898675813,14.995284952384456
Boyaca,2018-03-20,2.7620632207848548,15.557372181373648
Boyaca,2018-03-21,4.714126163348298,15.78618953883795
Boyaca,2018-03-22,1.2950750289141653,15.852884053792668
Boyaca,2018-03-23,8.453247577001003,15.219957414189704
Boyaca,2018-03-24,8.818644273086374,15.065191865221149
Boyaca,2018-03-25,1.342640787627755,15.471069697091744
Boyaca,2018-03-26,18.664262269149507,15.45314554276617
Boyaca,2018-03-27,3.2796562789333925,15.724253722966283
Boyaca,2018-03-28,4.887076716600928,15.231193696856604
Boyaca,2018-03-29,11.542447121459812,14.797365295740498
Boyaca,2018-03-30,11.454483787746506,14.911055209010147
Boyaca,2018-03-31,18.401157584753204,14.857867141987244
Boyaca,2018-04-01,31.8333778325172,14.4435550202043
Boyaca,2018-04-02,7.648290206775829,14.6013799993077
Boyaca,2018-04-03,4.520835522008505,14.69147087355285
Boyaca,2018-04-04,17.283134011248972,14.621210924927912
Boyaca,2018-04-05,5.455454362211287,14.214463905474238
Boyaca,2018-04-06,16.519022570241077,13.926297870678807
Boyaca,2018-04-07,4.360429522760202,13.999772358586672
Boyaca,2018-04-08,1.146486137995051,14.783061771716191
Boyaca,2018-04-09,3.2898495797705283,14.762868393256616
Boyaca,2018-04-10,8.19720201215303,14.763117073840291
Boyaca,2018-04-11,3.630562242049276,14.610130591030783
Boyaca,2018-04-12,10.196219912658735,14.81184851021616
Boyaca,2018-04-13,2.740176739636905,14.679336184154533
Boyaca,2018-04-14,8.365165217433345,14.333480680502843
Boyaca,2018-04-15,2.9135052276371374,14.981333363131846
Boyaca,2018-04-16,3.5219652588164085,15.320564477918722
Boyaca,2018-04-17,4.408145286115559,14.9231236836827
Boyaca,2018-04-18,4.045644120639854,14.591728777356227
Boyaca,2018-04-19,6.966306757946421,14.943545779991185
Boyaca,2018-04-20,9.176082024273327,14.585909895730662
Boyaca,2018-04-21,0.8185603073579639,15.09761607553554
Boyaca,2018-04-22,8.02135043048345,15.007701138701943
Boyaca,2018-04-23,4.684493981701595,14.86964316644781
Boyaca,2018-04-24,6.188768747078338,15.532795825604609
Boyaca,2018-04-25,17.26698108105005,15.391092963294431
Boyaca,2018-04-26,9.49152857819726,14.99804286052435
Boyaca,2018-04-27,6.059971144018105,14.932418743429288
Boyaca,2018-04-28,5.882855346283833,14.916212908365443
Boyaca,2018-04-29,14.775719191805363,14.789380556000022
Boyaca,2018-04-30,2.0570436938405368,14.90379267411863
Boyaca,2018-05-01,2.23471496597737,15.26747857678161
Boyaca,2018-05-02,8.091335891605018,15.011137444398058
Boyaca,2018-05-03,3.821864537146881,15.149796702037024
Boyaca,2018-05-04,34.250227879936745,14.62299472100806
Boyaca,2018-05-05,5.668320867777202,14.661693429066853
Boyaca,2018-05-06,6.116526784437882,14.611272762426994
Boyaca,2018-05-07,5.313411997103702,14.872739344231436
Boyaca,2018-05-08,18.528453993974512,14.380845607296468
Boyaca,2018-05-09,2.267492487927969,14.682336442186838
Boyaca,2018-05-10,1.4088612692843063,14.63489103106384
Boyaca,2018-05-11,11.836538828162167,14.991193824502616
Boyaca,2018-05-12,2.415921685077421,15.2349045225392
Boyaca,2018-05-13,12.375966393078494,14.70204344072966
Boyaca,2018-05-14,3.0804823630734237,14.612594943293894
Boyaca,2018-05-15,6.786870108304087,14.808305036381256
Boyaca,2018-05-16,1.7227819590916291,14.813332308375632
Boyaca,2018-05-17,1.4937734250038233,15.194976858550522
Boyaca,2018-05-18,5.452582650951238,15.2296308560726
Boyaca,2018-05-19,18.18527482774453,14.982556602689426
Boyaca,2018-05-20,6.367043619795534,14.679763595192275
Boyaca,2018-05-21,6.517502885732639,14.803616357834882
Boyaca,2018-05-22,3.7193910594139736,14.8856438811123
Boyaca,2018-05-23,6.441724062615448,14.70753933610883
Boyaca,2018-05-24,0.1320669188929445,14.828228554368344
Boyaca,2018-05-25,7.522245516158273,15.3998061694668
Boyaca,2018-05-26,11.101240308438234,15.242094442290153
Boyaca,2018-05-27,4.367608524737936,14.825665125450238
Boyaca,2018-05-28,12.40443122956655,15.044223903069144
Boyaca,2018-05-29,5.518918506354752,15.171688108981195
Boyaca,2018-05-30,5.937256991651242,15.111083873870063
Boyaca,2018-05-31,4.956973296111487,15.496788135735454
Boyaca,2018-06-01,6.032862421881136,15.504198091935786
Boyaca,2018-06-02,16.608514559135862,15.140392148530204
Boyaca,2018-06-03,2.39950539557414,14.987791489749936
Boyaca,2018-06-04,4.091835115383251,15.4011722317931
Boyaca,2018-06-05,8.088583702400822,15.01110787786253
Boyaca,2018-06-06,1.805899235793201,15.3030268564099
Boyaca,2018-06-07,0.2698445834583729,15.12194472274891
Boyaca,2018-06-08,0.4405578733828759,15.503191171743303
Boyaca,2018-06-09,5.222086249407641,15.352250598040346
Boyaca,2018-06-10,3.145977839167005,15.042043140866529
Boyaca,2018-06-11,1.0083014555810057,15.017501524913742
Boyaca,2018-06-12,2.257532638488959,14.896868229708756
Boyaca,2018-06-13,21.76599093570137,14.937928670190002
Boyaca,2018-06-14,5.121942612754409,14.629304463995924
Boyaca,2018-06-15,0.0757303303802693,14.443134612484826
Boyaca,2018-06-16,1.2565894382274925,14.563325582584348
Boyaca,2018-06-17,15.4700169564421,14.744542133569349
Boyaca,2018-06-18,3.5645465664980707,14.201103576183344
Boyaca,2018-06-19,1.2296423480521892,13.924667907464418
Boyaca,2018-06-20,0.2486120278198099,13.988167454872322
Boyaca,2018-06-21,0.8364551249948046,14.237642377303771
Boyaca,2018-06-22,0.912348322702369,14.342907585527144
Boyaca,2018-06-23,16.96215491994803,14.48896361109274
Boyaca,2018-06-24,12.58003852223862,14.607146439885412
Boyaca,2018-06-25,0.5228580040640826,14.463831904961312
Boyaca,2018-06-26,3.504688854395274,14.314767471845052
Boyaca,2018-06-27,3.1802667629057537,14.263103762251646
Boyaca,2018-06-28,0.6417732561755678,14.159307611608549
Boyaca,2018-06-29,0.7197236239302293,14.478751945611863
Boyaca,2018-06-30,18.255754454351145,14.331245637713318
Boyaca,2018-07-01,1.6075337523655535,14.669185209108564
Boyaca,2018-07-02,5.547694827065794,14.469912228831948
Boyaca,2018-07-03,6.7111414702340895,14.033501973056657
Boyaca,2018-07-04,2.286607655575364,14.551561293277148
Boyaca,2018-07-05,12.18727870654931,14.666000485451873
Boyaca,2018-07-06,0.337072961182205,14.395367167115058
Boyaca,2018-07-07,5.212300685071878,14.617536345978406
Boyaca,2018-07-08,4.801241985671988,14.853373861851209
Boyaca,2018-07-09,17.044035660494583,15.12389587115526
Boyaca,2018-07-10,4.575147616621955,14.695341660525893
Boyaca,2018-07-11,1.6407750055320742,14.409324574522673
Boyaca,2018-07-12,1.0037347090663895,14.560973720210844
Boyaca,2018-07-13,2.892097040318465,14.235485149594528
Boyaca,2018-07-14,5.560572740065387,14.436042960869356
Boyaca,2018-07-15,4.726171855765315,14.430181811473933
Boyaca,2018-07-16,1.908320215948466,14.470073813518528
Boyaca,2018-07-17,4.546624625414567,15.083280175117526
Boyaca,2018-07-18,3.600627544087365,15.127658749006107
Boyaca,2018-07-19,0.2937502724259959,14.93355954571517
Boyaca,2018-07-20,1.102355091820898,15.273222252490635
Boyaca,2018-07-21,3.131882749539251,14.676806383509264
Boyaca,2018-07-22,1.6805420739983623,14.89604470221859
Boyaca,2018-07-23,17.80387043726108,15.012014110513135
Boyaca,2018-07-24,8.037146737934693,14.508390551618628
Boyaca,2018-07-25,6.036408937517454,14.865613449272256
Boyaca,2018-07-26,1.301679143672701,14.20720437751241
Boyaca,2018-07-27,1.906074730815344,14.163528936695322
Boyaca,2018-07-28,7.31913172770519,14.320762652829313
Boyaca,2018-07-29,5.818613086818712,14.966880955450224
Boyaca,2018-07-30,5.326986624183387,14.82515240084022
Boyaca,2018-07-31,13.863372465462874,14.434104889247443
Boyaca,2018-08-01,1.020956865714919,14.23674159675964
Boyaca,2018-08-02,0.0,14.451383532280891
Boyaca,2018-08-03,3.111517679896459,14.732853940725825
Boyaca,2018-08-04,1.2759489893853226,14.576812299783056
Boyaca,2018-08-05,18.63293274440158,14.705368920877792
Boyaca,2018-08-06,0.6286313109523575,14.987942908951204
Boyaca,2018-08-07,13.641041634287474,14.675118185426918
Boyaca,2018-08-08,2.300561474624632,14.635751703968692
Boyaca,2018-08-09,0.5409340555399551,14.151519321463148
Boyaca,2018-08-10,0.0,14.11016229206326
Boyaca,2018-08-11,0.0,14.310442242159136
Boyaca,2018-08-12,1.4942864873131922,14.139886087780544
Boyaca,2018-08-13,8.357044869067957,14.763989885064529
Boyaca,2018-08-14,9.353763058193394,14.457173744001826
Boyaca,2018-08-15,5.112006423684163,14.571005249009817
Boyaca,2018-08-16,1.070681971624062,14.3422632198883
Boyaca,2018-08-17,5.099116872947685,14.409709037234228
Boyaca,2018-08-18,5.981985423239361,14.202600394323063
Boyaca,2018-08-19,7.527018503360736,14.66411169202716
Boyaca,2018-08-20,2.263891986577725,14.690487325097122
Boyaca,2018-08-21,5.890588411085627,14.664821672222573
Boyaca,2018-08-22,2.2952859866353927,14.19966097943389
Boyaca,2018-08-23,2.402337882520877,14.399010384353256
Boyaca,2018-08-24,5.987483612280977,14.510878525734569
Boyaca,2018-08-25,1.889981269838877,14.458131357970991
Boyaca,2018-08-26,5.670191191735789,14.652821104780235
Boyaca,2018-08-27,8.9587091320297,14.700297903043102
Boyaca,2018-08-28,0.8489165796452809,14.430400506634037
Boyaca,2018-08-29,0.5508714268741763,14.549388198611965
Boyaca,2018-08-30,9.218108004760746,14.973420625101616
Boyaca,2018-08-31,2.1520234953367456,15.299618956489304
Boyaca,2018-09-01,3.987112286259331,15.57268805896728
Boyaca,2018-09-02,3.959330493983551,15.449566989383715
Boyaca,2018-09-03,11.581851856478584,15.27770222513942
Boyaca,2018-09-04,10.062080743492958,14.623453229217844
Boyaca,2018-09-05,1.9790059769850648,14.437604839673751
Boyaca,2018-09-06,4.527892121915642,14.224257463291796
Boyaca,2018-09-07,6.256380809470327,14.58742597629382
Boyaca,2018-09-08,2.3944670612154013,14.741504261470917
Boyaca,2018-09-09,3.0724521397740427,14.44901643839252
Boyaca,2018-09-10,6.121873157115511,14.554966453883392
Boyaca,2018-09-11,6.132595507486799,15.151279028961694
Boyaca,2018-09-12,2.17128851270812,15.022517504430825
Boyaca,2018-09-13,4.615486723258606,14.805917731829474
Boyaca,2018-09-14,8.782894190855338,14.69430236824612
Boyaca,2018-09-15,11.815616078849116,14.299091632114235
Boyaca,2018-09-16,1.2215130272055592,14.82930084248752
Boyaca,2018-09-17,5.330233002407261,14.924661948563614
Boyaca,2018-09-18,3.2023307791106825,15.256673504537869
Boyaca,2018-09-19,1.4574896580363448,14.925423644066957
Boyaca,2018-09-20,3.3092586270473108,15.2979982579596
Boyaca,2018-09-21,0.0423310357658941,15.222113340803228
Boyaca,2018-09-22,11.20677293794976,15.266964680679552
Boyaca,2018-09-23,1.5934621949390524,14.821934410037551
Boyaca,2018-09-24,10.487748220974089,14.991222802694612
Boyaca,2018-09-25,1.7190978672986383,15.112923543036208
Boyaca,2018-09-26,5.569610391602748,15.362947281641764
Boyaca,2018-09-27,13.602351787539416,15.164530432670766
Boyaca,2018-09-28,2.9828087899205413,15.342498343073704
Boyaca,2018-09-29,2.9565830581308985,15.513009556742102
Boyaca,2018-09-30,4.195529669980342,15.68807352184506
Boyaca,2018-10-01,10.028133142351829,15.463730518611923
Boyaca,2018-10-02,15.63391008344821,15.541690466888738
Boyaca,2018-10-03,0.2898873518018073,15.060570342873246
Boyaca,2018-10-04,9.888446655652457,15.388352848940684
Boyaca,2018-10-05,3.196312177101099,15.1062271044066
Boyaca,2018-10-06,14.869638928264044,14.47504341075729
Boyaca,2018-10-07,1.4263109781249064,14.757667420130318
Boyaca,2018-10-08,6.450865561358018,15.21510764182405
Boyaca,2018-10-09,10.60509758258054,15.096636801610543
Boyaca,2018-10-10,5.15142127751662,14.680284332334482
Boyaca,2018-10-11,26.46560493779373,14.642161020015717
Boyaca,2018-10-12,0.6324216281695167,14.59947225933449
Boyaca,2018-10-13,6.052795928829898,14.45116687961
Boyaca,2018-10-14,3.102483394620813,15.130371769138616
Boyaca,2018-10-15,14.583749552718944,14.829001424434203
Boyaca,2018-10-16,5.440111971106391,14.988462757938706
Boyaca,2018-10-17,11.042359592052438,15.339900432111358
Boyaca,2018-10-18,1.3632520733266302,15.37360212258177
Boyaca,2018-10-19,15.764338850401504,15.18652606836016
Boyaca,2018-10-20,15.765952723491177,15.287069279760589
Boyaca,2018-10-21,5.896166575565768,14.9441214354172
Boyaca,2018-10-22,11.67103352525713,14.639880595959
Boyaca,2018-10-23,9.480464517518756,14.942679834005288
Boyaca,2018-10-24,5.727976484722278,14.95354005831168
Boyaca,2018-10-25,7.986128389298605,15.053166878206806
Boyaca,2018-10-26,5.922313607588541,15.276297515745046
Boyaca,2018-10-27,6.311075640877169,15.47508439076095
Boyaca,2018-10-28,1.778431130688885,15.298891604608489
Boyaca,2018-10-29,6.642011354707216,15.372725313533453
Boyaca,2018-10-30,0.4951454291556825,15.540372113501762
Boyaca,2018-10-31,7.969041654617464,15.32921344554884
Boyaca,2018-11-01,0.6853556955957244,15.43489053703847
Boyaca,2018-11-02,13.08786430182762,14.88564855252034
Boyaca,2018-11-03,2.708200353330832,14.752258310036742
Boyaca,2018-11-04,1.4186008976164066,14.431013235358726
Boyaca,2018-11-05,2.7066479075444696,14.736424747550885
Boyaca,2018-11-06,0.7660363076220339,14.75712114011536
Boyaca,2018-11-07,5.22411736570851,14.781451899336425
Boyaca,2018-11-08,0.8805274086429119,15.481345361047186
Boyaca,2018-11-09,27.09570026346969,15.05305151789523
Boyaca,2018-11-10,3.60353910038334,15.381807538177393
Boyaca,2018-11-11,2.6945528249820443,15.081038165717102
Boyaca,2018-11-12,4.281468381931444,15.364734189783723
Boyaca,2018-11-13,7.683555627786843,15.398502437718872
Boyaca,2018-11-14,0.2035740940195542,15.4252713271411
Boyaca,2018-11-15,0.2990524847872473,15.662788636335067
Boyaca,2018-11-16,3.0278701604459184,15.900102084322931
Boyaca,2018-11-17,7.684154096994655,15.73126739578791
Boyaca,2018-11-18,6.2213757079071845,15.417912164530977
Boyaca,2018-11-19,4.119657969688269,15.599212575079315
Boyaca,2018-11-20,4.73339085981438,15.65250580199832
Boyaca,2018-11-21,1.6144617296367152,15.950286484243168
Boyaca,2018-11-22,7.066363254759708,15.35869722581316
Boyaca,2018-11-23,2.9149885822077266,15.51640173769836
Boyaca,2018-11-24,3.858996467815037,15.557477044944749
Boyaca,2018-11-25,4.821058936930883,15.297226000298709
Boyaca,2018-11-26,2.943516321084753,15.57339874084114
Boyaca,2018-11-27,4.232841600598589,15.366177708592636
Boyaca,2018-11-28,2.0152345740597597,14.989798622731549
Boyaca,2018-11-29,2.2477358932131213,15.321539164172258
Boyaca,2018-11-30,1.0892594060783023,15.37623630201454
Boyaca,2018-12-01,0.2667789120029338,14.647462698388251
Boyaca,2018-12-02,0.0,14.694206171993129
Boyaca,2018-12-03,0.0,14.665767434627442
Boyaca,2018-12-04,0.0,14.927233169154311
Boyaca,2018-12-05,0.4891639336673409,14.551076005764074
Boyaca,2018-12-06,0.6045375624114372,14.364973112012777
Boyaca,2018-12-07,0.0,14.678428046137636
Boyaca,2018-12-08,0.1016835667319466,14.694880443351964
Boyaca,2018-12-09,0.0747837779004203,14.798640752615425
Boyaca,2018-12-10,0.0,15.004864531496793
Boyaca,2018-12-11,1.8940808934337776,14.604374004848427
Boyaca,2018-12-12,0.8172902284011067,14.979706618615264
Boyaca,2018-12-13,6.712409374079741,14.930084818868885
Boyaca,2018-12-14,4.219934581446801,14.87901227832318
Boyaca,2018-12-15,0.7048039247078001,15.047738640215195
Boyaca,2018-12-16,1.6057590871805465,14.55709617142269
Boyaca,2018-12-17,0.1312784901148218,15.012071595853168
Boyaca,2018-12-18,1.1367013718183951,14.833319204844708
Boyaca,2018-12-19,0.4503762213712932,15.19526558880724
Boyaca,2018-12-20,1.8761178176466973,14.89824159974437
Boyaca,2018-12-21,7.344325216221192,15.309400250758545
Boyaca,2018-12-22,1.799417097625338,14.8876802174519
Boyaca,2018-12-23,0.0594100440036538,15.040892555754448
Boyaca,2018-12-24,0.0987228379614647,14.974688414712562
Boyaca,2018-12-25,0.0409176114608039,15.371305846539116
Boyaca,2018-12-26,0.63103933642484,15.259143144100172
Boyaca,2018-12-27,1.3273153773381174,14.975239154299066
Boyaca,2018-12-28,0.0,14.34638176572731
Boyaca,2018-12-29,0.3931879053858385,14.69512007751293
Boyaca,2018-12-30,0.2922820912582848,14.7523997220661
Boyaca,2018-12-31,0.1941055417430946,14.77407509845098
Boyaca,2019-01-01,0.0,14.51738947161648
Boyaca,2019-01-02,0.0,14.536973195748832
Boyaca,2019-01-03,1.7098514204663693,14.271217731407102
Boyaca,2019-01-04,0.2188444497066284,14.879206909569634
Boyaca,2019-01-05,0.5044709181990484,15.603149745960197
Boyaca,2019-01-06,1.3959863036068276,15.901397673251417
Boyaca,2019-01-07,8.590737004312984,15.52689593022938
Boyaca,2019-01-08,1.7599376399386972,15.137516301675348
Boyaca,2019-01-09,0.0594800643889722,14.717230629265636
Boyaca,2019-01-10,1.1852351584404706,14.461472491598064
Boyaca,2019-01-11,0.0253174950591317,14.417740578756227
Boyaca,2019-01-12,0.365164062196602,14.381794551008204
Boyaca,2019-01-13,0.11100095874939,14.356871439968645
Boyaca,2019-01-14,0.3393753823287355,14.57669185970233
Boyaca,2019-01-15,1.1118300363487006,14.857638577598424
Boyaca,2019-01-16,3.908456772356285,15.143283915932448
Boyaca,2019-01-17,1.8591822948746592,15.417188277225977
Boyaca,2019-01-18,0.1684078358815657,15.560484756080417
Boyaca,2019-01-19,0.3129937667069534,15.344187036056413
Boyaca,2019-01-20,0.2221932064654076,15.205820364590348
Boyaca,2019-01-21,0.0505615197600951,15.56333989409043
Boyaca,2019-01-22,0.0,15.573370768308498
Boyaca,2019-01-23,0.0,15.032291304104357
Boyaca,2019-01-24,0.0,15.324615621066108
Boyaca,2019-01-25,0.4976397992979419,15.82405747178254
Boyaca,2019-01-26,0.4995869867424907,16.24147011273244
Boyaca,2019-01-27,0.3635682730738174,16.31151695344433
Boyaca,2019-01-28,14.177982099985694,15.624076292199804
Boyaca,2019-01-29,0.9737738217220844,15.510819097705651
Boyaca,2019-01-30,0.0,15.830756056392929
Boyaca,2019-01-31,0.0070223687505775,16.016251266805448
Boyaca,2019-02-01,0.0,16.208746388255662
Boyaca,2019-02-02,0.9559238447631836,16.034346547550776
Boyaca,2019-02-03,0.00094015145655736,16.00101696088642
Boyaca,2019-02-04,0.1553515215748269,15.993004927529112
Boyaca,2019-02-05,5.390714665374464,16.18846178660794
Boyaca,2019-02-06,7.256336713411723,15.888909051228913
Boyaca,2019-02-07,1.5995086197327315,15.388821299247091
Boyaca,2019-02-08,2.9765318869304247,15.476015037241623
Boyaca,2019-02-09,2.561817695604422,15.771089939458852
Boyaca,2019-02-10,0.8100099740655238,15.87396063330751
Boyaca,2019-02-11,0.0270394043909385,15.874377704140942
Boyaca,2019-02-12,1.1500020934722792,16.29595858446055
Boyaca,2019-02-13,0.3360780739848947,16.50758948153001
Boyaca,2019-02-14,3.553297753851248,16.489760751098487
Boyaca,2019-02-15,0.0295196810787879,16.66497129864052
Boyaca,2019-02-16,0.0861052980700029,16.535872983151563
Boyaca,2019-02-17,1.701199849070803,15.838505412373374
Boyaca,2019-02-18,4.955837579028692,15.795603154626132
Boyaca,2019-02-19,3.5912886659263457,15.851531576890736
Boyaca,2019-02-20,8.191467260388182,15.759538267607509
Boyaca,2019-02-21,2.694984905346674,15.763539728639726
Boyaca,2019-02-22,1.0083105792153788,16.0698623540611
Boyaca,2019-02-23,6.503296080567571,15.789395946170092
Boyaca,2019-02-24,9.108987450006548,15.650355629694904
Boyaca,2019-02-25,0.2084419426839011,15.518844646558762
Boyaca,2019-02-26,0.0130725804581699,15.500864596657934
Boyaca,2019-02-27,0.5658498731773786,15.004986029256088
Boyaca,2019-02-28,0.0,15.24858048484179
Boyaca,2019-03-01,0.0866581851643232,15.60244806737617
Boyaca,2019-03-02,2.7533708946098687,15.583238955524685
Boyaca,2019-03-03,1.236736792382468,15.504879527318794
Boyaca,2019-03-04,2.9944744302320103,15.93686048017372
Boyaca,2019-03-05,8.434838861292288,15.9168677806564
Boyaca,2019-03-06,2.1684307616137093,16.10498751235757
Boyaca,2019-03-07,1.631812916114645,15.948016474352372
Boyaca,2019-03-08,1.8295042353056736,15.741445268325394
Boyaca,2019-03-09,0.3965587498603073,15.737762922243204
Boyaca,2019-03-10,4.308038457683389,15.477684018767713
Boyaca,2019-03-11,5.042275493339791,15.434251898025414
Boyaca,2019-03-12,5.580400862921947,15.662904970041753
Boyaca,2019-03-13,0.1451289104293545,15.93623800683408
Boyaca,2019-03-14,14.658981063115554,15.86296006722791
Boyaca,2019-03-15,2.1851378500576777,15.65771346167933
Boyaca,2019-03-16,3.8091984585971055,15.969288792282262
Boyaca,2019-03-17,3.642559929094578,16.008257833292955
Boyaca,2019-03-18,2.9722488982836333,15.885813741913324
Boyaca,2019-03-19,10.084818039476236,15.368258630804334
Boyaca,2019-03-20,0.2682234172506049,15.424825991072892
Boyaca,2019-03-21,3.3604153218843456,15.233501191825033
Boyaca,2019-03-22,0.7451639733557556,15.443758203519966
Boyaca,2019-03-23,4.562203473502454,15.43223721104638
Boyaca,2019-03-24,2.203177726244504,15.487318606325918
Boyaca,2019-03-25,3.08420665889416,15.594825047489357
Boyaca,2019-03-26,5.015522727450288,15.88569164931664
Boyaca,2019-03-27,0.3126108157452875,16.007013470992508
Boyaca,2019-03-28,2.3302237123546305,16.219431919920538
Boyaca,2019-03-29,17.735255248830228,15.412234679486229
Boyaca,2019-03-30,9.789891932815443,15.422870080071116
Boyaca,2019-03-31,6.520368025007696,16.12198543958043
Boyaca,2019-04-01,9.31664320205215,15.861137227065722
Boyaca,2019-04-02,13.400283501469431,15.662956796975696
Boyaca,2019-04-03,0.00039844723917199847,15.468591307568447
Boyaca,2019-04-04,1.0410061621603213,15.638680322169533
Boyaca,2019-04-05,0.9897570909895568,15.884302766137797
Boyaca,2019-04-06,2.766419134633048,16.131133044933662
Boyaca,2019-04-07,0.2951920533217981,16.035223871937987
Boyaca,2019-04-08,5.138608501896351,16.020439079620193
Boyaca,2019-04-09,4.3051442118002585,15.776148152772652
Boyaca,2019-04-10,5.806409688468013,15.585112819364753
Boyaca,2019-04-11,3.908504439545353,15.471855463207692
Boyaca,2019-04-12,5.232108742515827,16.14297478450304
Boyaca,2019-04-13,7.889187472307,16.16544531582381
Boyaca,2019-04-14,4.461129161502397,16.10090134885928
Boyaca,2019-04-15,11.410430160652448,15.92764085554267
Boyaca,2019-04-16,10.411126404136729,15.79243155075003
Boyaca,2019-04-17,8.684229749700453,15.7993825382919
Boyaca,2019-04-18,17.692895049591776,15.09790386302078
Boyaca,2019-04-19,7.013436340975413,15.094696839182268
Boyaca,2019-04-20,7.26092659266079,15.428884788086409
Boyaca,2019-04-21,10.439286372691395,15.3933472587324
Boyaca,2019-04-22,12.825000260940843,14.783441518451315
Boyaca,2019-04-23,5.324441593679423,14.987781868381562
Boyaca,2019-04-24,8.835321935609484,14.944330049101998
Boyaca,2019-04-25,6.236622813550002,15.43811410298911
Boyaca,2019-04-26,8.037594683049536,15.3210102874917
Boyaca,2019-04-27,2.2352874733213834,15.642929350259632
Boyaca,2019-04-28,6.7493889819777175,15.586969715984257
Boyaca,2019-04-29,0.9167154062205553,15.698286799785082
Boyaca,2019-04-30,0.0837077767685049,15.803310812518951
Boyaca,2019-05-01,0.2957866383197399,15.925198239999592
Boyaca,2019-05-02,0.0681134815513904,15.926471961784
Boyaca,2019-05-03,0.9903313375991388,15.787651241064498
Boyaca,2019-05-04,6.546333240173021,16.059068213783004
Boyaca,2019-05-05,5.280134056188876,16.19825709455439
Boyaca,2019-05-06,16.18191580468311,15.997781978459995
Boyaca,2019-05-07,1.0586747971528692,16.32635955292408
Boyaca,2019-05-08,17.891423716524134,15.70870602968004
Boyaca,2019-05-09,8.002367181075318,15.195776167914971
Boyaca,2019-05-10,13.299906570163673,15.531504754760768
Boyaca,2019-05-11,1.527896009870568,15.808746193549286
Boyaca,2019-05-12,1.2163103571874472,15.682704197295395
Boyaca,2019-05-13,10.889238075464148,15.730195585753377
Boyaca,2019-05-14,14.706447007401785,15.2924664771109
Boyaca,2019-05-15,4.252394279223894,15.176912552414208
Boyaca,2019-05-16,4.650306113970221,15.2092175741852
Boyaca,2019-05-17,10.0542460690449,15.219904256903488
Boyaca,2019-05-18,1.609064130616123,15.364847622171368
Boyaca,2019-05-19,6.807962716595115,15.01338498055014
Boyaca,2019-05-20,5.344511578407693,15.341477152183904
Boyaca,2019-05-21,2.9361895699069485,15.56981031522231
Boyaca,2019-05-22,3.1512473910339884,15.499044137075764
Boyaca,2019-05-23,12.221916066165964,15.08164518969004
Boyaca,2019-05-24,22.354941132854755,15.33444265000514
Boyaca,2019-05-25,6.005085129814864,14.960333451608532
Boyaca,2019-05-26,6.026701736472993,15.40900384308052
Boyaca,2019-05-27,15.939120167004605,15.34379322232602
Boyaca,2019-05-28,3.3445305386993605,15.253587915023909
Boyaca,2019-05-29,4.691229122065365,15.111664967867966
Boyaca,2019-05-30,13.640969780480726,15.221951473052783
Boyaca,2019-05-31,14.305922534763928,15.378127975362736
Boyaca,2019-06-01,8.61002458714467,14.95060000743457
Boyaca,2019-06-02,0.0204131071654495,15.307379794636038
Boyaca,2019-06-03,12.756000517256584,15.12302165841972
Boyaca,2019-06-04,4.487020156394324,15.394705594187968
Boyaca,2019-06-05,9.24777075384157,15.341354805027976
Boyaca,2019-06-06,3.018651537137933,14.80592193848235
Boyaca,2019-06-07,10.416722431029534,14.98909711052699
Boyaca,2019-06-08,0.820745860859602,14.994961259606333
Boyaca,2019-06-09,1.256479405052049,15.275364299132072
Boyaca,2019-06-10,11.598604128299622,14.980207936934605
Boyaca,2019-06-11,9.677305795598825,15.177450200793077
Boyaca,2019-06-12,4.846353252410564,15.054957906462414
Boyaca,2019-06-13,1.8428568978168505,15.305351634200417
Boyaca,2019-06-14,5.2231485050350415,15.639107249927504
Boyaca,2019-06-15,2.6329723144408668,15.798650086613492
Boyaca,2019-06-16,12.690338661875442,15.37528011122562
Boyaca,2019-06-17,0.6267853801352125,15.25837360921141
Boyaca,2019-06-18,0.3939577894663459,15.367078642938663
Boyaca,2019-06-19,6.278944042174165,15.09535572583957
Boyaca,2019-06-20,1.5135638985548954,14.681198643617874
Boyaca,2019-06-21,5.582200870886608,14.592086859487337
Boyaca,2019-06-22,6.600039555876195,15.055466104238215
Boyaca,2019-06-23,0.8840571291166592,15.244328487623068
Boyaca,2019-06-24,1.005429667184054,14.680975267889956
Boyaca,2019-06-25,2.459250507906225,14.996075633530658
Boyaca,2019-06-26,0.4788933572734264,15.534163278710247
Boyaca,2019-06-27,3.7434762807168447,15.563710071202973
Boyaca,2019-06-28,0.7041552641115629,15.537310353712424
Boyaca,2019-06-29,0.1442365326121222,15.044160798217804
Boyaca,2019-06-30,5.774165009863067,15.17038674673953
Boyaca,2019-07-01,10.34961242741516,14.59129343752292
Boyaca,2019-07-02,0.1699836707337229,14.702396062483158
Boyaca,2019-07-03,0.8734294069166756,15.208912460813329
Boyaca,2019-07-04,0.7101365515075386,15.59121297575118
Boyaca,2019-07-05,14.90996319646728,15.29150439953717
Boyaca,2019-07-06,3.63603607769482,15.210388956458583
Boyaca,2019-07-07,0.7238445062720468,15.079099194388265
Boyaca,2019-07-08,0.3798653022201738,14.597636144085987
Boyaca,2019-07-09,12.493953222392118,14.04447808907728
Boyaca,2019-07-10,0.0,14.11803484616846
Boyaca,2019-07-11,0.5873356177141276,15.13091036726132
Boyaca,2019-07-12,2.8339481461791496,14.98020922709329
Boyaca,2019-07-13,1.0687221346474425,14.571914675203043
Boyaca,2019-07-14,1.31796590675048,14.829858296723202
Boyaca,2019-07-15,7.728609812206247,15.018257327343504
Boyaca,2019-07-16,5.713039783081914,14.9318449351983
Boyaca,2019-07-17,0.2792226436807851,14.885805260387922
Boyaca,2019-07-18,1.9617741385915133,14.787038356692303
Boyaca,2019-07-19,7.892912692075703,14.666034580940703
Boyaca,2019-07-20,10.150386105740491,14.706734091358172
Boyaca,2019-07-21,9.390362585162968,14.989863003250017
Boyaca,2019-07-22,3.060599726766214,14.845355603686656
Boyaca,2019-07-23,8.076694691049203,14.953642618613886
Boyaca,2019-07-24,1.9274664518123024,14.378626125021157
Boyaca,2019-07-25,0.0594697024294398,14.819872923327674
Boyaca,2019-07-26,6.546014134007009,14.510305837591543
Boyaca,2019-07-27,2.758728011518581,14.535266012770034
Boyaca,2019-07-28,6.588348958044025,14.99530598311958
Boyaca,2019-07-29,0.8196298463447078,15.042800113352794
Boyaca,2019-07-30,1.5399415819300282,15.198158964020353
Boyaca,2019-07-31,1.8509776401632028,15.076510750240477
Boyaca,2019-08-01,1.2485103464128062,15.12298770757304
Boyaca,2019-08-02,1.8521170861502223,15.204732741259653
Boyaca,2019-08-03,12.47842642105481,14.660036607939276
Boyaca,2019-08-04,4.585630962596119,14.320602830097291
Boyaca,2019-08-05,0.6115820956684079,14.473578709803808
Boyaca,2019-08-06,0.0765464974509007,14.244187005596784
Boyaca,2019-08-07,0.3078689765793413,14.411159752468228
Boyaca,2019-08-08,1.325260908575777,14.929651803973451
Boyaca,2019-08-09,0.0881655814886005,14.695397287597176
Boyaca,2019-08-10,2.7521720138779058,14.930558524552024
Boyaca,2019-08-11,13.152436910273044,15.294943507708966
Boyaca,2019-08-12,1.2022410318457022,14.976595488484309
Boyaca,2019-08-13,4.169310475271112,15.176028141997485
Boyaca,2019-08-14,6.723936961356629,14.752867657238664
Boyaca,2019-08-15,0.4219559787303202,14.187863754714348
Boyaca,2019-08-16,0.4458226415543256,14.373109869483123
Boyaca,2019-08-17,0.3426637190252677,14.109385333942877
Boyaca,2019-08-18,0.8374362016489859,14.698320572768404
Boyaca,2019-08-19,20.117666606987587,14.777046850839062
Boyaca,2019-08-20,2.110263237154079,14.905480314822896
Boyaca,2019-08-21,6.171180932491502,14.606363821650042
Boyaca,2019-08-22,1.1129795133986655,14.564499145905389
Boyaca,2019-08-23,4.953817327461075,14.72625894237883
Boyaca,2019-08-24,0.5470239856214556,14.561982321013796
Boyaca,2019-08-25,3.01830448421205,14.65282921506205
Boyaca,2019-08-26,0.0660366516490923,14.790620899559343
Boyaca,2019-08-27,1.1780496723479637,14.99386696612647
Boyaca,2019-08-28,18.493654382518564,15.065937173713069
Boyaca,2019-08-29,0.4353403912116453,14.84649454134666
Boyaca,2019-08-30,0.0,14.66586890191081
Boyaca,2019-08-31,3.77635037139223,14.971923837927337
Boyaca,2019-09-01,2.711057242402352,15.3915268245788
Boyaca,2019-09-02,2.8180804976178546,15.229170241323644
Boyaca,2019-09-03,2.1194290088686425,15.660637607731024
Boyaca,2019-09-04,7.289741207416784,15.64642164203488
Boyaca,2019-09-05,4.965702158169956,15.23440475016821
Boyaca,2019-09-06,2.540406668584835,16.053807519378836
Boyaca,2019-09-07,0.8209658508860774,15.564165547738051
Boyaca,2019-09-08,2.943208158298065,15.301023226967242
Boyaca,2019-09-09,7.710529494820013,15.430882857966324
Boyaca,2019-09-10,0.0739684890228214,15.973013206602008
Boyaca,2019-09-11,5.258892226827136,16.31909523488752
Boyaca,2019-09-12,1.3393991114196773,16.03484200964062
Boyaca,2019-09-13,7.738397636679724,15.93307110539983
Boyaca,2019-09-14,1.5752340184380738,15.948167668661062
Boyaca,2019-09-15,1.0458190742304287,15.598895621627044
Boyaca,2019-09-16,5.25771688848809,15.77402946248784
Boyaca,2019-09-17,8.954817452288173,15.991562284297332
Boyaca,2019-09-18,4.704510277709688,15.276842104007448
Boyaca,2019-09-19,15.573882922426622,15.253645118667196
Boyaca,2019-09-20,10.5450789517314,15.104334315345245
Boyaca,2019-09-21,12.248116720327635,15.17782247487492
Boyaca,2019-09-22,2.595193838591816,15.151551935942202
Boyaca,2019-09-23,8.690750420685443,15.042275502590089
Boyaca,2019-09-24,3.4840187142585126,15.215278000601446
Boyaca,2019-09-25,8.888375009682568,15.174483387359976
Boyaca,2019-09-26,5.395084827700857,15.08660047036436
Boyaca,2019-09-27,1.2494308718740317,15.207793629709938
Boyaca,2019-09-28,6.038751863509038,15.75905606194272
Boyaca,2019-09-29,5.161203434946577,15.00723268620814
Boyaca,2019-09-30,6.049341683140778,15.006587578423863
Boyaca,2019-10-01,2.1047448545462744,15.223862887524296
Boyaca,2019-10-02,0.2146664596078447,15.31631815633192
Boyaca,2019-10-03,28.896622881167698,14.499200111205727
Boyaca,2019-10-04,1.222528751998205,14.764855861810815
Boyaca,2019-10-05,2.4945608105266457,15.26686984738481
Boyaca,2019-10-06,3.3672616355220097,14.948002369077557
Boyaca,2019-10-07,4.226120377522931,15.091143179081696
Boyaca,2019-10-08,10.72118440145671,14.997395713395234
Boyaca,2019-10-09,2.7745642890170483,15.218792221246533
Boyaca,2019-10-10,5.742992159840538,14.562572621730158
Boyaca,2019-10-11,7.213538844845025,14.470041054260625
Boyaca,2019-10-12,8.672277847345764,14.50712287192476
Boyaca,2019-10-13,2.9645751850844406,14.761931942975783
Boyaca,2019-10-14,3.376668598556645,14.768411653469018
Boyaca,2019-10-15,1.7253074814701097,14.868514549920636
Boyaca,2019-10-16,4.527874457791548,14.71723902295306
Boyaca,2019-10-17,1.8595447438434,15.06524816485108
Boyaca,2019-10-18,12.767636090524404,14.727754521217024
Boyaca,2019-10-19,9.08495812549666,14.55730406586146
Boyaca,2019-10-20,2.504326927004551,14.736904274191646
Boyaca,2019-10-21,7.783531755862151,14.838117926053204
Boyaca,2019-10-22,7.033765653773676,14.257955300375208
Boyaca,2019-10-23,4.305347690435122,14.452169933359457
Boyaca,2019-10-24,8.8421521154807,14.836630241490598
Boyaca,2019-10-25,10.832072277347082,14.762466688395078
Boyaca,2019-10-26,4.342226302681592,15.07421840674153
Boyaca,2019-10-27,3.9137545774149567,14.936748145658228
Boyaca,2019-10-28,1.7616089864804896,15.149182677206648
Boyaca,2019-10-29,1.5234924425010288,15.286984864596452
Boyaca,2019-10-30,3.4779246617446367,15.342151885905423
Boyaca,2019-10-31,7.958551901590675,15.544474119484398
Boyaca,2019-11-01,3.683161392100861,15.464516785506856
Boyaca,2019-11-02,3.3702579970536317,14.599210573057062
Boyaca,2019-11-03,3.162496762689736,14.976864051210503
Boyaca,2019-11-04,12.1480049368565,15.475954023549296
Boyaca,2019-11-05,3.436246829035178,15.769308790890442
Boyaca,2019-11-06,3.417059687414651,15.621014919717837
Boyaca,2019-11-07,7.163801166595484,15.664260439791953
Boyaca,2019-11-08,2.6038734994881114,15.78931770304206
Boyaca,2019-11-09,14.091369171494105,15.5387345642308
Boyaca,2019-11-10,6.441857482839555,15.193751028558786
Boyaca,2019-11-11,12.055714871327984,15.074886921056008
Boyaca,2019-11-12,8.28319060927336,15.132912291348514
Boyaca,2019-11-13,7.8602958092254385,15.077855411476667
Boyaca,2019-11-14,7.608272886120241,15.0126343278865
Boyaca,2019-11-15,4.425233971779738,14.749435380400415
Boyaca,2019-11-16,6.913808919864687,14.938658321648468
Boyaca,2019-11-17,0.001729203778332,15.118921798349534
Boyaca,2019-11-18,0.4255602984543307,15.202928982513136
Boyaca,2019-11-19,1.1351491674285143,15.067042027436484
Boyaca,2019-11-20,0.9412874679563176,14.734763429255755
Boyaca,2019-11-21,11.10765877619127,14.635736773016912
Boyaca,2019-11-22,7.121498463560106,14.499223713713706
Boyaca,2019-11-23,5.920773172852552,14.643122259540013
Boyaca,2019-11-24,0.4933668037298906,14.796813913398754
Boyaca,2019-11-25,0.1586919398437995,15.752821804790797
Boyaca,2019-11-26,1.1387069399757626,15.705715683189055
Boyaca,2019-11-27,0.629065647501318,15.690415859437769
Boyaca,2019-11-28,3.2164421648214803,15.921565158374966
Boyaca,2019-11-29,1.1190129082754574,15.392798019705603
Boyaca,2019-11-30,0.923198928159095,15.342694479869868
Boyaca,2019-12-01,0.0,15.9603210063689
Boyaca,2019-12-02,0.0091024440558089,15.180363714690312
Boyaca,2019-12-03,2.957672756086069,15.070894149831163
Boyaca,2019-12-04,1.7738967429952377,15.4290737331057
Boyaca,2019-12-05,2.023459089474388,15.462867375921997
Boyaca,2019-12-06,0.0,15.498630814770577
Boyaca,2019-12-07,2.641350043181982,15.372940746999571
Boyaca,2019-12-08,2.313927629955594,14.816413623495542
Boyaca,2019-12-09,0.5615543286910875,15.162331822953869
Boyaca,2019-12-10,0.1275287452823086,15.495403404387623
Boyaca,2019-12-11,1.1058703597289297,15.335842723468453
Boyaca,2019-12-12,0.2032309249561228,15.003058850089818
Boyaca,2019-12-13,0.4609804660249754,14.99687035488188
Boyaca,2019-12-14,0.4756662663162881,15.072479419580455
Boyaca,2019-12-15,7.042623803229698,14.813495516253289
Boyaca,2019-12-16,0.8582141559295756,15.230575968818272
Boyaca,2019-12-17,2.697094631434527,15.365403990428929
Boyaca,2019-12-18,2.0958655375174358,15.203681124457662
Boyaca,2019-12-19,0.1042030610346648,15.530471682503286
Boyaca,2019-12-20,2.160272915627818,15.521607855805856
Boyaca,2019-12-21,4.660979965455764,15.12692122685504
Boyaca,2019-12-22,0.8896911058424335,15.268439086874723
Boyaca,2019-12-23,0.6601943345494196,15.33143570931446
Boyaca,2019-12-24,1.514065238766149,15.401480896963507
Boyaca,2019-12-25,6.701914082746167,15.782506063508029
Boyaca,2019-12-26,18.140277223857105,15.784662512911314
Boyaca,2019-12-27,4.577520121778184,15.74842880369881
Boyaca,2019-12-28,1.1794665999389795,16.010924875065097
Boyaca,2019-12-29,1.1587876224173224,16.06392441342753
Boyaca,2019-12-30,4.956601791729332,15.791175339072714
Boyaca,2019-12-31,4.086073264705737,15.268990371535155
Boyaca,2020-01-01,0.1608953492692135,15.156581621327634
Boyaca,2020-01-02,0.2032071441268592,15.499817220276867
Boyaca,2020-01-03,0.0,15.086229930962888
Boyaca,2020-01-04,0.0,15.094416303012297
Boyaca,2020-01-05,0.0984309261907622,14.59242681404796
Boyaca,2020-01-06,0.1772860061858133,14.602599429773235
Boyaca,2020-01-07,0.0578707562347223,15.063834951783791
Boyaca,2020-01-08,0.0,15.086548021592238
Boyaca,2020-01-09,0.0764061460208136,14.719671521270431
Boyaca,2020-01-10,0.2008897255096806,14.4971540391375
Boyaca,2020-01-11,0.0,13.588274763182731
Boyaca,2020-01-12,0.1579660333871028,14.410132182832603
Boyaca,2020-01-13,0.0,14.95264742332129
Boyaca,2020-01-14,0.0059930161036885,15.405592044384262
Boyaca,2020-01-15,0.0377728044190166,14.95302159142225
Boyaca,2020-01-16,0.0,15.01015065885665
Boyaca,2020-01-17,0.334924638072805,15.271384754050375
Boyaca,2020-01-18,0.0,15.681492096413216
Boyaca,2020-01-19,0.0505241288318804,15.120431200424042
Boyaca,2020-01-20,11.370188506908422,15.408402166423688
Boyaca,2020-01-21,5.94206686009285,15.622720754093214
Boyaca,2020-01-22,8.74421730159738,15.053252914648036
Boyaca,2020-01-23,1.2269681921091131,14.958104568345858
Boyaca,2020-01-24,2.219093568283916,15.509762467713609
Boyaca,2020-01-25,4.155646885579599,16.016981314662676
Boyaca,2020-01-26,0.0986172402491817,15.807671528199585
Boyaca,2020-01-27,0.223404170722327,15.568341845096924
Boyaca,2020-01-28,0.0,15.577730530280638
Boyaca,2020-01-29,0.0,15.20921710860976
Boyaca,2020-01-30,0.0379697825496019,15.641387892998134
Boyaca,2020-01-31,0.0583599896933708,15.843225657905366
Boyaca,2020-02-01,2.782920366566336,15.908555370547264
Boyaca,2020-02-02,2.165986356254256,15.963051831908135
Boyaca,2020-02-03,0.0866669976567647,16.30459953497867
Boyaca,2020-02-04,0.0,15.81113498991113
Boyaca,2020-02-05,0.0,15.441896216330992
Boyaca,2020-02-06,0.0,14.814181311270772
Boyaca,2020-02-07,7.939918088581597e-05,14.770326927889704
Boyaca,2020-02-08,0.5259549859332934,15.403017329346037
Boyaca,2020-02-09,0.407663126396032,15.747282235892351
Boyaca,2020-02-10,1.090393635614799,15.488883659601523
Boyaca,2020-02-11,0.0,15.756816986740798
Boyaca,2020-02-12,0.0,15.851511299989976
Boyaca,2020-02-13,0.0163054392964163,16.0832267069464
Boyaca,2020-02-14,2.6299518169472558,16.14496412561247
Boyaca,2020-02-15,2.9761164052957803,16.13407537501823
Boyaca,2020-02-16,0.0771429012887812,15.914316371527716
Boyaca,2020-02-17,0.2793852402743425,16.118121172645914
Boyaca,2020-02-18,0.0049230885819888,16.007710607840618
Boyaca,2020-02-19,2.5885871557784697,15.766896316145024
Boyaca,2020-02-20,10.983141895517637,16.583925890316763
Boyaca,2020-02-21,0.2869624220460716,16.42722838201891
Boyaca,2020-02-22,8.503868061817082,15.829149273312336
Boyaca,2020-02-23,1.889232601304848,15.468944494766074
Boyaca,2020-02-24,0.3099116099410664,15.661437908741773
Boyaca,2020-02-25,6.643536888532006,16.19366487748386
Boyaca,2020-02-26,1.8593696454592976,16.15329561870948
Boyaca,2020-02-27,6.52931371729862e-05,15.73824027808978
Boyaca,2020-02-28,0.0057208307666151,15.875452273244838
Boyaca,2020-02-29,0.0625369898695181,16.568365343361375
Boyaca,2020-03-01,0.0225548385652234,16.173637702347776
Boyaca,2020-03-02,1.5794474263856464,16.424933064333
Boyaca,2020-03-03,5.182667582025579,16.698057824369226
Boyaca,2020-03-04,3.451321991045396,16.98903665496465
Boyaca,2020-03-05,0.0,16.335316697933365
Boyaca,2020-03-06,0.1342925304835935,16.452230957715404
Boyaca,2020-03-07,0.4961443735318993,16.42764333011271
Boyaca,2020-03-08,2.333647223041268,16.339581116056813
Boyaca,2020-03-09,4.9378724045240565,15.8878036975468
Boyaca,2020-03-10,7.147507090660259,15.523335479604013
Boyaca,2020-03-11,10.510418685224284,15.809538565696108
Boyaca,2020-03-12,0.8272080751566165,16.255468583811947
Boyaca,2020-03-13,18.64141217581589,16.233680935320976
Boyaca,2020-03-14,3.54102270739894,15.90147624647255
Boyaca,2020-03-15,0.7284539439584665,15.765937117879558
Boyaca,2020-03-16,0.623373585269808,15.586118661781898
Boyaca,2020-03-17,0.0,16.202050773252335
Boyaca,2020-03-18,0.0,15.963822469590705
Boyaca,2020-03-19,1.5005252642586973,15.827975704932914
Boyaca,2020-03-20,0.6624703765359091,15.553744921048413
Boyaca,2020-03-21,0.0,14.767653528015384
Boyaca,2020-03-22,0.0,14.995291508173365
Boyaca,2020-03-23,1.4939474936275532,15.433136308177442
Boyaca,2020-03-24,0.2144925138257122,15.5803960589155
Boyaca,2020-03-25,0.0500961555952872,15.731826800094952
Boyaca,2020-03-26,10.35315291725877,16.03557030456633
Boyaca,2020-03-27,1.2029160048313712,16.157411709391642
Boyaca,2020-03-28,0.0,16.407827889336147
Boyaca,2020-03-29,0.0,16.39285427230633
Boyaca,2020-03-30,0.1413555107813161,15.981276218069953
Boyaca,2020-03-31,1.0913739796360102,15.988270952682536
Boyaca,2020-04-01,11.999621226646504,15.63149358905724
Boyaca,2020-04-02,12.62575964345892,15.645613268816824
Boyaca,2020-04-03,0.0164545223192241,16.462968157317235
Boyaca,2020-04-04,0.7409650414668641,16.64422514275349
Boyaca,2020-04-05,8.397913693506727,16.60936198442194
Boyaca,2020-04-06,9.4963655957482,16.830201288290347
Boyaca,2020-04-07,12.66099703787282,16.527006464305664
Boyaca,2020-04-08,4.986655514701854,16.6178296369058
Boyaca,2020-04-09,11.234301244860475,16.614046757835524
Boyaca,2020-04-10,2.699922133763005,16.486603920886065
Boyaca,2020-04-11,11.711094727189078,15.802945514822946
Boyaca,2020-04-12,5.120266655031468,16.18620495152461
Boyaca,2020-04-13,0.5002965129413438,16.171409944368165
Boyaca,2020-04-14,1.4405347968487037,15.894266538500757
Boyaca,2020-04-15,1.177601911510222,15.597769314999356
Boyaca,2020-04-16,0.2627711192872053,15.208548256819736
Boyaca,2020-04-17,0.3041723691381374,14.894812825693132
Boyaca,2020-04-18,1.9768042445300444,15.054486273071875
Boyaca,2020-04-19,3.716994422116098,15.01929839565924
Boyaca,2020-04-20,4.263315807467176,15.448460744470855
Boyaca,2020-04-21,5.502308687209508,15.282731159766533
Boyaca,2020-04-22,6.598311311715119,15.119441053183216
Boyaca,2020-04-23,11.85554650622722,15.62575194353328
Boyaca,2020-04-24,3.6246283137573823,15.793811112918537
Boyaca,2020-04-25,0.1725763333873669,15.764514588381784
Boyaca,2020-04-26,0.1203917040026959,15.772661879299983
Boyaca,2020-04-27,1.7696879955431497,16.199614476643244
Boyaca,2020-04-28,9.251067531170628,16.2562375815561
Boyaca,2020-04-29,6.027485892140478,15.823444926731502
Boyaca,2020-04-30,6.374290979090155,15.974769733878643
Boyaca,2020-05-01,5.728445406032437,15.531186930379585
Boyaca,2020-05-02,0.1493006433265725,15.834900528515742
Boyaca,2020-05-03,6.809770239792748,15.834028268517534
Boyaca,2020-05-04,0.7364216555079828,15.895614130449264
Boyaca,2020-05-05,5.205486804655598,16.3138280090293
Boyaca,2020-05-06,4.591908201123689,16.508808120428444
Boyaca,2020-05-07,7.495768507015718,16.117245035472653
Boyaca,2020-05-08,8.210940381123802,15.985604695573514
Boyaca,2020-05-09,0.296501176529277,15.786940819013337
Boyaca,2020-05-10,0.0776759019670157,16.40320869069571
Boyaca,2020-05-11,5.9690115647643625,16.888086964418235
Boyaca,2020-05-12,2.3808336392981904,16.43417310182572
Boyaca,2020-05-13,12.72186403433064,15.776493611664064
Boyaca,2020-05-14,1.2782212323404043,15.71245937181309
Boyaca,2020-05-15,6.213150569868007,15.434415973345772
Boyaca,2020-05-16,1.3348876318744476,16.037590123538802
Boyaca,2020-05-17,4.181827843650018,16.042834681252696
Boyaca,2020-05-18,6.471652016829803,15.841649626591886
Boyaca,2020-05-19,2.4579810981842365,15.97991993234942
Boyaca,2020-05-20,0.0145791690450263,16.204558494096798
Boyaca,2020-05-21,1.2917692578536677,16.29670648154098
Boyaca,2020-05-22,3.8554683918438015,15.95947130302573
Boyaca,2020-05-23,3.338059245033044,16.386394335952527
Boyaca,2020-05-24,4.017039957516646,16.380088437670373
Boyaca,2020-05-25,6.088578397702837,16.376271330363156
Boyaca,2020-05-26,3.4005021520623484,15.718587819067915
Boyaca,2020-05-27,18.988007404036683,15.455976044719437
Boyaca,2020-05-28,10.957160625040755,14.562839297751374
Boyaca,2020-05-29,4.796457275704748,14.836478431905944
Boyaca,2020-05-30,19.50942062835287,14.71141997446954
Boyaca,2020-05-31,4.858768222955181,14.77068120297947
Boyaca,2020-06-01,8.004573940739366,15.042518741457451
Boyaca,2020-06-02,3.1904145683755467,15.400105611171403
Boyaca,2020-06-03,7.366527514939144,15.135370604460372
Boyaca,2020-06-04,3.0337884427909225,15.353783795866336
Boyaca,2020-06-05,2.963700265573422,15.693486249154253
Boyaca,2020-06-06,15.958852443399389,15.134671344804278
Boyaca,2020-06-07,0.2899118305267318,15.22643760755252
Boyaca,2020-06-08,6.029107399888081,15.32557339683486
Boyaca,2020-06-09,2.4659333928259604,14.975162988453665
Boyaca,2020-06-10,16.518119168728123,14.58903754104131
Boyaca,2020-06-11,8.26380143940787,14.670569274254902
Boyaca,2020-06-12,9.641868417803424,15.057384581771467
Boyaca,2020-06-13,2.75466773044017,15.240996172860276
Boyaca,2020-06-14,12.911725870566723,15.373697343799057
Boyaca,2020-06-15,3.747027847863344,15.124584138008505
Boyaca,2020-06-16,0.3251047288588658,15.27442016483993
Boyaca,2020-06-17,23.76609817669307,15.056179949372844
Boyaca,2020-06-18,15.428479788535636,15.169310716244135
Boyaca,2020-06-19,0.5876486786158689,15.105897389908126
Boyaca,2020-06-20,9.94101481096462,15.243202335139095
Boyaca,2020-06-21,9.30928601347904,15.324643338971136
Boyaca,2020-06-22,3.7631614319470055,15.264533757088593
Boyaca,2020-06-23,0.4506160472363641,15.245546512270892
Boyaca,2020-06-24,0.5526039417010644,15.552828339512264
Boyaca,2020-06-25,0.7490655136050682,15.346276024528372
Boyaca,2020-06-26,1.389970754335314,15.253314964158587
Boyaca,2020-06-27,2.400279572093471,15.313160224419414
Boyaca,2020-06-28,14.977838107389983,15.027243264273563
Boyaca,2020-06-29,0.8044669428636012,14.781480493570529
Boyaca,2020-06-30,1.6230267927205615,15.279573099138936
Boyaca,2020-07-01,3.0810863318189003,15.331545123029318
Boyaca,2020-07-02,18.748415735227823,14.85339346803896
Boyaca,2020-07-03,2.2302214735993697,14.865334968237471
Boyaca,2020-07-04,11.739477075353614,14.9547425448662
Boyaca,2020-07-05,12.381737990842131,14.874838850429294
Boyaca,2020-07-06,14.85200145905657,14.552237447718094
Boyaca,2020-07-07,1.0380898650144783,14.75227992084429
Boyaca,2020-07-08,1.9822201409443665,15.0350769771785
Boyaca,2020-07-09,6.381518448499373,14.750470088016412
Boyaca,2020-07-10,2.184699785434141,14.873336421527878
Boyaca,2020-07-11,11.848652731283332,14.659808796769632
Boyaca,2020-07-12,1.0333031252681577,14.480114188524302
Boyaca,2020-07-13,3.775015255313371,14.766494965437966
Boyaca,2020-07-14,8.469940673541984,14.966113194478424
Boyaca,2020-07-15,2.0928267551378243,14.396720929459097
Boyaca,2020-07-16,8.252001411859144,14.572925008362269
Boyaca,2020-07-17,4.419773401402916,14.862742513141187
Boyaca,2020-07-18,1.630918104766501,14.911407714010926
Boyaca,2020-07-19,0.3998757205644617,15.171101759879972
Boyaca,2020-07-20,3.9764921798387,14.920225677323485
Boyaca,2020-07-21,8.525504649778581,14.826632120036576
Boyaca,2020-07-22,3.7625706082131742,14.805068804946648
Boyaca,2020-07-23,3.763378747354444,14.532578471050218
Boyaca,2020-07-24,6.338649786445355,14.248908261504685
Boyaca,2020-07-25,7.291719497449891,14.06697191988208
Boyaca,2020-07-26,3.279993332982814,14.313496197766607
Boyaca,2020-07-27,12.228330669811807,14.607829074649802
Boyaca,2020-07-28,1.8910127156433432,15.16194699111777
Boyaca,2020-07-29,3.7130771921961774,15.422966662195964
Boyaca,2020-07-30,13.935556391693169,14.9774003997241
Boyaca,2020-07-31,1.370670223277505,15.243189982659096
Boyaca,2020-08-01,0.5938004308566192,15.364074811438853
Boyaca,2020-08-02,0.0605392260248319,14.984133085155124
Boyaca,2020-08-03,0.9029403184614292,15.155720459947965
Boyaca,2020-08-04,2.4643482055052903,14.95145066571667
Boyaca,2020-08-05,1.0677765143991642,14.77492561092884
Boyaca,2020-08-06,1.1975978855188407,15.241973536428894
Boyaca,2020-08-07,5.0962330403664335,14.896347768726384
Boyaca,2020-08-08,1.350849645712976,15.186085715678596
Boyaca,2020-08-09,0.0052129900510866,15.089636954486089
Boyaca,2020-08-10,0.2734340100413095,15.016661138342844
Boyaca,2020-08-11,0.9782583947352094,15.431499477879088
Boyaca,2020-08-12,4.312116383676583,15.246239569609044
Boyaca,2020-08-13,18.32718540059781,15.283001802783083
Boyaca,2020-08-14,6.843014677232454,15.231185839835256
Boyaca,2020-08-15,6.576193236828959,15.666140562207302
Boyaca,2020-08-16,6.573355610754261,15.411081711675116
Boyaca,2020-08-17,15.755567354619988,14.987766211621542
Boyaca,2020-08-18,4.842329438979054,15.375024204960305
Boyaca,2020-08-19,2.9366298964794533,15.378593766468452
Boyaca,2020-08-20,3.1591459612709336,15.381560500334723
Boyaca,2020-08-21,5.038709991533454,15.628203956645867
Boyaca,2020-08-22,21.62067943181155,14.89436567209661
Boyaca,2020-08-23,1.8657849927502264,14.637784074885136
Boyaca,2020-08-24,4.438900666992825,14.676449217490632
Boyaca,2020-08-25,6.517566567106935,14.829844583745786
Boyaca,2020-08-26,4.307066266974159,14.717659514614196
Boyaca,2020-08-27,0.189567094540301,15.027051054415889
Boyaca,2020-08-28,1.5524402331079707,15.688575419621609
Boyaca,2020-08-29,6.926800808891632,15.35324058225116
Boyaca,2020-08-30,9.859797597082808,14.570330315209103
Boyaca,2020-08-31,2.588031996844989,14.697117172288824
Boyaca,2020-09-01,4.523261125304697,15.220628158289935
Boyaca,2020-09-02,14.62390449580024,14.239290418940374
Boyaca,2020-09-03,5.541114798876558,14.67425010070596
Boyaca,2020-09-04,2.088231612533188,14.973899147040012
Boyaca,2020-09-05,3.887139162025029,15.309099596958236
Boyaca,2020-09-06,11.49282803633965,15.575634858535038
Boyaca,2020-09-07,1.662311152326536,15.40685776471027
Boyaca,2020-09-08,12.799187947902409,14.726046118623325
Boyaca,2020-09-09,5.102043648860268,14.71159627034206
Boyaca,2020-09-10,0.3160694079687537,15.063894494651477
Boyaca,2020-09-11,2.761787805158629,15.367216233435109
Boyaca,2020-09-12,2.911761345845548,15.35177248972652
Boyaca,2020-09-13,2.718989954312297,15.098707646448348
Boyaca,2020-09-14,9.571841232353316,15.06192867190328
Boyaca,2020-09-15,1.2948838228460078,15.568379137546216
Boyaca,2020-09-16,2.5976468828282404,14.825513515261235
Boyaca,2020-09-17,6.556149316488324,14.719186566584632
Boyaca,2020-09-18,7.160417284090253,14.99310035579796
Boyaca,2020-09-19,10.681834442486393,15.027825268847083
Boyaca,2020-09-20,13.663397750879398,14.999959385183615
Boyaca,2020-09-21,1.00041911861968,15.265573595057496
Boyaca,2020-09-22,0.5721587826656743,14.842262750143114
Boyaca,2020-09-23,12.554357403472409,15.280819885972493
Boyaca,2020-09-24,1.9332412419066125,15.005569205116515
Boyaca,2020-09-25,5.360069178508947,14.924410395643996
Boyaca,2020-09-26,1.5609627879074257,15.007795344348224
Boyaca,2020-09-27,4.270649740487527,14.795471214196311
Boyaca,2020-09-28,0.3538621584305595,14.974151562002165
Boyaca,2020-09-29,2.728355029072533,15.088891040151426
Boyaca,2020-09-30,4.635917358313338,15.039075129692574
Boyaca,2020-10-01,3.0421160921320225,14.905662340670672
Boyaca,2020-10-02,5.461513017187399,15.137536485679744
Boyaca,2020-10-03,3.860344728206408,14.754085272636695
Boyaca,2020-10-04,2.966082068622258,14.899634811660608
Boyaca,2020-10-05,1.91312640306552,15.018815566037228
Boyaca,2020-10-06,6.666128310459588,14.77965635361138
Boyaca,2020-10-07,13.056734838823564,14.95951911361103
Boyaca,2020-10-08,7.151416183977551,14.814509380840844
Boyaca,2020-10-09,2.836853710615819,14.938388814852027
Boyaca,2020-10-10,2.2086354106403627,15.187999842053548
Boyaca,2020-10-11,1.713729196956976,15.095752705428232
Boyaca,2020-10-12,5.652132365124205,15.121375100117
Boyaca,2020-10-13,3.731607396634909,14.697364666205388
Boyaca,2020-10-14,0.8860825682785407,14.389500602593984
Boyaca,2020-10-15,0.0390380147077559,14.872029856885671
Boyaca,2020-10-16,3.1531473041515787,15.142828874964357
Boyaca,2020-10-17,0.0639793078676543,15.055335763211454
Boyaca,2020-10-18,8.453249239932358,15.256854309950471
Boyaca,2020-10-19,8.824338363761196,14.689307358695356
Boyaca,2020-10-20,0.1241841401516193,14.823068810063
Boyaca,2020-10-21,4.442541120550518,15.015581082270709
Boyaca,2020-10-22,3.872226123851432,15.394873916833268
Boyaca,2020-10-23,3.823122779723968,15.225838690990445
Boyaca,2020-10-24,13.694440752395282,15.352538846247732
Boyaca,2020-10-25,0.5462387570611711,15.3304072888467
Boyaca,2020-10-26,5.329687636346391,15.629953583548971
Boyaca,2020-10-27,4.0806615371677575,15.754803486018728
Boyaca,2020-10-28,8.667327701453225,15.398356455448974
Boyaca,2020-10-29,8.204397655135336,15.19257797517648
Boyaca,2020-10-30,6.843123526774455,15.28536456171362
Boyaca,2020-10-31,13.375556491693738,14.853710419440556
Boyaca,2020-11-01,18.28316197981493,14.495414336353274
Boyaca,2020-11-02,3.842935266162012,15.180752295943329
Boyaca,2020-11-03,3.948087118275293,15.135681868472782
Boyaca,2020-11-04,7.445184362011129,15.140334464956618
Boyaca,2020-11-05,9.071746542604354,14.93267128833697
Boyaca,2020-11-06,7.697787575364596,14.943431111378066
Boyaca,2020-11-07,13.169086107327724,14.951658574373564
Boyaca,2020-11-08,7.903645178036817,14.92766039959444
Boyaca,2020-11-09,13.205044697272088,14.985021314302136
Boyaca,2020-11-10,10.541519806957483,14.86472682397148
Boyaca,2020-11-11,17.558253671646597,14.644378990520911
Boyaca,2020-11-12,0.9741603366746004,14.84479177918134
Boyaca,2020-11-13,29.89895137220609,14.805498480495237
Boyaca,2020-11-14,0.7668610084232835,14.972233895312556
Boyaca,2020-11-15,5.52214452526896,14.875906870169768
Boyaca,2020-11-16,8.119209922160499,14.773069836311302
Boyaca,2020-11-17,24.27285979899133,14.276389119063143
Boyaca,2020-11-18,8.680485136770509,14.836176149172626
Boyaca,2020-11-19,2.4275969672254063,14.915575568807515
Boyaca,2020-11-20,0.3002439212620643,14.986535582668738
Boyaca,2020-11-21,1.9323017635212725,15.11849920691651
Boyaca,2020-11-22,1.0400949973844185,15.152521962271573
Boyaca,2020-11-23,1.75161294251064,14.90329272812239
Boyaca,2020-11-24,16.374162889778376,15.15228755259027
Boyaca,2020-11-25,1.703276504666463,15.217737395658428
Boyaca,2020-11-26,2.314434712409797,14.989656774861796
Boyaca,2020-11-27,7.458814002565219,14.874520951266192
Boyaca,2020-11-28,20.481626059990973,14.563487802985469
Boyaca,2020-11-29,2.002911929933446,14.871117200852508
Boyaca,2020-11-30,2.6154597820682333,14.96492575528663
Boyaca,2020-12-01,7.890640860404071,14.673832097217804
Boyaca,2020-12-02,4.074326658857718,14.755755131038695
Boyaca,2020-12-03,4.96559611457592,15.12876639078202
Boyaca,2020-12-04,0.0,15.33955238203389
Boyaca,2020-12-05,0.0712218710410418,14.863274712011131
Boyaca,2020-12-06,0.0076518139413099,14.765305928962189
Boyaca,2020-12-07,3.2121656555229765,14.693181248433737
Boyaca,2020-12-08,4.988643954983916,15.116008289715753
Boyaca,2020-12-09,3.609190471033168,14.88318271083962
Boyaca,2020-12-10,0.0178436348325421,14.628970791388449
Boyaca,2020-12-11,2.485914679488108,15.352878685901262
Boyaca,2020-12-12,0.397529706745547,14.947601793121946
Boyaca,2020-12-13,0.0461441676638923,14.77201305504656
Boyaca,2020-12-14,0.0490393567851923,14.3859579184122
Boyaca,2020-12-15,1.6248243913343068,14.75207909062934
Boyaca,2020-12-16,1.5190588791277064,14.777679631776984
Boyaca,2020-12-17,0.9646615613880134,14.942484434432911
Boyaca,2020-12-18,4.436549621590183,14.682762904232662
Boyaca,2020-12-19,0.1582892523728692,14.706166985062058
Boyaca,2020-12-20,1.0347926530597475,14.789477319884588
Boyaca,2020-12-21,3.0274228086361363,14.935913986970586
Boyaca,2020-12-22,0.67306761604336,15.223356087568506
Boyaca,2020-12-23,1.4245655579028536,14.932136844301064
Boyaca,2020-12-24,0.8508970896180778,15.11905417400457
Boyaca,2020-12-25,1.780888496145635,15.202802618393353
Boyaca,2020-12-26,1.033542323489444,14.75926175988528
Boyaca,2020-12-27,2.025976147140993,14.232207330331178
Boyaca,2020-12-28,0.2493390516797749,14.354076561474791
Boyaca,2020-12-29,1.3956917823169803,14.46931811034228
Boyaca,2020-12-30,2.837692763689313,14.597903513514504
Boyaca,2020-12-31,18.957337527149797,14.535870200635928
Boyaca,2021-01-01,0.4782479780643529,14.725307643994183
Boyaca,2021-01-02,0.6896405654107179,14.743701151204055
Boyaca,2021-01-03,10.292976773191064,14.966565084626623
Boyaca,2021-01-04,0.6725304539430409,14.835775217080169
Boyaca,2021-01-05,0.0,14.166337367529056
Boyaca,2021-01-06,0.0,14.06215870369895
Boyaca,2021-01-07,0.2818767792094552,14.319034858208472
Boyaca,2021-01-08,7.685080087310151,13.979584798350478
Boyaca,2021-01-09,10.366727680157828,14.298305496121795
Boyaca,2021-01-10,1.9469284224769503,14.437469832092257
Boyaca,2021-01-11,2.587190535389317,14.49504605688274
Boyaca,2021-01-12,0.005132068394193,14.990268138509151
Boyaca,2021-01-13,0.0,14.916168016940189
Boyaca,2021-01-14,0.1566456673818717,15.077145010274178
Boyaca,2021-01-15,0.1102028653081386,15.317932820563689
Boyaca,2021-01-16,0.4317878774195363,14.952003208818445
Boyaca,2021-01-17,0.0,14.707803502356455
Boyaca,2021-01-18,0.0,14.70871564318744
Boyaca,2021-01-19,0.0193791022509149,15.0171771729065
Boyaca,2021-01-20,0.0613853830864537,14.849786349063749
Boyaca,2021-01-21,0.0469699792030527,14.986222039517264
Boyaca,2021-01-22,0.0,15.369134801882376
Boyaca,2021-01-23,1.1598639594297318,15.270485552197323
Boyaca,2021-01-24,0.4092351094937902,15.14901249827493
Boyaca,2021-01-25,0.2724980172654498,15.068009688360975
Boyaca,2021-01-26,0.8803959581220501,15.02031096468794
Boyaca,2021-01-27,0.0,15.012881053887286
Boyaca,2021-01-28,0.0109716924114581,15.22267543240546
Boyaca,2021-01-29,0.7006035288960887,15.624692500196884
Boyaca,2021-01-30,0.0,15.492414768242138
Boyaca,2021-01-31,0.0231412382417811,14.799575876918826
Boyaca,2021-02-01,2.5899339306535407,15.448403822387553
Boyaca,2021-02-02,2.6904265147395385,16.12335279117681
Boyaca,2021-02-03,1.3104144947285412,15.613964464317332
Boyaca,2021-02-04,0.7193685381338687,15.61327982240397
Boyaca,2021-02-05,3.650273318158409,15.78144174943634
Boyaca,2021-02-06,5.628162241629353,16.143177646406915
Boyaca,2021-02-07,0.5440217014563761,16.170545659579503
Boyaca,2021-02-08,7.147391000379392,16.02146484198098
Boyaca,2021-02-09,6.382859259916132,15.497424997960604
Boyaca,2021-02-10,11.14141752966543,15.41910311519104
Boyaca,2021-02-11,0.5723313244139415,15.51488328940622
Boyaca,2021-02-12,0.0,15.338808846023436
Boyaca,2021-02-13,0.1272075068225662,15.36195257878864
Boyaca,2021-02-14,4.971770398382187,15.193214409353851
Boyaca,2021-02-15,0.2598652076324628,15.347020508095255
Boyaca,2021-02-16,4.200399895759492,15.259777724178551
Boyaca,2021-02-17,0.5695237801973403,15.035399946950992
Boyaca,2021-02-18,0.3504013170821087,15.27124533775448
Boyaca,2021-02-19,0.0,14.99731752379022
Boyaca,2021-02-20,0.0,15.088760048029927
Boyaca,2021-02-21,0.1531642996229091,14.866967774189463
Boyaca,2021-02-22,0.39158109853846,14.768632622914923
Boyaca,2021-02-23,7.867832963043808e-05,15.298802498759809
Boyaca,2021-02-24,0.7470153104359937,15.033540879810708
Boyaca,2021-02-25,1.286805212834717,15.324336187143066
Boyaca,2021-02-26,1.620170286037631,15.498787150164116
Boyaca,2021-02-27,1.7186430285643526,15.20873834762903
Boyaca,2021-02-28,1.0855509886908208,14.84959983835257
Boyaca,2021-03-01,0.5556824530475878,14.82013491351767
Boyaca,2021-03-02,1.0497798730783046,15.03845196397095
Boyaca,2021-03-03,1.3949420210343997,14.96556680099184
Boyaca,2021-03-04,1.6636643515683565,14.42432140805188
Boyaca,2021-03-05,0.0048601806207904,14.86091730436136
Boyaca,2021-03-06,0.4056676685322352,15.37935389613176
Boyaca,2021-03-07,8.560540176112188,15.148146785657778
Boyaca,2021-03-08,9.213847676445011,15.41404793491906
Boyaca,2021-03-09,0.4691916368667358,15.348628974520572
Boyaca,2021-03-10,1.2682037900935237,14.550072533673452
Boyaca,2021-03-11,0.886406263358215,14.39020851288923
Boyaca,2021-03-12,0.6086840919512729,14.110601796305165
Boyaca,2021-03-13,0.4952370180960986,14.22402703762656
Boyaca,2021-03-14,2.277429120561894,14.28706249039788
Boyaca,2021-03-15,1.6509899613672858,14.05727001350554
Boyaca,2021-03-16,7.827509750570609,14.48988036105906
Boyaca,2021-03-17,5.273849911633312,14.523916985996076
Boyaca,2021-03-18,1.2990260322267788,14.53312445829471
Boyaca,2021-03-19,1.5110126568420468,14.23790961042966
Boyaca,2021-03-20,1.2243759471843,14.301925103059398
Boyaca,2021-03-21,0.7835177663843749,14.411276647654388
Boyaca,2021-03-22,1.9008897222381544,14.664465905391092
Boyaca,2021-03-23,0.458264759920911,14.602213560492055
Boyaca,2021-03-24,8.67520496359737,14.617940988456256
Boyaca,2021-03-25,2.0494689911835557,14.815637911033848
Boyaca,2021-03-26,5.129930413355953,14.747424704301514
Boyaca,2021-03-27,15.939955792993633,14.282414712561756
Boyaca,2021-03-28,0.8003893189082889,14.350452657790605
Boyaca,2021-03-29,1.0690353125452656,14.806251197727192
Boyaca,2021-03-30,5.920832100049945,14.969188305639817
Boyaca,2021-03-31,5.9664213205859085,14.9115756897475
Boyaca,2021-04-01,3.387832056358902,14.91329233106466
Boyaca,2021-04-02,5.209314591198889,14.869282284780304
Boyaca,2021-04-03,3.457270955170813,14.951233198716
Boyaca,2021-04-04,7.963070586450573,15.136614029116082
Boyaca,2021-04-05,22.17589466640632,14.980961707401992
Boyaca,2021-04-06,10.984119637421353,14.800031453049163
Boyaca,2021-04-07,4.316041461756677,14.617466499135327
Boyaca,2021-04-08,0.5971074100816478,15.075483366192444
Boyaca,2021-04-09,13.790074436266009,14.686803945534514
Boyaca,2021-04-10,1.4575245909757726,14.610647764001929
Boyaca,2021-04-11,3.639895803792887,15.006107757918931
Boyaca,2021-04-12,18.386169805592765,15.0843526523105
Boyaca,2021-04-13,0.0,15.06498775280531
Boyaca,2021-04-14,8.404344329854721,15.196159088369402
Boyaca,2021-04-15,12.643398733351336,15.001418684956136
Boyaca,2021-04-16,3.720053800178638,15.125159716533542
Boyaca,2021-04-17,15.175837177605109,15.290290230942226
Boyaca,2021-04-18,2.320827774621091,15.078111058397782
Boyaca,2021-04-19,4.319211785957471,15.08725134332742
Boyaca,2021-04-20,0.008951639005574,15.180457150438436
Boyaca,2021-04-21,1.983531212738321,15.168465081337194
Boyaca,2021-04-22,0.0471870948660603,15.317340007749614
Boyaca,2021-04-23,3.9136977131880255,15.506204761392656
Boyaca,2021-04-24,0.3135127806328714,15.569820681538753
Boyaca,2021-04-25,0.2930782550362323,15.858720145987563
Boyaca,2021-04-26,5.142282979101564,15.881181434634382
Boyaca,2021-04-27,18.248476826916445,15.19270204361492
Boyaca,2021-04-28,8.066089440585213,14.577444523753034
Boyaca,2021-04-29,2.1781735083895497,14.423902282493405
Boyaca,2021-04-30,17.662346718375677,13.60805319655618
Boyaca,2021-05-01,0.1530541595909626,13.803789794974415
Boyaca,2021-05-02,11.738063963871603,14.42867833979564
Boyaca,2021-05-03,18.331732352673097,13.992465008829091
Boyaca,2021-05-04,3.3333360062463075,14.490566286500568
Boyaca,2021-05-05,9.534746489309551,14.755063448416085
Boyaca,2021-05-06,2.2872122780320057,14.59687621416009
Boyaca,2021-05-07,7.938440989075959,14.473260833335052
Boyaca,2021-05-08,5.747549715491227,14.2425231351471
Boyaca,2021-05-09,4.666222453089186,14.65152839078526
Boyaca,2021-05-10,13.624287571903718,14.221815881981046
Boyaca,2021-05-11,0.9898960637494312,14.444354421371392
Boyaca,2021-05-12,2.4585705006822094,14.562476730620148
Boyaca,2021-05-13,2.1565410506103264,15.46502862859279
Boyaca,2021-05-14,1.2811637701130976,15.645787638200924
Boyaca,2021-05-15,7.687149854422336,15.773731547591751
Boyaca,2021-05-16,14.828866251829233,15.506517083220324
Boyaca,2021-05-17,5.833105612386435,14.444082070880334
Boyaca,2021-05-18,4.488287754945397,14.89069175394841
Boyaca,2021-05-19,3.729806271185488,15.076791761145635
Boyaca,2021-05-20,1.0002617102649891,15.300026300343704
Boyaca,2021-05-21,2.098470865079675,15.414183275396232
Boyaca,2021-05-22,5.298430906642478,15.61655526840148
Boyaca,2021-05-23,8.491466494837244,15.792359542956088
Boyaca,2021-05-24,2.2079749685686925,15.26931997304052
Boyaca,2021-05-25,9.50055254088788,15.098255687807017
Boyaca,2021-05-26,5.32445747579094,15.54645246341618
Boyaca,2021-05-27,3.682978490307869,15.199669815865755
Boyaca,2021-05-28,1.1931146064613043,14.961584387128765
Boyaca,2021-05-29,7.061388920243085,14.836574187123436
Boyaca,2021-05-30,2.273135686769725,14.731587438676025
Boyaca,2021-05-31,2.7461311346586883,15.042935076912745
Boyaca,2021-06-01,10.939970117102009,15.061204968750417
Boyaca,2021-06-02,4.333139332406023,14.859541060896117
Boyaca,2021-06-03,3.908218245861872,15.049397179822655
Boyaca,2021-06-04,12.668765444336245,15.178739919410615
Boyaca,2021-06-05,2.9301640395712494,15.267470430681032
Boyaca,2021-06-06,5.973811976993657,14.887984588951737
Boyaca,2021-06-07,1.285598695133562,14.834825125322698
Boyaca,2021-06-08,6.066019901120156,14.686399129226327
Boyaca,2021-06-09,2.741248766557526,14.420427037437229
Boyaca,2021-06-10,12.540133080443656,14.37381737825288
Boyaca,2021-06-11,3.517814379728784,14.6130951243678
Boyaca,2021-06-12,6.502206664790238,14.738207708247444
Boyaca,2021-06-13,16.36128521636645,14.517800593119013
Boyaca,2021-06-14,4.66642194464414,14.501197822693069
Boyaca,2021-06-15,4.969611224649652,14.609054609957065
Boyaca,2021-06-16,2.3424853861400567,14.820698657567505
Boyaca,2021-06-17,8.958672498990268,14.675461072135333
Boyaca,2021-06-18,4.699423166989518,14.674740783042886
Boyaca,2021-06-19,4.461592687800547,14.783264269622208
Boyaca,2021-06-20,17.076895634979937,14.521013562118714
Boyaca,2021-06-21,11.493014367615991,14.405663999338737
Boyaca,2021-06-22,0.4464926435796539,14.506179706106096
Boyaca,2021-06-23,1.5775388595971525,14.300319413065976
Boyaca,2021-06-24,5.116471015550163,14.431497866650387
Boyaca,2021-06-25,4.891754818751731,14.29258214208694
Boyaca,2021-06-26,9.740828068058152,14.100189530628612
Boyaca,2021-06-27,2.7871911697513387,14.2869450736524
Boyaca,2021-06-28,1.5071628812252142,14.680591339246996
Boyaca,2021-06-29,10.533249082293846,14.579705570205816
Boyaca,2021-06-30,1.196746866417694,13.971816764052043
Boyaca,2021-07-01,1.8007082651639306,13.861506712616574
Boyaca,2021-07-02,0.0037403399112257,14.460437313484944
Boyaca,2021-07-03,0.2778566679508849,14.113898707511089
Boyaca,2021-07-04,0.1269061010773771,13.763609069098576
Boyaca,2021-07-05,0.0228776512160113,14.208080637317028
Boyaca,2021-07-06,8.967239004046839,14.262956021923486
Boyaca,2021-07-07,0.824903930218588,14.688769448101295
Boyaca,2021-07-08,5.377752674048001,14.843714062060153
Boyaca,2021-07-09,6.596569485134279,14.6093605613784
Boyaca,2021-07-10,6.0274949263470505,14.621527115932915
Boyaca,2021-07-11,12.874793393175208,14.321072089333343
Boyaca,2021-07-12,4.746438073465624,14.88949094609038
Boyaca,2021-07-13,3.6934971597870265,14.44817791945519
Boyaca,2021-07-14,0.8756157394361181,14.630012742868912
Boyaca,2021-07-15,2.6943577588097183,15.109932162791363
Boyaca,2021-07-16,6.983828962984004,15.049554519850224
Boyaca,2021-07-17,4.54529522132107,14.945961929371649
Boyaca,2021-07-18,1.4733451970867963,14.372374710891286
Boyaca,2021-07-19,0.540998185466223,14.351051136803394
Boyaca,2021-07-20,0.0,14.54682656015306
Boyaca,2021-07-21,0.5009580580322722,14.767602857603356
Boyaca,2021-07-22,0.2252585045223423,14.585274330704904
Boyaca,2021-07-23,0.5025919704601177,14.763672312918466
Boyaca,2021-07-24,7.510137953993752,14.85174344475031
Boyaca,2021-07-25,31.105846281746548,14.169288312160582
Boyaca,2021-07-26,8.291441937954719,14.016977093723323
Boyaca,2021-07-27,0.8210593784388276,14.67133714247792
Boyaca,2021-07-28,14.62159625749809,14.58113255380661
Boyaca,2021-07-29,5.335235330901298,14.691434251748204
Boyaca,2021-07-30,2.841863307648621,14.754269518563644
Boyaca,2021-07-31,0.2147528277430136,15.080281986233476
Boyaca,2021-08-01,0.3734932274509895,14.728431465994657
Boyaca,2021-08-02,0.4043530776016493,14.08264354591932
Boyaca,2021-08-03,5.226819154333291,13.798392028215304
Boyaca,2021-08-04,3.5898770288523254,13.539072706116407
Boyaca,2021-08-05,0.9441208270649128,14.082792767257244
Boyaca,2021-08-06,0.0,14.637145683390605
Boyaca,2021-08-07,1.2824444461331577,14.891264755984034
Boyaca,2021-08-08,3.5150392607771725,14.75800757941837
Boyaca,2021-08-09,11.555542370561437,14.862720268464727
Boyaca,2021-08-10,7.189349919650711,15.011283500766307
Boyaca,2021-08-11,1.5242283572280648,15.017930948568996
Boyaca,2021-08-12,7.533755509196221,14.942235316368292
Boyaca,2021-08-13,7.454501515897989,14.902862691788728
Boyaca,2021-08-14,11.379837849959625,14.47664436515601
Boyaca,2021-08-15,3.2988477934372025,14.286876580334386
Boyaca,2021-08-16,10.41679330672293,14.632823357279486
Boyaca,2021-08-17,8.999531261495155,14.52680525826722
Boyaca,2021-08-18,9.04560379456218,14.90481051424606
Boyaca,2021-08-19,6.9313073841405135,14.629940196631589
Boyaca,2021-08-20,2.589754967978434,14.603817586212193
Boyaca,2021-08-21,6.671185807036385,14.78352304254989
Boyaca,2021-08-22,7.268825729677391,14.84534628212943
Boyaca,2021-08-23,2.391546138691281,15.427598897017129
Boyaca,2021-08-24,14.448281924630423,15.17752547697995
Boyaca,2021-08-25,1.480549158834893,15.098751233154957
Boyaca,2021-08-26,6.109048333986991,15.004701815170028
Boyaca,2021-08-27,2.174333450808338,15.14109016170734
Boyaca,2021-08-28,17.61613078591802,15.34159162263185
Boyaca,2021-08-29,8.888689150420644,14.98674576984951
Boyaca,2021-08-30,8.320147109235599,14.598090172627442
Boyaca,2021-08-31,2.0435320108637542,14.296624650863968
Boyaca,2021-09-01,7.647488353382954,14.564156274713882
Boyaca,2021-09-02,2.097215807206528,15.0537132832456
Boyaca,2021-09-03,4.514983515110969,15.047580946443258
Boyaca,2021-09-04,6.604862305584591,15.335102783483158
Boyaca,2021-09-05,6.076111380052664,15.051283153750946
Boyaca,2021-09-06,15.160727914254707,14.876087219029964
Boyaca,2021-09-07,2.171980797235911,14.71647255172983
Boyaca,2021-09-08,3.400261736304859,15.20199066678613
Boyaca,2021-09-09,2.3170262269626414,15.331251629356853
Boyaca,2021-09-10,2.1073119441627344,15.289547540500449
Boyaca,2021-09-11,6.815698963156649,14.800334584563895
Boyaca,2021-09-12,1.7236796557704763,14.624807676629716
Boyaca,2021-09-13,0.729633647842653,14.400574112129906
Boyaca,2021-09-14,8.411546351364894,15.1185155736261
Boyaca,2021-09-15,3.4479493945573565,14.749655706134089
Boyaca,2021-09-16,1.8692363090048765,14.532421679787833
Boyaca,2021-09-17,0.1062965533334255,14.337446453410449
Boyaca,2021-09-18,1.1321682834650737,14.86364380827229
Boyaca,2021-09-19,4.931201947522631,14.999576917453602
Boyaca,2021-09-20,0.9001109980331978,14.852605213818396
Boyaca,2021-09-21,10.473968312659595,14.878160701194366
Boyaca,2021-09-22,4.546716080088283,14.504485451304909
Boyaca,2021-09-23,7.012592010493833,14.55485012236412
Boyaca,2021-09-24,7.663463384485336,14.84318310919066
Boyaca,2021-09-25,0.9553033642124944,14.953282505955928
Boyaca,2021-09-26,0.1363766420543907,14.764748531872442
Boyaca,2021-09-27,1.5952304750613524,15.029429685224018
Boyaca,2021-09-28,6.264054319665321,14.685047182565008
Boyaca,2021-09-29,4.695881920907838,14.71736838675675
Boyaca,2021-09-30,10.408488554493312,14.62595136259869
Boyaca,2021-10-01,4.294202595457759,14.874729112089854
Boyaca,2021-10-02,1.1750237806443402,15.11511570455714
Boyaca,2021-10-03,2.4887645341178057,15.478050376466408
Boyaca,2021-10-04,7.996865632056686,15.532801189462974
Boyaca,2021-10-05,10.66785992477388,15.579279251366629
Boyaca,2021-10-06,4.024383308723858,15.325338468328482
Boyaca,2021-10-07,6.286983150995712,15.212547232960098
Boyaca,2021-10-08,10.917481503766432,14.871636048487089
Boyaca,2021-10-09,3.75933661088798,15.219360785174532
Boyaca,2021-10-10,9.4827225587714,15.032178058466394
Boyaca,2021-10-11,10.7720513617913,14.749609215852669
Boyaca,2021-10-12,0.2663626624759549,15.16721056626572
Boyaca,2021-10-13,1.9283813151368057,15.462669417564465
Boyaca,2021-10-14,3.788062730370653,15.569799987185457
Boyaca,2021-10-15,5.866832718707171,15.50842648780859
Boyaca,2021-10-16,11.669044164368348,15.790246492005917
Boyaca,2021-10-17,10.639084557715094,15.085173729223696
Boyaca,2021-10-18,0.2507513338560003,14.899161436480654
Boyaca,2021-10-19,1.30406216565233,15.13956281744498
Boyaca,2021-10-20,5.078570974292741,15.24113770581208
Boyaca,2021-10-21,9.461217547568143,15.236710056843204
Boyaca,2021-10-22,6.502119719264019,15.264251665537078
Boyaca,2021-10-23,1.907946895141784,15.014438265111588
Boyaca,2021-10-24,5.9959030932215285,15.349460549473012
Boyaca,2021-10-25,2.481808082686526,15.484241286637594
Boyaca,2021-10-26,22.88799326498457,15.178897849422269
Boyaca,2021-10-27,13.22409017202009,14.798814718833478
Boyaca,2021-10-28,8.782003274133144,14.71099964638528
Boyaca,2021-10-29,10.954413550712992,14.206863639108914
Boyaca,2021-10-30,2.6091381291809035,14.416224252110036
Boyaca,2021-10-31,2.702016956366778,14.5828424961282
Boyaca,2021-11-01,2.3170874054124377,14.521288584661445
Boyaca,2021-11-02,1.78955318177137,14.820332114896384
Boyaca,2021-11-03,6.162951208505543,14.809833714413749
Boyaca,2021-11-04,4.2764390443734985,14.65486320110353
Boyaca,2021-11-05,0.9522035409120008,14.821432381358491
Boyaca,2021-11-06,0.0,14.945920467045209
Boyaca,2021-11-07,1.096370360770799,15.094971507980638
Boyaca,2021-11-08,2.8365507567000927,14.947384697091463
Boyaca,2021-11-09,8.537447624962127,14.657080702342002
Boyaca,2021-11-10,1.7192098769174364,14.80200370574212
Boyaca,2021-11-11,0.0552909365830303,14.780736333739544
Boyaca,2021-11-12,0.0,14.851502361638742
Boyaca,2021-11-13,0.0673901674960111,15.222566708611724
Boyaca,2021-11-14,0.3900739131282048,15.236496533665033
Boyaca,2021-11-15,2.1404965663996425,15.105419123896104
Boyaca,2021-11-16,0.148287730833835,15.064170055979352
Boyaca,2021-11-17,0.3124986106399702,15.007526115078742
Boyaca,2021-11-18,0.0,14.599027304216529
Boyaca,2021-11-19,0.0,14.585031941781024
Boyaca,2021-11-20,1.4497766673547758,15.039425598766332
Boyaca,2021-11-21,7.998449835334543,14.814838425173178
Boyaca,2021-11-22,1.107597555027544,14.554805415569518
Boyaca,2021-11-23,14.606004309686586,14.56553748755272
Boyaca,2021-11-24,23.90354780193185,14.474582470358431
Boyaca,2021-11-25,8.445240476979079,14.286641252148126
Boyaca,2021-11-26,11.564087171888929,14.571790668490456
Boyaca,2021-11-27,0.9504653132602991,14.876653866791331
Boyaca,2021-11-28,2.9441044957218976,15.249148403348643
Boyaca,2021-11-29,1.3754635733680225,14.73227827279062
Boyaca,2021-11-30,11.627451039594284,14.859472376795395
Boyaca,2021-12-01,1.457557580640547,14.78903706358554
Boyaca,2021-12-02,4.6476219627162045,14.76448691818951
Boyaca,2021-12-03,2.3588267465902253,15.014629103398098
Boyaca,2021-12-04,8.680941968745735,14.951038534111628
Boyaca,2021-12-05,1.58431067054339,14.9728099662771
Boyaca,2021-12-06,2.766950125315653,15.229522808118595
Boyaca,2021-12-07,0.0,15.170551510203794
Boyaca,2021-12-08,0.6816752736121107,15.212033044087578
Boyaca,2021-12-09,5.51016247363912,15.68396519590307
Boyaca,2021-12-10,3.922909460590193,15.56532043916664
Boyaca,2021-12-11,6.503397978159977,15.36681822378382
Boyaca,2021-12-12,4.893814418694217,15.070171445980494
Boyaca,2021-12-13,0.0,14.765310264671928
Boyaca,2021-12-14,0.682613236358367,15.318468157265826
Boyaca,2021-12-15,1.9856936446150515,15.398344396764786
Boyaca,2021-12-16,1.4911116604482637,15.01112610434472
Boyaca,2021-12-17,0.3790845934500295,15.093594816917658
Boyaca,2021-12-18,3.2013390620556077,14.929122100727303
Boyaca,2021-12-19,0.0025914398564766,14.992208000795324
Boyaca,2021-12-20,0.2480115430802812,15.4981546529736
Boyaca,2021-12-21,0.664744506482648,15.410329416065409
Boyaca,2021-12-22,0.8244475328151204,15.302109183222049
Boyaca,2021-12-23,0.0587008582599128,15.21503026675392
Boyaca,2021-12-24,1.4107590596166275,15.586044703916556
Boyaca,2021-12-25,0.1220209833342237,15.711200235233784
Boyaca,2021-12-26,0.3693585211109423,15.103294727013903
Boyaca,2021-12-27,1.0981813001418972,14.874971254588909
Boyaca,2021-12-28,1.434946258908565,15.42455004346299
Boyaca,2021-12-29,2.249787983631508,15.132375752667436
Boyaca,2021-12-30,2.346544700866615,14.790989404332564
Boyaca,2021-12-31,0.4330729359692026,15.051113601920846
Boyaca,2022-01-01,2.697599707835452,15.272463200466005
Boyaca,2022-01-02,1.3065274537315523,15.382194118296768
Boyaca,2022-01-03,1.9529975260150607,14.800709694889491
Boyaca,2022-01-04,0.0059725863598567,14.559536174042382
Boyaca,2022-01-05,0.0,14.266627481360338
Boyaca,2022-01-06,0.0123308372221091,14.030165646730152
Boyaca,2022-01-07,1.5349631801414874,14.310619612799352
Boyaca,2022-01-08,0.8830282799904179,14.212019184417326
Boyaca,2022-01-09,0.0092228181199703,14.333092135000236
Boyaca,2022-01-10,2.338326253560948,14.416741522078912
Boyaca,2022-01-11,0.0,14.548590729948652
Boyaca,2022-01-12,0.0,14.484118509178137
Boyaca,2022-01-13,1.0530235582035945,14.20742295161334
Boyaca,2022-01-14,0.5762455019309602,14.06882467854689
Boyaca,2022-01-15,0.0346776245897099,14.586402119914537
Boyaca,2022-01-16,0.1439629714957311,14.344268857163517
Boyaca,2022-01-17,0.1430344250480705,14.78990957267449
Boyaca,2022-01-18,1.2587744757037371,14.697261426850703
Boyaca,2022-01-19,0.0270506130408346,14.812857816115375
Boyaca,2022-01-20,0.0044957305031233,15.002790863334637
Boyaca,2022-01-21,0.0126331265934733,15.317910097255735
Boyaca,2022-01-22,2.7254201949532426,15.464549490899945
Boyaca,2022-01-23,1.148484604649552,15.347497603298883
Boyaca,2022-01-24,0.2590881385170486,15.504854258555207
Boyaca,2022-01-25,4.681033880273403,15.478259541513935
Boyaca,2022-01-26,4.772960249019778,14.953352266259795
Boyaca,2022-01-27,0.1439624750044075,15.215534891062209
Boyaca,2022-01-28,0.0,14.93513878301216
Boyaca,2022-01-29,0.0,14.660531010231487
Boyaca,2022-01-30,0.0,14.69756269380793
Boyaca,2022-01-31,0.5640026261389924,14.803740148746336
Boyaca,2022-02-01,0.0218888577125129,14.41291901406922
Boyaca,2022-02-02,0.0,14.979176340355073
Boyaca,2022-02-03,0.0505769107092651,14.651223792342162
Boyaca,2022-02-04,1.6811992198435946,15.072662174722652
Boyaca,2022-02-05,1.6582136258781337,14.419903623253331
Boyaca,2022-02-06,0.3092281091193129,14.002847951045478
Boyaca,2022-02-07,0.6846178611733962,14.517699698662268
Boyaca,2022-02-08,21.56549715563809,14.282934391341808
Boyaca,2022-02-09,1.2602077644682772,14.370920806762854
Boyaca,2022-02-10,14.317637314025724,14.403203703617825
Boyaca,2022-02-11,1.3340189592648783,14.28929567649087
Boyaca,2022-02-12,0.3571237435617937,14.70939100708662
Boyaca,2022-02-13,0.6502281963994342,15.03669649464632
Boyaca,2022-02-14,3.823029805839522,14.825136757683111
Boyaca,2022-02-15,13.66004434723158,14.538053486283411
Boyaca,2022-02-16,0.0671330353329314,14.8299708099907
Boyaca,2022-02-17,0.078037248992465,14.893576605870363
Boyaca,2022-02-18,3.4468922757353404,15.125948961648495
Boyaca,2022-02-19,3.705530635676468,14.864519966089167
Boyaca,2022-02-20,0.0585932653001953,14.499948896509222
Boyaca,2022-02-21,0.2944466378683029,14.523994148887954
Boyaca,2022-02-22,2.6421748208682976,14.965778254406564
Boyaca,2022-02-23,1.7136744261719332,15.238173185804555
Boyaca,2022-02-24,2.6802449287383543,14.949444113559409
Boyaca,2022-02-25,1.246908507987197,15.189204719441506
Boyaca,2022-02-26,0.0,14.933482347688107
Boyaca,2022-02-27,3.000737418360143,14.794714831830868
Boyaca,2022-02-28,10.56238266219679,14.208730675101592
Boyaca,2022-03-01,1.1864635698003123,14.29458602793446
Boyaca,2022-03-02,11.294749213493438,14.576160293539209
Boyaca,2022-03-03,5.8846874717351705,14.922403843691786
Boyaca,2022-03-04,7.211646685772053,14.484017098562244
Boyaca,2022-03-05,4.925065760208337,15.022857263355457
Boyaca,2022-03-06,11.989906712298511,14.50227132072052
Boyaca,2022-03-07,0.4102773844369801,14.367275558245868
Boyaca,2022-03-08,0.0138931572866202,14.457264655484812
Boyaca,2022-03-09,0.0117821710135886,14.51278325330957
Boyaca,2022-03-10,0.1076444424984462,14.820991984381996
Boyaca,2022-03-11,0.0294652152078128,14.972752593451697
Boyaca,2022-03-12,9.793099866570394,14.82747646615197
Boyaca,2022-03-13,4.405397920284702,14.648900730502351
Boyaca,2022-03-14,4.313000724052315,15.008248547554496
Boyaca,2022-03-15,1.7050300078141252,14.767199714796574
Boyaca,2022-03-16,0.6338624389402285,14.965144096292253
Boyaca,2022-03-17,1.087694405810879,14.995186636672925
Boyaca,2022-03-18,0.9153795184908332,15.2608906986423
Boyaca,2022-03-19,2.094553497643097,15.466618596135673
Boyaca,2022-03-20,3.790555944141382,15.268012455510076
Boyaca,2022-03-21,2.3538916673215784,15.241292957551616
Boyaca,2022-03-22,5.265823267721647,15.24043655357232
Boyaca,2022-03-23,2.5704363931842527,15.271876484290908
Boyaca,2022-03-24,1.0097874006540393,15.793652338295193
Boyaca,2022-03-25,3.8724730112281422,15.515088969644484
Boyaca,2022-03-26,2.4709955323090016,15.398827248807692
Boyaca,2022-03-27,3.232694542964601,15.40922652034273
Boyaca,2022-03-28,6.633084217823327,15.203094191182624
Boyaca,2022-03-29,22.956201790194708,14.90728335815134
Boyaca,2022-03-30,7.356659775778988,15.0333703670947
Boyaca,2022-03-31,2.342981317379919,15.022722450589702
Boyaca,2022-04-01,2.0116621226144624,15.28719684182629
Boyaca,2022-04-02,1.063978301973405,15.39510069137811
Boyaca,2022-04-03,6.510865635002344,15.532662730703535
Boyaca,2022-04-04,12.45825639469064,15.121380074617312
Boyaca,2022-04-05,9.83581077896886,14.85570640916688
Boyaca,2022-04-06,2.761271823710617,15.302437385198466
Boyaca,2022-04-07,17.011461181607096,14.889482724661088
Boyaca,2022-04-08,2.1923946646412147,14.895504489586068
Boyaca,2022-04-09,1.255714293757284,15.416265216118296
Boyaca,2022-04-10,2.0993003643771297,15.61896180967465
Boyaca,2022-04-11,1.0495176013166798,15.697940929114692
Boyaca,2022-04-12,3.857225845322291,15.8259200212029
Boyaca,2022-04-13,2.859494013090418,15.78308566412364
Boyaca,2022-04-14,0.6836245356685133,15.457112346761727
Boyaca,2022-04-15,9.339835538361552,15.488593792577872
Boyaca,2022-04-16,12.703807569822406,15.257541774983164
Boyaca,2022-04-17,23.850965385237224,14.372912228436029
Boyaca,2022-04-18,6.396961651225004,14.355516816607402
Boyaca,2022-04-19,2.9876535249715217,14.353570556093812
Boyaca,2022-04-20,15.290772935217111,14.42756334068368
Boyaca,2022-04-21,8.234560725351342,14.18187043719392
Boyaca,2022-04-22,6.474653213603494,14.252496492239407
Boyaca,2022-04-23,2.0123492455611407,14.454556010025204
Boyaca,2022-04-24,3.84230151740882,14.429904460848912
Boyaca,2022-04-25,26.393072216487205,14.729093057514692
Boyaca,2022-04-26,0.5104242432023836,14.392981578035522
Boyaca,2022-04-27,14.469789121059952,14.991517914773192
Boyaca,2022-04-28,14.882217497519562,14.792884351542192
Boyaca,2022-04-29,6.158770392716699,14.60827014227094
Boyaca,2022-04-30,4.644958049789297,14.396280229527026
Boyaca,2022-05-01,1.8773074741089064,14.968433274612044
Boyaca,2022-05-02,4.502670064090587,15.056700038154602
Boyaca,2022-05-03,0.0,15.554958898997349
Boyaca,2022-05-04,0.035612050439139,16.100325280834053
Boyaca,2022-05-05,15.09546898497632,15.48777096956878
Boyaca,2022-05-06,4.189304228271425,14.923297099153247
Boyaca,2022-05-07,11.594385779368666,14.1805432517499
Boyaca,2022-05-08,3.286575534929104,14.97375689197118
Boyaca,2022-05-09,16.445562959692833,15.02776814142114
Boyaca,2022-05-10,22.77225360950408,15.156189798614138
Boyaca,2022-05-11,16.49818955547075,14.83619843718702
Boyaca,2022-05-12,5.685430487376053,14.94225645852434
Boyaca,2022-05-13,6.139494992820488,15.368563864688529
Boyaca,2022-05-14,4.505210069820548,15.334714419398424
Boyaca,2022-05-15,1.9482467436138275,15.692294369530709
Boyaca,2022-05-16,11.999700533797284,15.454608654570048
Boyaca,2022-05-17,9.572741806463602,15.4200544422854
Boyaca,2022-05-18,12.574041988720088,14.71755256097781
Boyaca,2022-05-19,3.678926734371945,14.236177302440774
Boyaca,2022-05-20,1.247346755397046,14.368362071126835
Boyaca,2022-05-21,2.002463789325344,14.64976689905668
Boyaca,2022-05-22,0.2511070352488087,15.435808533620456
Boyaca,2022-05-23,4.402811687166247,15.105657507134929
Boyaca,2022-05-24,11.196511714618708,14.888874748141708
Boyaca,2022-05-25,9.499949098274906,14.605115688810574
Boyaca,2022-05-26,6.892177507759239,14.743144852123176
Boyaca,2022-05-27,7.319724612248966,14.141689076628928
Boyaca,2022-05-28,2.577530701464154,14.558332037022584
Boyaca,2022-05-29,7.019839451767821,14.811177903375574
Boyaca,2022-05-30,3.6899272088459134,14.943694586337406
Boyaca,2022-05-31,9.14487720456466,15.015923850654213
Boyaca,2022-06-01,9.107331217424743,15.028382542280076
Boyaca,2022-06-02,5.128984393363303,14.866100926582623
Boyaca,2022-06-03,3.979063854700515,14.588830395446935
Boyaca,2022-06-04,6.5847861140548565,14.193673014561371
Boyaca,2022-06-05,14.121478925294063,14.189281845899432
Boyaca,2022-06-06,2.5425817151275325,14.383778855071215
Boyaca,2022-06-07,16.02436549277078,14.379149412403928
Boyaca,2022-06-08,13.43123352437546,14.349947606118109
Boyaca,2022-06-09,3.0981859366033686,14.184400352062736
Boyaca,2022-06-10,2.576638538217147,14.54095851352849
Boyaca,2022-06-11,15.902699547312563,14.526638791566551
Boyaca,2022-06-12,4.956502908015191,13.888952335800234
Boyaca,2022-06-13,1.432442142270869,13.64418846482821
Boyaca,2022-06-14,2.643616575486856,13.88470670522829
Boyaca,2022-06-15,0.4542749855147905,14.169646195989776
Boyaca,2022-06-16,2.303699955480688,14.346870678522096
Boyaca,2022-06-17,4.149014431376472,14.347528771014716
Boyaca,2022-06-18,6.029485605800172,14.128149812019826
Boyaca,2022-06-19,20.51220724404513,14.154997220524908
Boyaca,2022-06-20,25.975452238100495,13.621268985965564
Boyaca,2022-06-21,1.3888543041267407,13.7644231882189
Boyaca,2022-06-22,0.1685144389468327,14.348318672009338
Boyaca,2022-06-23,18.473140886931738,14.531631352932846
Boyaca,2022-06-24,7.27384824179457,14.107520158132909
Boyaca,2022-06-25,3.345477555023273,13.96773427970028
Boyaca,2022-06-26,2.29700926035818,13.687148780126916
Boyaca,2022-06-27,0.1127965467394494,13.705288056691932
Boyaca,2022-06-28,3.725653562517248,14.440470337984822
Boyaca,2022-06-29,5.22541327730224,14.243108750579085
Boyaca,2022-06-30,22.54235767357894,14.337422948173646
Boyaca,2022-07-01,3.331409989115959,14.477947076753024
Boyaca,2022-07-02,1.172913481653744,14.521736753555572
Boyaca,2022-07-03,17.517582364842674,14.585136275111536
Boyaca,2022-07-04,3.2304695839209168,14.661268647358042
Boyaca,2022-07-05,0.7353604084135912,14.31445723153812
Boyaca,2022-07-06,13.904094313285013,14.96335546420186
Boyaca,2022-07-07,2.0700109806483917,14.561931723674782
Boyaca,2022-07-08,5.8195495353866535,14.223229378248911
Boyaca,2022-07-09,0.0348500734016423,14.49169020318341
Boyaca,2022-07-10,2.052468731341931,14.88775011959529
Boyaca,2022-07-11,9.49675071150502,14.37459822407518
Boyaca,2022-07-12,2.4683974017361736,14.474773833006877
Boyaca,2022-07-13,3.541278787474722,14.837489659577
Boyaca,2022-07-14,1.4048632419130425,15.073371601162876
Boyaca,2022-07-15,1.163039778429278,15.099342405620495
Boyaca,2022-07-16,0.7454115341370121,15.147095955637948
Boyaca,2022-07-17,2.8620692648367654,14.910255462301452
Boyaca,2022-07-18,23.322649265416885,14.58682205563308
Boyaca,2022-07-19,0.8896933489797482,15.050205514487695
Boyaca,2022-07-20,7.211177510511352,14.65459014825046
Boyaca,2022-07-21,2.4496678956782203,14.470906748558262
Boyaca,2022-07-22,0.2351956561240246,14.807201774131556
Boyaca,2022-07-23,2.928457493677928,14.52759909132704
Boyaca,2022-07-24,13.305867213453926,14.300289012377284
Boyaca,2022-07-25,15.906855475398157,14.485874412292493
Boyaca,2022-07-26,2.4816016810160155,14.249157336709867
Boyaca,2022-07-27,9.294866758992573,14.19558962767381
Boyaca,2022-07-28,8.309039914949661,14.113393288354604
Boyaca,2022-07-29,4.157780558481152,14.343001588496683
Boyaca,2022-07-30,4.194165177381357,14.435405906904496
Boyaca,2022-07-31,18.185726170653787,14.85634288094029
Boyaca,2022-08-01,11.701675685256262,14.826877031585052
Boyaca,2022-08-02,11.476251279154845,14.038127793723364
Boyaca,2022-08-03,0.9972667202553848,14.233694666481195
Boyaca,2022-08-04,1.5197351991902344,14.540731530838425
Boyaca,2022-08-05,3.7697792839744655,14.813727292982788
Boyaca,2022-08-06,14.315824390191771,14.092257879339469
Boyaca,2022-08-07,0.1656517771719622,14.59547756415042
Boyaca,2022-08-08,0.1225891866500972,14.8621971432917
Boyaca,2022-08-09,15.871797073007029,14.663861200477395
Boyaca,2022-08-10,2.0926033289920563,14.296200916306857
Boyaca,2022-08-11,5.291798345327644,14.360940638502113
Boyaca,2022-08-12,2.775124516076932,14.615266859629278
Boyaca,2022-08-13,7.769298380853764,14.553814741027418
Boyaca,2022-08-14,14.25941144980497,14.497215101567956
Boyaca,2022-08-15,0.9288605006442388,14.552743939113109
Boyaca,2022-08-16,7.835044476717209,14.439244908698331
Boyaca,2022-08-17,1.2033236456415397,15.140953223604434
Boyaca,2022-08-18,0.4822905847491872,15.18056865524396
Boyaca,2022-08-19,0.2172033991954932,15.205642970162112
Boyaca,2022-08-20,14.04895073003129,14.836800699453134
Boyaca,2022-08-21,5.914436627924017,14.241869517606212
Boyaca,2022-08-22,2.334010755150225,13.751910190440803
Boyaca,2022-08-23,0.692845228584127,13.917997963433727
Boyaca,2022-08-24,0.0038668204478377,14.474399834634848
Boyaca,2022-08-25,0.5532759565387767,14.658444058165012
Boyaca,2022-08-26,7.738333652959341,14.611759841151198
Boyaca,2022-08-27,18.10369088148997,14.488601620821171
Boyaca,2022-08-28,11.085103158638267,14.421707065167942
Boyaca,2022-08-29,7.634879008548877,13.95320894722361
Boyaca,2022-08-30,1.6194745095229877,14.372471117271852
Boyaca,2022-08-31,1.1286957128261963,14.437499081659135
Boyaca,2022-09-01,2.089501960554073,14.526974472279992
Boyaca,2022-09-02,4.589643383822436,14.77180664195934
Boyaca,2022-09-03,10.825476650706374,14.992191116901214
Boyaca,2022-09-04,8.990454892609938,14.521154755749366
Boyaca,2022-09-05,1.2477002856865629,14.370151431623
Boyaca,2022-09-06,1.2899553582333905,14.939919651647973
Boyaca,2022-09-07,0.1509289349609262,14.848898588910004
Boyaca,2022-09-08,3.94596068324254,14.80189385871603
Boyaca,2022-09-09,5.773432748342671,14.649470266321616
Boyaca,2022-09-10,4.1276970877878885,14.454938030909435
Boyaca,2022-09-11,8.139298601308159,15.183650413244996
Boyaca,2022-09-12,5.477364237431101,14.822694138448805
Boyaca,2022-09-13,4.852173454347835,14.52930291807494
Boyaca,2022-09-14,7.9791949402357565,14.493819843411618
Boyaca,2022-09-15,2.7105401083272507,14.99661690226956
Boyaca,2022-09-16,18.820481717924757,14.89441112185693
Boyaca,2022-09-17,1.859783652612433,14.969198670384054
Boyaca,2022-09-18,0.6931395702634804,14.902605266302436
Boyaca,2022-09-19,7.013754143681672,14.50983576908408
Boyaca,2022-09-20,2.9527287021713766,14.742587230619364
Boyaca,2022-09-21,10.348109401949063,14.716133325711692
Boyaca,2022-09-22,10.972720336744214,14.12803656863763
Boyaca,2022-09-23,4.264731445313334,14.56747890064054
Boyaca,2022-09-24,5.272124554852087,14.819257898648226
Boyaca,2022-09-25,7.494948824350692,14.48642078493037
Boyaca,2022-09-26,5.557791505022799,14.968846239344906
Boyaca,2022-09-27,1.3880970829069166,14.95504820413225
Boyaca,2022-09-28,8.41259189384665,14.745606578748594
Boyaca,2022-09-29,18.437934679942927,14.77032975046218
Boyaca,2022-09-30,14.128189578922605,14.493970009161568
Boyaca,2022-10-01,15.064345367669803,14.111673352464011
Boyaca,2022-10-02,9.561199445213273,14.385606581895724
Boyaca,2022-10-03,0.7670098198490064,14.566064079899087
Boyaca,2022-10-04,7.7646418106774595,14.592333984347691
Boyaca,2022-10-05,7.540649830532771,14.64158672508716
Boyaca,2022-10-06,26.66553268841828,14.358180040606223
Boyaca,2022-10-07,4.884645330829446,14.786726535848684
Boyaca,2022-10-08,8.347731978309024,14.715658061844382
Boyaca,2022-10-09,5.096619868883642,14.58415721637251
Boyaca,2022-10-10,2.8977676641527346,14.667102732472316
Boyaca,2022-10-11,7.834297479814793,14.814534416030623
Boyaca,2022-10-12,3.452001102283708,14.780469090086804
Boyaca,2022-10-13,18.354281205628336,14.684514708628912
Boyaca,2022-10-14,11.090416616335226,14.83065427542206
Boyaca,2022-10-15,2.646314563844946,14.844654320817826
Boyaca,2022-10-16,5.666941990668635,14.882795244958013
Boyaca,2022-10-17,11.82777021076978,14.708812285876062
Boyaca,2022-10-18,17.206212865099957,14.543169647641728
Boyaca,2022-10-19,4.676645890530839,14.802517707659865
Boyaca,2022-10-20,24.706792327142903,14.74081405397943
Boyaca,2022-10-21,1.3795720646979317,14.588073854221207
Boyaca,2022-10-22,8.984717314055768,14.812086950190803
Boyaca,2022-10-23,12.322479199492337,15.053381166498154
Boyaca,2022-10-24,23.71060229668594,14.535150840848724
Boyaca,2022-10-25,14.50828678966318,14.55135537433836
Boyaca,2022-10-26,32.53150717360866,14.870496294651684
Boyaca,2022-10-27,13.972491652058991,14.74673511550382
Boyaca,2022-10-28,30.375301276496824,14.788314021712484
Boyaca,2022-10-29,22.304227230251715,14.550073179094566
Boyaca,2022-10-30,9.112948128373086,14.88391512574228
Boyaca,2022-10-31,1.4151929070611426,14.594184407137613
Boyaca,2022-11-01,0.0138671549582511,14.926603073870972
Boyaca,2022-11-02,23.062321939890804,14.71951953641996
Boyaca,2022-11-03,8.484052761278292,14.269844112964318
Boyaca,2022-11-04,1.804671625695372,14.008063940910834
Boyaca,2022-11-05,11.875744243329718,14.278725905159192
Boyaca,2022-11-06,14.536594774692771,14.405383631530563
Boyaca,2022-11-07,3.7104247702636655,14.77285025203949
Boyaca,2022-11-08,14.124657680385488,14.564520740033991
Boyaca,2022-11-09,10.81200290979919,14.273669475332197
Boyaca,2022-11-10,9.070265933998112,14.51783577438088
Boyaca,2022-11-11,7.994713541656897,14.362968552444572
Boyaca,2022-11-12,13.87717681120256,14.249416204584548
Boyaca,2022-11-13,8.011745458596472,14.21976723759314
Boyaca,2022-11-14,4.655348826123332,14.682176611867243
Boyaca,2022-11-15,2.40411980595556,14.816980644687929
Boyaca,2022-11-16,6.972953135392558,15.031434114436593
Boyaca,2022-11-17,7.085501373372997,14.867422895749764
Boyaca,2022-11-18,14.149137209424891,14.297210276276008
Boyaca,2022-11-19,3.817197570857057,14.554083987317632
Boyaca,2022-11-20,2.946398133109082,14.818128410782068
Boyaca,2022-11-21,7.915677902602345,14.87442697529745
Boyaca,2022-11-22,0.0266258850209027,14.890721233056102
Boyaca,2022-11-23,0.4433543926311014,14.030098907300658
Boyaca,2022-11-24,0.1904242707137543,14.056333318782215
Boyaca,2022-11-25,7.287018153994308,14.33566816617262
Boyaca,2022-11-26,6.087770409492676,14.40865383329342
Boyaca,2022-11-27,10.411344658554452,14.24009227082112
Boyaca,2022-11-28,14.195355194347004,14.153443963718358
Boyaca,2022-11-29,10.901686689794015,13.934614211827814
Boyaca,2022-11-30,5.236345434314823,14.298572918799971
Boyaca,2022-12-01,0.3988126356858869,14.65130241560016
Boyaca,2022-12-02,0.0432059482414621,14.460959237430965
Boyaca,2022-12-03,0.2873346229501302,14.096946168391062
Boyaca,2022-12-04,1.79073125098978,14.118347241137476
Boyaca,2022-12-05,13.183888921135871,13.60140373668284
Boyaca,2022-12-06,2.0413871919977926,13.698007538051824
Boyaca,2022-12-07,0.0043224314481756,13.866038336523356
Boyaca,2022-12-08,0.8834822702635285,13.999133188717806
Boyaca,2022-12-09,0.0782806706607937,14.252437038303412
Boyaca,2022-12-10,5.293662009611155,13.923474626603044
Boyaca,2022-12-11,2.953399736056316,14.15617327188222
Boyaca,2022-12-12,3.58619302417344,13.759391062646698
Boyaca,2022-12-13,0.943957936475042,14.141695436440038
Boyaca,2022-12-14,0.4748045094355662,14.149535144064542
Boyaca,2022-12-15,0.1076680527416135,14.334392737802297
Boyaca,2022-12-16,0.1444538139366556,14.461686465449976
Boyaca,2022-12-17,0.1434123971052549,14.303509989397636
Boyaca,2022-12-18,2.997320188861903,14.119131747581685
Boyaca,2022-12-19,0.7491876893681448,14.065557375027064
Boyaca,2022-12-20,0.2173279649289091,14.47385117130566
Boyaca,2022-12-21,1.5697061361889688,14.73238079283089
Boyaca,2022-12-22,1.6847860372705217,14.81841237652935
Boyaca,2022-12-23,0.0916333100166244,14.868015679102202
Boyaca,2022-12-24,1.424058035837741,14.507820930285485
Boyaca,2022-12-25,0.0190033099899274,14.054167842437812
Boyaca,2022-12-26,0.0,14.299856788843911
Boyaca,2022-12-27,0.0784944507571701,14.20695815502488
Boyaca,2022-12-28,1.6972515658650136,14.704421458996112
Boyaca,2022-12-29,3.3553700735167147,14.520017890518702
Boyaca,2022-12-30,0.6586311976544643,14.289382969869592
Boyaca,2022-12-31,3.6043487291370577,14.44410584578316
Boyaca,2023-01-01,0.2791164951637401,14.297872106086444
Boyaca,2023-01-02,0.0,14.157225406483954
Boyaca,2023-01-03,1.3470919438674906,13.941465279470144
Boyaca,2023-01-04,0.9825847791509756,13.653395614894734
Boyaca,2023-01-05,1.1930147742081978,14.226663316284393
Boyaca,2023-01-06,1.2654815719307952,14.014606804515026
Boyaca,2023-01-07,4.876681470582743,14.241538108279135
Boyaca,2023-01-08,14.114171669604646,13.89025946233206
Boyaca,2023-01-09,2.6234790086501127,13.801070922303673
Boyaca,2023-01-10,7.263622582573961,13.913382073448126
Boyaca,2023-01-11,3.949505246706644,13.830075070316571
Boyaca,2023-01-12,7.450231975795187,13.994827759967018
Boyaca,2023-01-13,4.012070093758725,14.229344051210605
Boyaca,2023-01-14,6.253415875393896,14.265824913924783
Boyaca,2023-01-15,2.3960008170302363,14.127875592117922
Boyaca,2023-01-16,1.4121192814199015,14.309070608034263
Boyaca,2023-01-17,5.551256657363632,14.100899752668962
Boyaca,2023-01-18,5.878022967903887,13.93491598346035
Boyaca,2023-01-19,2.4812981104290985,13.615694285021862
Boyaca,2023-01-20,0.4507615299345245,13.582676015277734
Boyaca,2023-01-21,0.1300221407762498,13.709871097052464
Boyaca,2023-01-22,4.8112188974062455,13.894951786051823
Boyaca,2023-01-23,2.23899104103867,13.796261448770158
Boyaca,2023-01-24,1.4676855882320554,14.43453167742166
Boyaca,2023-01-25,0.0,14.132538962527423
Boyaca,2023-01-26,0.0,14.308103791858178
Boyaca,2023-01-27,0.0,14.490451917630232
Boyaca,2023-01-28,0.802773100992357,14.15915827679902
Boyaca,2023-01-29,0.0,14.023653980781912
Boyaca,2023-01-30,0.7502663217488323,14.433760219530672
Boyaca,2023-01-31,0.259516692633613,14.147728766037496
Boyaca,2023-02-01,0.0,14.135045260191644
Boyaca,2023-02-02,0.0,14.449108590544167
Boyaca,2023-02-03,0.0,14.317824737747916
Boyaca,2023-02-04,0.0291157749448296,14.563684022082738
Boyaca,2023-02-05,0.6357209477663247,14.053438243271993
Boyaca,2023-02-06,0.4490024399806895,14.706805162669434
Boyaca,2023-02-07,1.9810565651790304,14.851787376930195
Boyaca,2023-02-08,0.5946188878329738,14.721299360993246
Boyaca,2023-02-09,6.609359430105162,14.936660767996065
Boyaca,2023-02-10,0.5381912156370275,15.09895826746513
Boyaca,2023-02-11,2.951514785417779,15.315884347476912
Boyaca,2023-02-12,0.7168808890629709,15.320495044563517
Boyaca,2023-02-13,1.0318767287064123,15.428370685411334
Boyaca,2023-02-14,1.268936160082532,15.34050310923246
Boyaca,2023-02-15,6.195894460364575,15.334958815881436
Boyaca,2023-02-16,11.501094739944644,15.117678276080916
Boyaca,2023-02-17,4.299421474626178,15.013224306370788
Boyaca,2023-02-18,8.734159657511452,14.400989242325169
Boyaca,2023-02-19,0.294566915175099,14.49386144894469
Boyaca,2023-02-20,2.354692300331476,14.470582307004127
Boyaca,2023-02-21,1.8637241600946437,14.233167486064712
Boyaca,2023-02-22,1.3070100058953016,14.404052550933798
Boyaca,2023-02-23,1.0294529186034216,14.225624724589364
Boyaca,2023-02-24,2.0873232398460493,14.8906860798887
Boyaca,2023-02-25,0.0212553495384124,15.318445830356644
Boyaca,2023-02-26,0.0,14.979346138883423
Boyaca,2023-02-27,1.0155824687649164,15.29187986415396
Boyaca,2023-02-28,4.664754017201629,15.567819843634732
Boyaca,2023-03-01,7.920783990558212,15.578890427311686
Boyaca,2023-03-02,4.706212121352536,15.581990813388742
Boyaca,2023-03-03,0.9889562082186976,15.648216572483932
Boyaca,2023-03-04,8.49630580983486,15.485701194782086
Boyaca,2023-03-05,2.7689296764898104,15.449493143144378
Boyaca,2023-03-06,6.740210340552595,15.385508827321894
Boyaca,2023-03-07,8.556091950222958,15.203266382048255
Boyaca,2023-03-08,3.0979562702331496,14.65162555100019
Boyaca,2023-03-09,12.285774069720086,14.395932275832074
Boyaca,2023-03-10,4.625866824390709,14.637459031247827
Boyaca,2023-03-11,16.16961961733411,14.305969772035406
Boyaca,2023-03-12,14.64868198461579,14.00283416950658
Boyaca,2023-03-13,9.714341093144714,14.179428550671846
Boyaca,2023-03-14,8.374359361153054,14.404234148528715
Boyaca,2023-03-15,1.7506726831289654,14.31102856692547
Boyaca,2023-03-16,0.5717400509112417,14.376558665192304
Boyaca,2023-03-17,1.4224419322282584,14.425426883408402
Boyaca,2023-03-18,1.8136031478986552,14.73196800466262
Boyaca,2023-03-19,1.3675624238932,14.831642696937203
Boyaca,2023-03-20,0.2732060189270465,14.747693756459524
Boyaca,2023-03-21,0.144193439603445,14.63101634784435
Boyaca,2023-03-22,0.0022476985416422,14.50484516093355
Boyaca,2023-03-23,1.1098750599356406,14.698222615449463
Boyaca,2023-03-24,1.0161333039781022,15.005607420377208
Boyaca,2023-03-25,1.8049142881587588,14.399554943154063
Boyaca,2023-03-26,1.0213515699550688,14.424230300317689
Boyaca,2023-03-27,4.288925644242996,14.84502475836825
Boyaca,2023-03-28,13.257830483458337,14.742640446623737
Boyaca,2023-03-29,5.183073188502806,14.6564065695416
Boyaca,2023-03-30,1.0651135863655472,14.698314197713817
Boyaca,2023-03-31,2.5471810528223364,15.26045003124788
Boyaca,2023-04-01,2.186908089001617,15.070965309595625
Boyaca,2023-04-02,6.501627895449984,14.811423994687168
Boyaca,2023-04-03,1.5238570599946604,15.103057764836263
Boyaca,2023-04-04,8.321923105099387,15.379337108141671
Boyaca,2023-04-05,3.1131569128078382,15.085844928030712
Boyaca,2023-04-06,9.033297316939032,15.034445388649614
Boyaca,2023-04-07,3.9235133048715456,14.487540460850507
Boyaca,2023-04-08,0.925064764297726,14.38605188904916
Boyaca,2023-04-09,2.288615818228386,14.58432566882662
Boyaca,2023-04-10,3.7574991563750886,14.949703014928724
Boyaca,2023-04-11,2.9237000403033564,15.098096272205735
Boyaca,2023-04-12,4.455212453211497,15.253032595832009
Boyaca,2023-04-13,2.819683545794533,15.553490823493464
Boyaca,2023-04-14,8.148743443683388,15.548189999712651
Boyaca,2023-04-15,1.8001302364755465,15.831425274436544
Boyaca,2023-04-16,7.339977342905763,15.140287575610529
Boyaca,2023-04-17,28.417459884086533,14.549891972019765
Boyaca,2023-04-18,9.145499629825649,14.756783712554112
Boyaca,2023-04-19,1.1489869233117724,14.950387406520964
Boyaca,2023-04-20,3.008745167351872,15.28707985394885
Boyaca,2023-04-21,17.23847914685437,14.913421484125564
Boyaca,2023-04-22,22.040773071301174,14.58912555646872
Boyaca,2023-04-23,8.293984047424233,14.521029943183166
Boyaca,2023-04-24,10.243871426692875,14.365717249832976
Boyaca,2023-04-25,6.387195757089895,14.347344874457354
Boyaca,2023-04-26,25.572476108473506,14.72039740547097
Boyaca,2023-04-27,1.287687592659054,14.726679253647449
Boyaca,2023-04-28,14.101481853947504,14.893276587989654
Boyaca,2023-04-29,3.653560224454986,15.004580649212672
Boyaca,2023-04-30,7.534213228573298,15.26244362036577
Boyaca,2023-05-01,0.0490021595824896,15.28661147377612
Boyaca,2023-05-02,0.163941731961612,15.635737187393415
Boyaca,2023-05-03,0.0,15.366925173523898
Boyaca,2023-05-04,0.0,15.348607214217594
Boyaca,2023-05-05,0.2910666354277832,15.813390558555437
Boyaca,2023-05-06,1.2663008412731889,15.82298842888345
Boyaca,2023-05-07,1.845780544325809,15.852827166297706
Boyaca,2023-05-08,1.5659586614248049,15.90213089810906
Boyaca,2023-05-09,4.92447387882754,16.086117698230066
Boyaca,2023-05-10,16.94478723877007,15.338875976041392
Boyaca,2023-05-11,5.501979107971382,15.245807643699433
Boyaca,2023-05-12,5.733475025131278,15.584184272109107
Boyaca,2023-05-13,1.3788320964920024,15.586146199226045
Boyaca,2023-05-14,3.290771455156925,15.65867563713945
Boyaca,2023-05-15,13.201303349807334,15.645387330407464
Boyaca,2023-05-16,1.2619946759176215,15.6637182461226
Boyaca,2023-05-17,6.313997014850285,15.492554918002206
Boyaca,2023-05-18,3.7674731076783297,16.324051204115865
Boyaca,2023-05-19,5.36020901343019,16.55096575092369
Boyaca,2023-05-20,17.88969860813685,16.23145790616876
Boyaca,2023-05-21,19.292170740861607,15.836650948079685
Boyaca,2023-05-22,17.89955871985527,15.341570564212343
Boyaca,2023-05-23,12.791379252509108,14.95887909824184
Boyaca,2023-05-24,9.505632431680196,15.309863887338889
Boyaca,2023-05-25,9.508065750757098,15.16076134552956
Boyaca,2023-05-26,20.320723174595656,14.922616925492692
Boyaca,2023-05-27,4.670888642664485,15.056433340327716
Boyaca,2023-05-28,3.772379752492243,15.382366216402769
Boyaca,2023-05-29,2.7051603827467603,15.383743466416004
Boyaca,2023-05-30,8.90811425842557,15.251423497588474
Boyaca,2023-05-31,11.119798496480133,14.90407433885277
Boyaca,2023-06-01,10.184708511351683,15.12494845704591
Boyaca,2023-06-02,10.536534837248238,15.21854495099212
Boyaca,2023-06-03,0.6173247214926179,15.546647275875438
Boyaca,2023-06-04,1.826967250966135,15.501402890731391
Boyaca,2023-06-05,22.165108039340986,14.974096804355945
Boyaca,2023-06-06,4.936122416924224,15.072989360991327
Boyaca,2023-06-07,4.307428155557769,15.24327057526498
Boyaca,2023-06-08,18.237992629777093,15.031153893047856
Boyaca,2023-06-09,2.125688538519615,15.029358816316073
Boyaca,2023-06-10,0.9093723091165842,15.294322294861326
Boyaca,2023-06-11,9.350810214663902,15.298521491272474
Boyaca,2023-06-12,9.372990932031742,15.4250955291766
Boyaca,2023-06-13,0.5222246339954806,15.28379061287788
Boyaca,2023-06-14,3.5718757722676453,15.221669740782518
Boyaca,2023-06-15,12.49457059130842,14.99796723763382
Boyaca,2023-06-16,1.4639838017914528,14.58138621524774
Boyaca,2023-06-17,0.5863994911770773,14.399382974036593
Boyaca,2023-06-18,0.0,14.38285827878704
Boyaca,2023-06-19,0.0,14.967505788657878
Boyaca,2023-06-20,0.0,15.363592153049606
Boyaca,2023-06-21,1.4862589021951895,15.35440627269218
Boyaca,2023-06-22,3.370050005581977,15.302382522351742
Boyaca,2023-06-23,5.146744537399596,15.391560313609633
Boyaca,2023-06-24,26.02652943173399,15.09779035031438
Boyaca,2023-06-25,4.896610325284684,15.03900588281363
Boyaca,2023-06-26,3.8390934888088575,14.95878360175331
Boyaca,2023-06-27,0.8867375123376563,15.25360199377642
Boyaca,2023-06-28,2.4026404455934656,15.50816006873908
Boyaca,2023-06-29,14.7493676581152,15.635160530546164
Boyaca,2023-06-30,2.470720866524476,15.64260734403896
Boyaca,2023-07-01,2.5749135582345044,15.538315145970204
Boyaca,2023-07-02,11.256065661064126,15.482578351235114
Boyaca,2023-07-03,0.6816325130401352,15.514281339733936
Boyaca,2023-07-04,11.99770724112846,15.396051899395596
Boyaca,2023-07-05,20.890262433832056,15.22135152054943
Boyaca,2023-07-06,6.285834714028906,15.179363326430344
Boyaca,2023-07-07,1.8964177089112924,15.2759692104821
Boyaca,2023-07-08,6.199161211934097,15.015845211810944
Boyaca,2023-07-09,0.7318904772563233,14.895671506760822
Boyaca,2023-07-10,15.754627627452823,14.972685414012064
Boyaca,2023-07-11,1.3374550784760155,15.118217422695375
Boyaca,2023-07-12,3.6343195724380206,15.152186714459216
Boyaca,2023-07-13,0.151823204600638,15.430110345541152
Boyaca,2023-07-14,14.743857596292765,15.368465837030884
Boyaca,2023-07-15,2.59536557003468,15.35526927737054
Boyaca,2023-07-16,4.94264366461031,15.289832701459382
Boyaca,2023-07-17,2.3598788393401517,15.056904442315586
Boyaca,2023-07-18,0.194496735822601,15.078147085706831
Boyaca,2023-07-19,20.6483459831797,14.512415953181184
Boyaca,2023-07-20,0.1633053485968478,15.225830382406723
Boyaca,2023-07-21,5.356281240272374,14.96327825530615
Boyaca,2023-07-22,3.728936812583933,15.083968630224309
Boyaca,2023-07-23,1.3287285020163395,15.30433707798284
Boyaca,2023-07-24,9.138860461241324,15.687868526674668
Boyaca,2023-07-25,6.053043907317308,15.555415487691066
Boyaca,2023-07-26,3.9656309580887728,15.415909311070171
Boyaca,2023-07-27,24.61886455734396,15.177211893429847
Boyaca,2023-07-28,3.747715218392704,14.86357150558882
Boyaca,2023-07-29,1.1002264047410175,14.949233257716322
Boyaca,2023-07-30,1.3437023318182997,14.968950377039391
Boyaca,2023-07-31,4.319834877478487,14.836577404590864
Boyaca,2023-08-01,0.1948445958302765,14.874471686876978
Boyaca,2023-08-02,0.0693362237022936,14.638436761138449
Boyaca,2023-08-03,9.315170573741677,15.188296671791775
Boyaca,2023-08-04,2.173560574619516,15.09347174299649
Boyaca,2023-08-05,12.656000384541692,15.446365919729436
Boyaca,2023-08-06,2.457033626155256,15.325139811915438
Boyaca,2023-08-07,9.279275547044394,15.620777130769532
Boyaca,2023-08-08,0.0711355560473634,15.667725453603929
Boyaca,2023-08-09,7.584641893232109,15.62170632495016
Boyaca,2023-08-10,8.617976218479761,15.398022346590956
Boyaca,2023-08-11,2.319732333184321,15.617620066436473
Boyaca,2023-08-12,6.672257296900628,15.168170546596766
Boyaca,2023-08-13,5.261772143263103,15.461485884667535
Boyaca,2023-08-14,1.1845332362605474,15.31378645407997
Boyaca,2023-08-15,4.713379431479015,15.176961100975202
Boyaca,2023-08-16,1.542472783223821,15.219831740606276
Boyaca,2023-08-17,0.2114124497786827,15.686859002376732
Boyaca,2023-08-18,4.480326294356104,15.882542847016598
Boyaca,2023-08-19,2.045181381410271,15.915105473435997
Boyaca,2023-08-20,21.9789789403535,16.13347419838847
Boyaca,2023-08-21,3.5204714376252206,15.82426233611879
Boyaca,2023-08-22,25.23763298900844,15.45689579471146
Boyaca,2023-08-23,1.5460632819967444,15.308456924644132
Boyaca,2023-08-24,0.7685337651336688,15.761357020398757
Boyaca,2023-08-25,0.396049710805638,15.87665478440764
Boyaca,2023-08-26,1.2079618264356875,15.519115755697593
Boyaca,2023-08-27,1.9886645765421285,15.340567669459908
Boyaca,2023-08-28,2.7980580234834944,15.421377676729486
Boyaca,2023-08-29,3.0238461875366283,15.524655982526369
Boyaca,2023-08-30,6.577676779707849,15.862484756946609
Boyaca,2023-08-31,0.3906650777915831,15.766052514625066
Boyaca,2023-09-01,0.1488216679108673,15.900556911814029
Boyaca,2023-09-02,9.55707413332589,16.02383406024954
Boyaca,2023-09-03,1.9806044782913648,15.5133536986791
Boyaca,2023-09-04,3.765123527990152,15.204329999499846
Boyaca,2023-09-05,5.4928736422959865,15.625601522950666
Boyaca,2023-09-06,6.456837476397863,15.669257206717411
Boyaca,2023-09-07,1.8594182866814943,15.481371080142733
Boyaca,2023-09-08,3.096189964272983,15.53833350205611
Boyaca,2023-09-09,0.8585159868900208,15.787321025992124
Boyaca,2023-09-10,3.9363559438318174,15.472057742236553
Boyaca,2023-09-11,3.068062806011568,15.762572580251495
Boyaca,2023-09-12,2.336657423283558,15.536165301504072
Boyaca,2023-09-13,0.9635529826812298,15.733203785842372
Boyaca,2023-09-14,7.0393998224045164,15.65295331460264
Boyaca,2023-09-15,0.8299165769165798,15.822289277230446
Boyaca,2023-09-16,1.2488580212022158,15.40882692359256
Boyaca,2023-09-17,8.589841594474946,15.551841560191278
Boyaca,2023-09-18,0.339760352828191,15.174075042220998
Boyaca,2023-09-19,1.320252433826085,15.272417485551214
Boyaca,2023-09-20,0.0251075233770115,15.2614821800104
Boyaca,2023-09-21,0.0113592117435372,15.636757533671537
Boyaca,2023-09-22,6.976596959299543,16.002926847524026
Boyaca,2023-09-23,17.430094021895282,15.436576205934024
Boyaca,2023-09-24,3.7382610714074302,15.368834179526004
Boyaca,2023-09-25,0.7094837297582084,15.799929468581285
Boyaca,2023-09-26,3.827183631955756,16.10172046770339
Boyaca,2023-09-27,4.019179474049392,16.102010206558816
Boyaca,2023-09-28,2.1846714362099533,16.161596244585365
Boyaca,2023-09-29,5.077183156345298,16.27343388431559
Boyaca,2023-09-30,1.780771227241067,16.22133494644652
Boyaca,2023-10-01,8.645747268874917,16.567459921622756
Boyaca,2023-10-02,1.034735633568219,16.33516638385004
Boyaca,2023-10-03,4.412191682369913,16.11536238072611
Boyaca,2023-10-04,9.955996965330398,15.94070428086028
Boyaca,2023-10-05,7.028235277903255,15.870967377294695
Boyaca,2023-10-06,4.210475198269222,16.14721064674035
Boyaca,2023-10-07,9.231085301172266,16.177463974129214
Boyaca,2023-10-08,5.319292663757071,15.906598630587403
Boyaca,2023-10-09,1.671486372431818,16.153348232288884
Boyaca,2023-10-10,11.236695943633034,15.932610962515088
Boyaca,2023-10-11,3.022793117301714,15.775901170503737
Boyaca,2023-10-12,0.6625719380063041,15.65246258393776
Boyaca,2023-10-13,2.825856755032168,15.704086178167596
Boyaca,2023-10-14,7.158062211144979,15.481093634570678
Boyaca,2023-10-15,0.5370317618481898,15.253369058200892
Boyaca,2023-10-16,3.345860277319913,15.020211286975131
Boyaca,2023-10-17,3.175011792463166,15.012237751122097
Boyaca,2023-10-18,0.6412234008937221,15.624070446497166
Boyaca,2023-10-19,6.412116721149308,15.724873870821202
Boyaca,2023-10-20,8.49491361766653,15.27290340939404
Boyaca,2023-10-21,1.7749619030105406,15.55274949600995
Boyaca,2023-10-22,15.661968403501708,15.08725859600984
Boyaca,2023-10-23,6.9288496474555705,15.675802601627463
Boyaca,2023-10-24,7.282602991609623,15.444423985629124
Boyaca,2023-10-25,3.234919628632923,15.366908716037008
Boyaca,2023-10-26,3.220689792560558,15.382358982108231
Boyaca,2023-10-27,6.775149532898052,14.983856541955904
Boyaca,2023-10-28,3.255209751639488,15.167492426567524
Boyaca,2023-10-29,36.31995876843055,15.036130311435054
Boyaca,2023-10-30,1.4527453671462391,15.458580147131087
Boyaca,2023-10-31,3.0132660117288186,15.385136158276776
Boyaca,2023-11-01,13.715338766275844,15.225240482122132
Boyaca,2023-11-02,5.890086756731868,15.226272433608106
Boyaca,2023-11-03,11.786089387468524,15.303272734176096
Boyaca,2023-11-04,8.825526754888172,14.846921718878944
Boyaca,2023-11-05,0.6092068676425222,14.922300620469208
Boyaca,2023-11-06,5.111014864722081,15.322544320427845
Boyaca,2023-11-07,11.70471913460554,15.215632986461054
Boyaca,2023-11-08,0.4319662761960779,15.348128097646866
Boyaca,2023-11-09,0.3126604573262642,15.890826595082084
Boyaca,2023-11-10,5.72187801756216,15.831173806142164
Boyaca,2023-11-11,4.4249030221217645,15.694650432746805
Boyaca,2023-11-12,1.5032295223108425,15.579075939404222
Boyaca,2023-11-13,1.9223814369598455,16.135487187941372
Boyaca,2023-11-14,2.5147158342376352,16.085524049075456
Boyaca,2023-11-15,3.5424045689216834,16.026026474894255
Boyaca,2023-11-16,1.779917015372357,15.998411893419126
Boyaca,2023-11-17,0.4629602722651749,16.030248289071043
Boyaca,2023-11-18,10.62158050531816,15.739180742121722
Boyaca,2023-11-19,5.0007316651479705,15.749131657261014
Boyaca,2023-11-20,2.076791144135733,15.445154493046417
Boyaca,2023-11-21,0.0056635082010679,15.367081438920502
Boyaca,2023-11-22,0.1729505081085877,15.69091315819573
Boyaca,2023-11-23,0.1844021597579737,15.70195767846593
Boyaca,2023-11-24,3.4077973927014384,15.299835985598872
Boyaca,2023-11-25,8.342172846408866,15.301134107815544
Boyaca,2023-11-26,4.516255737546465,15.044161697241188
Boyaca,2023-11-27,0.0085465817708532,15.217296453607965
Boyaca,2023-11-28,0.0,15.251841471204925
Boyaca,2023-11-29,1.9335456297694336,15.124186284551602
Boyaca,2023-11-30,0.0,15.4291404924269
Boyaca,2023-12-01,0.0,15.321101481218252
Boyaca,2023-12-02,0.0,15.092944789113142
Boyaca,2023-12-03,0.0,15.105716967974931
Boyaca,2023-12-04,0.0,15.458952704960351
Boyaca,2023-12-05,0.0652576178168921,15.266285227153665
Boyaca,2023-12-06,1.777221639254796,15.25991729099523
Boyaca,2023-12-07,1.4977541684631344,15.362552130039925
Boyaca,2023-12-08,0.713106187849758,15.354916498465666
Boyaca,2023-12-09,1.4927537917853078,15.646799486889876
Boyaca,2023-12-10,4.743088906313094,15.811979595097274
Boyaca,2023-12-11,0.1392769042873242,16.092335026714444
Boyaca,2023-12-12,3.504679913246357,16.215247485757587
Boyaca,2023-12-13,0.0802166534639747,16.318759873808606
Boyaca,2023-12-14,1.4753463153906472,16.663460265719046
Boyaca,2023-12-15,2.749247546395785,16.110735421173416
Boyaca,2023-12-16,6.31592522323563,15.839363457043005
Boyaca,2023-12-17,11.863387602990583,15.364815564865328
Boyaca,2023-12-18,6.229216294418979,15.664988766571728
Boyaca,2023-12-19,1.0987603613828976,15.854530898440352
Boyaca,2023-12-20,1.3117608113991863,15.748187148580868
Boyaca,2023-12-21,0.3370904918343247,15.760612333061475
Boyaca,2023-12-22,3.2404090524414646,16.162444255424084
Boyaca,2023-12-23,3.1256670490648077,16.038332771257828
Boyaca,2023-12-24,0.0646682654641226,15.982558734725544
Boyaca,2023-12-25,6.863137215427984,16.020824651824462
Boyaca,2023-12-26,14.868294305630366,15.738630941957227
Boyaca,2023-12-27,0.9582885144447446,15.812691305461522
Boyaca,2023-12-28,7.411605046970816,15.933331003268762
Boyaca,2023-12-29,3.7148620284472784,15.604637730880832
Boyaca,2023-12-30,0.6263654480551445,15.71677832262187
Boyaca,2023-12-31,1.7489148431729364,15.568214178445947
Boyaca,2024-01-01,0.6524331162826242,15.77468582658888
Boyaca,2024-01-02,0.0,16.018748214134387
Boyaca,2024-01-03,0.0,15.95718385760466
Boyaca,2024-01-04,0.0,15.491187796220036
Boyaca,2024-01-05,0.0,15.237848313878525
Boyaca,2024-01-06,0.0676100106217554,15.501205619834188
Boyaca,2024-01-07,0.1923566509652939,15.470241851732853
Boyaca,2024-01-08,0.0,15.20596058803859
Boyaca,2024-01-09,0.1416240698525847,15.353840822398228
Boyaca,2024-01-10,3.010479314176067,15.73407855862187
Boyaca,2024-01-11,0.7477219674600389,16.04283623526709
Boyaca,2024-01-12,0.0184410790985531,16.117552448763945
Boyaca,2024-01-13,0.0042580770737413,15.884347480725014
Boyaca,2024-01-14,0.1898264736568238,15.810591336900998
Boyaca,2024-01-15,0.0,15.43072636678855
Boyaca,2024-01-16,0.0,14.96311821896038
Boyaca,2024-01-17,0.0040126512173078,15.543998432217563
Boyaca,2024-01-18,0.31229579286202,16.0154506092477
Boyaca,2024-01-19,0.6056917538924842,15.760521694252162
Boyaca,2024-01-20,0.1190918111365859,15.887775844774591
Boyaca,2024-01-21,1.7119476958564583,15.764315521420178
Boyaca,2024-01-22,4.21510666370088,15.799401432137588
Boyaca,2024-01-23,0.0,15.609267499813214
Boyaca,2024-01-24,0.0,16.055737950122325
Boyaca,2024-01-25,0.0,16.26039586980616
Boyaca,2024-01-26,0.0,16.298758708077695
Boyaca,2024-01-27,0.0973458171474134,16.7202732086592
Boyaca,2024-01-28,0.0,16.766915918026324
Boyaca,2024-01-29,1.1036927541294717,17.1804988807903
Boyaca,2024-01-30,0.2581959770690396,17.105475122552782
Boyaca,2024-01-31,4.767921185766997,16.604932292758757
Boyaca,2024-02-01,1.7043961147968103,16.593581350159987
Boyaca,2024-02-02,29.147799571959776,16.124325054401
Boyaca,2024-02-03,14.189836001867013,15.678003600879023
Boyaca,2024-02-04,5.784109050261951,15.489484336956144
Boyaca,2024-02-05,6.220813181605298,15.602988475849774
Boyaca,2024-02-06,5.781819064186822,15.511237039604714
Boyaca,2024-02-07,0.8659134938178759,15.608911928412686
Boyaca,2024-02-08,1.2053504550215342,16.02636829708846
Boyaca,2024-02-09,0.9741219190631812,16.149081831009532
Boyaca,2024-02-10,0.0243958911592226,16.116669858883263
Boyaca,2024-02-11,0.0499697247614833,16.10246836779153
Boyaca,2024-02-12,0.0,16.038986873582314
Boyaca,2024-02-13,0.0,16.19062138074739
Boyaca,2024-02-14,0.3569764551954043,16.039269217779083
Boyaca,2024-02-15,0.2560275481866229,16.072807619642894
Boyaca,2024-02-16,0.8865249887647401,16.128465467930916
Boyaca,2024-02-17,0.1068709314965051,16.380325069139737
Boyaca,2024-02-18,0.0568661949926607,16.632095072743954
Boyaca,2024-02-19,0.0320337824711865,16.618388579807174
Boyaca,2024-02-20,0.6001234071219634,16.93605150699159
Boyaca,2024-02-21,0.0,16.60648592764457
Boyaca,2024-02-22,0.2607337881714955,16.169477727335206
Boyaca,2024-02-23,0.0073894243662115,16.159459539313062
Boyaca,2024-02-24,0.0109418340505573,16.071403117983593
Boyaca,2024-02-25,0.0055693546622946,16.391137355171082
Boyaca,2024-02-26,0.6320369254834923,15.902819879970265
Boyaca,2024-02-27,0.886570086701096,16.088001007284102
Boyaca,2024-02-28,1.6781569226293802,16.161578483200117
Boyaca,2024-02-29,0.0854611738697028,16.36999066126621
Boyaca,2024-03-01,0.6366215553890646,16.28890622574444
Boyaca,2024-03-02,0.0064321880969195,16.21150256383424
Boyaca,2024-03-03,1.7667051632530368,16.182634237732625
Boyaca,2024-03-04,1.325923096527823,16.30876594909579
Boyaca,2024-03-05,0.4658825765023612,16.421827743949205
Boyaca,2024-03-06,0.0995713028542241,16.806135479296476
Boyaca,2024-03-07,0.0397418476740748,17.032371924189512
Boyaca,2024-03-08,7.37869813309916,17.205487150175806
Boyaca,2024-03-09,6.094023117147081,16.81235707985078
Boyaca,2024-03-10,0.3030425526952022,17.093327535600547
Boyaca,2024-03-11,1.6673103648817045,17.16936120804089
Boyaca,2024-03-12,0.1398835902940708,17.09103942056016
Boyaca,2024-03-13,1.4079622524124538,17.158289492928805
Boyaca,2024-03-14,1.5545166923071958,17.475660848212573
Boyaca,2024-03-15,1.2345861338679158,17.393973613826965
Boyaca,2024-03-16,0.7935824214534701,17.454495990029855
Boyaca,2024-03-17,1.824113791105905,17.35784813138881
Boyaca,2024-03-18,0.8036702813780463,17.084403478506744
Boyaca,2024-03-19,5.375449601372875,17.108996281782616
Boyaca,2024-03-20,1.7070001666403665,17.119025906309012
Boyaca,2024-03-21,2.2533859088290837,16.671359543143655
Boyaca,2024-03-22,1.0940667046734545,17.144831819749335
Boyaca,2024-03-23,2.279874590946596,16.95428381285757
Boyaca,2024-03-24,0.5665931250348414,16.947096471304974
Boyaca,2024-03-25,11.934709914504433,16.69830607348729
Boyaca,2024-03-26,5.4728508853511375,16.150598293548246
Boyaca,2024-03-27,1.5833373400475952,16.757136135185434
Boyaca,2024-03-28,5.34238532035679,16.723538887552497
Boyaca,2024-03-29,1.355714168108982,16.63039584351083
Boyaca,2024-03-30,11.539450684445066,16.997263239580434
Boyaca,2024-03-31,1.105096737049467,16.54159797097274
Boyaca,2024-04-01,4.4209886295798695,16.20536544570677
Boyaca,2024-04-02,1.7567403288189345,15.869229560463538
Boyaca,2024-04-03,9.640363789618451,15.904679321566904
Boyaca,2024-04-04,11.223544248169336,15.566761423935446
Boyaca,2024-04-05,7.459850567565302,16.02313789898397
Boyaca,2024-04-06,1.6041228704838002,15.903061414507508
Boyaca,2024-04-07,0.1320054977476619,16.236311039003393
Boyaca,2024-04-08,2.214683945596309,16.654599475823026
Boyaca,2024-04-09,3.444851292488341,16.452127266593262
Boyaca,2024-04-10,0.0127440943803592,16.838487987096578
Boyaca,2024-04-11,0.2303303338401041,16.761114739341263
Boyaca,2024-04-12,0.6452664180994196,16.72579567102674
Boyaca,2024-04-13,0.9507295083671198,17.024238728566125
Boyaca,2024-04-14,0.7108198427263552,17.359522878367127
Boyaca,2024-04-15,2.6354537709676915,17.409703756087126
Boyaca,2024-04-16,0.5236733881586247,17.39713664738267
Boyaca,2024-04-17,3.2628755071486317,17.307797829226395
Boyaca,2024-04-18,28.65812747262509,16.449573301755496
Boyaca,2024-04-19,8.178586379647614,15.61479938223952
Boyaca,2024-04-20,8.553835493723733,15.82958734131791
Boyaca,2024-04-21,9.049086279715212,15.778251392597094
Boyaca,2024-04-22,10.968963920280896,15.189224998187878
Boyaca,2024-04-23,1.0383827608626963,15.80390127811095
Boyaca,2024-04-24,5.315175243422088,16.43877445951408
Boyaca,2024-04-25,15.707750566610406,16.159927603200742
Boyaca,2024-04-26,4.103815784774292,15.61241498372339
Boyaca,2024-04-27,6.218413194052864,15.83219687614941
Boyaca,2024-04-28,3.5713158323126195,15.65707144326253
Boyaca,2024-04-29,34.02104624073888,15.263145564514453
Boyaca,2024-04-30,3.7916316007959,15.614756660173002
Boyaca,2024-05-01,5.790125084074565,16.1026511483623
Boyaca,2024-05-02,7.3340068819837185,16.06111055960714
Boyaca,2024-05-03,5.664454187493049,16.46851881567445
Boyaca,2024-05-04,7.677606063497385,16.019072281984094
Boyaca,2024-05-05,20.64895274910548,15.774839147123398
Boyaca,2024-05-06,0.3377503549843332,16.35060144738949
Boyaca,2024-05-07,3.114226979690535,16.943894153052685
Boyaca,2024-05-08,14.452933292682012,16.303031910613786
Boyaca,2024-05-09,24.815343460662085,15.539430446192103
Boyaca,2024-05-10,3.9686111638009134,15.53678105342726
Boyaca,2024-05-11,2.697346149955986,15.990508443314766
Boyaca,2024-05-12,4.488577135679601,16.04809290717055
Boyaca,2024-05-13,14.981656085368153,16.791875799545707
Boyaca,2024-05-14,0.0160347332545196,16.553110438924755
Boyaca,2024-05-15,11.4175310088577,16.30741439124564
Boyaca,2024-05-16,6.866686501273128,16.053949192597972
Boyaca,2024-05-17,3.8809624086418895,16.427086917628568
Boyaca,2024-05-18,2.4342550469595428,16.2449569699688
Boyaca,2024-05-19,14.083278053198468,16.219404365934153
Boyaca,2024-05-20,3.913405179498565,16.15629217449078
Boyaca,2024-05-21,15.312989611975963,15.72298102092265
Boyaca,2024-05-22,1.9003664650137264,16.263643165065904
Boyaca,2024-05-23,2.04440719477832,16.107921185992687
Boyaca,2024-05-24,10.10772518379241,16.41588942086157
Boyaca,2024-05-25,8.253264194059309,16.049883430955916
Boyaca,2024-05-26,14.40628568742016,15.73666838103975
Boyaca,2024-05-27,14.927418841292262,15.711386205519249
Boyaca,2024-05-28,3.4347808759357306,16.11237598530341
Boyaca,2024-05-29,24.55995637968116,15.647081137610977
Boyaca,2024-05-30,4.718199787029013,15.451097811209614
Boyaca,2024-05-31,0.3333612758841061,15.616816675101218
Boyaca,2024-06-01,0.7886514037147775,15.99461108877155
Boyaca,2024-06-02,2.5904531365353844,16.25715272952185
Boyaca,2024-06-03,17.08449188048199,16.332363490978416
Boyaca,2024-06-04,20.10524640996868,15.207213524145578
Boyaca,2024-06-05,1.547461787524635,15.380781308327196
Boyaca,2024-06-06,2.098285669238852,15.847502927442166
Boyaca,2024-06-07,4.970359807900435,15.58683969917189
Boyaca,2024-06-08,10.767271065159044,15.828951403408016
Boyaca,2024-06-09,10.07304308781759,15.6590373010092
Boyaca,2024-06-10,4.775408754871327,15.28236311427996
Boyaca,2024-06-11,14.182379667448853,15.226423896215664
Boyaca,2024-06-12,3.1361476280470093,15.279419387947572
Boyaca,2024-06-13,8.396629052468985,15.981284893454127
Boyaca,2024-06-14,13.143444485558303,15.741441385613513
Boyaca,2024-06-15,12.519250004951772,15.332528821800798
Boyaca,2024-06-16,14.751151659799543,15.165738198390033
Boyaca,2024-06-17,3.9204630069194177,15.12762002749792
Boyaca,2024-06-18,7.804408160059011,15.544528390228
Boyaca,2024-06-19,16.2149720799595,15.23564176948742
Boyaca,2024-06-20,13.936204830624906,15.255674872763956
Boyaca,2024-06-21,8.617316669282308,14.927988306271228
Boyaca,2024-06-22,1.4601751842964068,15.48831217617172
Boyaca,2024-06-23,18.364331103995216,15.126948698266911
Boyaca,2024-06-24,8.35748356635881,15.20827831828427
Boyaca,2024-06-25,23.72167918876116,15.352214622955584
Boyaca,2024-06-26,2.021482400213181,14.992308901130722
Boyaca,2024-06-27,2.3608547752465983,14.676685858256477
Boyaca,2024-06-28,5.242711006457826,14.726429804874533
Boyaca,2024-06-29,15.764029512704308,15.007217961692696
Boyaca,2024-06-30,2.2732341887846093,15.23058771901001
Boyaca,2024-07-01,21.033256541664777,15.503911605067776
Boyaca,2024-07-02,11.452755253440776,15.394879191213096
Boyaca,2024-07-03,1.650204300428232,15.180264990207508
Boyaca,2024-07-04,0.7169174992693575,15.491349570937432
Boyaca,2024-07-05,39.43503215863906,14.605323636909104
Boyaca,2024-07-06,2.1279767415723683,14.678052053604354
Boyaca,2024-07-07,0.3892840439183889,14.74249225876622
Boyaca,2024-07-08,3.68329128676562,14.992609232152104
Boyaca,2024-07-09,7.480491212763069,15.236555197537774
Boyaca,2024-07-10,0.2165604951122471,15.26886143154116
Boyaca,2024-07-11,0.8829057323836572,15.534314481905268
Boyaca,2024-07-12,15.536373894040198,14.963980090973196
Boyaca,2024-07-13,1.5558963296525583,14.645219973296328
Boyaca,2024-07-14,1.181123524396904,14.777135375043123
Boyaca,2024-07-15,12.557477986034352,15.090426669551292
Boyaca,2024-07-16,1.003442120599734,15.08900510709152
Boyaca,2024-07-17,4.345461583264594,14.815183546110536
Boyaca,2024-07-18,0.3518400874335524,14.700499224740568
Boyaca,2024-07-19,2.0800098106880878,14.905026242054864
Boyaca,2024-07-20,0.0068817566240043,15.16728635785985
Boyaca,2024-07-21,2.8431026635262544,15.26212061771388
Boyaca,2024-07-22,1.9618768330771132,14.980518565027404
Boyaca,2024-07-23,0.0,15.076914151229364
Boyaca,2024-07-24,0.3175136937412357,15.253927296279429
Boyaca,2024-07-25,0.244322877459838,15.344889194912504
Boyaca,2024-07-26,2.1481218484101547,15.1466755508578
Boyaca,2024-07-27,2.355192462550148,15.28181298914914
Boyaca,2024-07-28,5.541347800724562,14.927184338623167
Boyaca,2024-07-29,1.2745471608801022,15.489221410488554
Boyaca,2024-07-30,25.82819343521788,14.848307838613602
Boyaca,2024-07-31,0.0,14.182105978788863
Boyaca,2024-08-01,0.111944115374148,14.619059919838495
Boyaca,2024-08-02,7.917663763082804,15.07250791695352
Boyaca,2024-08-03,3.099781507678642,15.469951256303398
Boyaca,2024-08-04,9.960472889200748,15.499684726843771
Boyaca,2024-08-05,26.454031643256627,15.364365118951152
Boyaca,2024-08-06,0.861906803018478,15.33181559166869
Boyaca,2024-08-07,1.9786937392268016,15.164836710015395
Boyaca,2024-08-08,1.8339023063384936,15.476795851073112
Boyaca,2024-08-09,10.377396390372043,15.441374512424227
Boyaca,2024-08-10,7.337936882135675,14.80848275905694
Boyaca,2024-08-11,10.018886304885976,14.835718618937856
Boyaca,2024-08-12,3.5800211373346653,15.025344128320452
Boyaca,2024-08-13,2.450284552814842,15.029533897358666
Boyaca,2024-08-14,0.0195394366473477,14.875055189959491
Boyaca,2024-08-15,1.2682742945244208,15.582235590685256
Boyaca,2024-08-16,3.85692507026374,15.481252819264055
Boyaca,2024-08-17,1.623736237249483,15.14118626492732
Boyaca,2024-08-18,1.3272261517976012,14.744790138791792
Boyaca,2024-08-19,2.7224582704530507,15.10649084814332
Boyaca,2024-08-20,0.0,15.177866427766764
Boyaca,2024-08-21,0.584642698343194,15.221861388750606
Boyaca,2024-08-22,1.531705156579687,15.630568607271446
Boyaca,2024-08-23,4.297863963240341,15.312381348628596
Boyaca,2024-08-24,10.789984779880406,15.085284374994336
Boyaca,2024-08-25,3.3406003944649623,14.690877244084849
Boyaca,2024-08-26,16.92253542368097,14.919417334455687
Boyaca,2024-08-27,5.6626653410664405,14.93232262899892
Boyaca,2024-08-28,13.115816747400762,14.996728896506903
Boyaca,2024-08-29,6.14542060740178,15.275781418703623
Boyaca,2024-08-30,0.5796788594624758,15.0525324161799
Boyaca,2024-08-31,3.89724568330252,15.32392703088706
Boyaca,2024-09-01,27.56027173006279,15.361729865297557
Boyaca,2024-09-02,2.226922038349599,15.397781009535349
Boyaca,2024-09-03,3.8207264701474735,15.8272791165082
Boyaca,2024-09-04,8.606871130984203,16.094299702442225
Boyaca,2024-09-05,4.5861100356674624,16.244348982717487
Boyaca,2024-09-06,0.9429844497636802,15.966914103040832
Boyaca,2024-09-07,7.141700009516802,15.438418380293845
Boyaca,2024-09-08,1.0127614159407383,15.568758879906538
Boyaca,2024-09-09,0.0612556552449713,15.736839578276737
Boyaca,2024-09-10,1.7502129254441032,15.86136687134895
Boyaca,2024-09-11,0.843403103960151,16.002059225302485
Boyaca,2024-09-12,5.071581199248056,16.296449922267
Boyaca,2024-09-13,1.88327084001374,15.831858787308343
Boyaca,2024-09-14,7.389170386706128,16.269398624871496
Boyaca,2024-09-15,6.204872152073597,16.528196219070505
Boyaca,2024-09-16,2.1271747840153536,16.46081523811188
Boyaca,2024-09-17,8.302410733849182,16.198448201344856
Boyaca,2024-09-18,0.0511578871719617,15.99800942269246
Boyaca,2024-09-19,0.3317165830816317,16.384088051302502
Boyaca,2024-09-20,9.272613246596327,15.915491504106654
Boyaca,2024-09-21,0.7752481364533281,15.795348615830628
Boyaca,2024-09-22,1.9402996399021115,15.45628536392389
Boyaca,2024-09-23,9.638782610403158,15.526724704009288
Boyaca,2024-09-24,0.2892720764052139,15.884253581178733
Boyaca,2024-09-25,0.5985680178743459,15.669461415242374
Boyaca,2024-09-26,18.36055310081851,15.588939314808307
Boyaca,2024-09-27,7.023659476982568,15.615123580991709
Boyaca,2024-09-28,3.7131358686032048,15.579538921403662
Boyaca,2024-09-29,16.1813187396844,14.45376764308495
Boyaca,2024-09-30,1.1855069042763149,14.859000986890369
Boyaca,2024-10-01,4.02568744134042,15.04329686505447
Boyaca,2024-10-02,11.004010304363153,15.581489059502424
Boyaca,2024-10-03,6.938647286100106,15.267023470464776
Boyaca,2024-10-04,5.263438313732544,15.715498645081045
Boyaca,2024-10-05,8.550488717788154,15.475981002043158
Boyaca,2024-10-06,11.162015881807116,15.21891806319178
Boyaca,2024-10-07,9.675969886631018,15.425657939251286
Boyaca,2024-10-08,17.1358611721539,15.026406707916838
Boyaca,2024-10-09,1.2136987775087484,15.34371317438393
Boyaca,2024-10-10,10.265537059886991,15.045642262894852
Boyaca,2024-10-11,0.0618462096194334,15.395093686829425
Boyaca,2024-10-12,0.0247271639208411,15.668176157495155
Boyaca,2024-10-13,13.381808952054058,15.842111916824566
Boyaca,2024-10-14,1.428056223992529,15.29358634285677
Boyaca,2024-10-15,6.940806402865222,14.9412997877368
Boyaca,2024-10-16,3.368703151983016,15.194175159309596
Boyaca,2024-10-17,5.811408354184449,15.437613325368892
Boyaca,2024-10-18,0.9892530230079724,15.658453222365804
Boyaca,2024-10-19,9.238088449750244,15.691439100814518
Boyaca,2024-10-20,5.585659010311832,15.702958558550224
Boyaca,2024-10-21,6.985805086068184,15.785597681851426
Boyaca,2024-10-22,5.422345229091554,15.733864296921132
Boyaca,2024-10-23,0.8788486538030802,15.765855049390623
Boyaca,2024-10-24,0.3526339008108243,15.757955843671883
Boyaca,2024-10-25,0.0130348315565027,15.945786558497916
Boyaca,2024-10-26,3.2586425503028,16.369212166699043
Boyaca,2024-10-27,3.2918194712379907,15.969680146617716
Boyaca,2024-10-28,0.415094434968676,15.93397401510908
Boyaca,2024-10-29,9.347489885740451,15.479488466341673
Boyaca,2024-10-30,1.890433332361651,15.384624563324593
Boyaca,2024-10-31,15.921700262154276,15.17256697439508
Boyaca,2024-11-01,6.775825572444487,14.666547895534862
Boyaca,2024-11-02,0.7752339320456523,15.005890163501917
Boyaca,2024-11-03,9.98607020279168,15.057054663639274
Boyaca,2024-11-04,23.479238136060548,14.596124169623458
Boyaca,2024-11-05,1.218883913357628,14.992767216985596
Boyaca,2024-11-06,3.012034116874054,15.089629443894996
Boyaca,2024-11-07,11.48575586729441,15.274584053410612
Boyaca,2024-11-08,9.5851048138479,15.077476592816366
Boyaca,2024-11-09,12.772069160581603,15.080427975407344
Boyaca,2024-11-10,18.769978161834917,14.848095451587165
Boyaca,2024-11-11,9.15818842261328,14.704231318355015
Boyaca,2024-11-12,9.69109478646426,14.611300046473966
Boyaca,2024-11-13,3.2934242134458165,14.839163522091832
Boyaca,2024-11-14,12.049140465953666,14.549325948010548
Boyaca,2024-11-15,5.15104872269911,14.52348080401193
Boyaca,2024-11-16,17.682486895719506,14.82994802557212
Boyaca,2024-11-17,0.998370599183476,14.96011630314868
Boyaca,2024-11-18,1.4531723370878142,15.113752829689766
Boyaca,2024-11-19,9.189210723470843,14.980474005335784
Boyaca,2024-11-20,8.079691323004514,14.670317054655335
Boyaca,2024-11-21,19.347481417878495,14.944236114830652
Boyaca,2024-11-22,3.83149764235634,14.871290335583296
Boyaca,2024-11-23,5.547635052741773,14.680693870155938
Boyaca,2024-11-24,1.1733740273434317,14.56628602205656
Boyaca,2024-11-25,0.0,15.28580814375657
Boyaca,2024-11-26,0.2603086581811137,15.804298996974095
Boyaca,2024-11-27,1.996669093820089,15.461657867387926
Boyaca,2024-11-28,4.355959701205494,15.254289020029368
Boyaca,2024-11-29,0.6371897334154267,15.239602658672014
Boyaca,2024-11-30,0.0,15.142131806267578
Boyaca,2024-12-01,0.1516073304643423,15.30797392857428
Boyaca,2024-12-02,3.429159990810508,15.740116412319326
Boyaca,2024-12-03,0.340668813808953,15.42536868306042
Boyaca,2024-12-04,0.0170323807254297,15.66434918567583
Boyaca,2024-12-05,0.0072576948684553,15.360492281764603
Boyaca,2024-12-06,0.3116052681013787,14.981091766937116
Boyaca,2024-12-07,0.0,15.034337460045888
Boyaca,2024-12-08,0.0,15.1590842887885
Boyaca,2024-12-09,0.0,14.862954834272037
Boyaca,2024-12-10,0.0408092939376713,14.808288626743847
Boyaca,2024-12-11,0.5866497900588051,14.955573777831562
Boyaca,2024-12-12,0.58256964311307,15.492988999257465
Boyaca,2024-12-13,0.0950894418175104,15.345254781824442
Boyaca,2024-12-14,0.016254427436053,15.08832512763151
Boyaca,2024-12-15,0.007712908003684,14.985542971453118
Boyaca,2024-12-16,0.0870569972052935,15.34708706501316
Boyaca,2024-12-17,0.1325757786998614,15.095398926605943
Boyaca,2024-12-18,1.22786015402531,15.525934934122253
Boyaca,2024-12-19,3.0914788710046017,15.380680588726133
Boyaca,2024-12-20,5.04574529563838,15.405141759175985
Boyaca,2024-12-21,5.469543253675956,15.080198099601002
Boyaca,2024-12-22,7.324843736116744,14.869333889555955
Boyaca,2024-12-23,7.818916417194182,15.11230458458262
Boyaca,2024-12-24,6.995471318225006,15.274045614489966
Boyaca,2024-12-25,1.508168533608006,15.175076185955913
Boyaca,2024-12-26,3.328051452603584,15.463429782783926
Boyaca,2024-12-27,12.258923080692105,15.152119238626245
Boyaca,2024-12-28,1.742942354978516,15.056208525765916
Boyaca,2024-12-29,19.312298946985457,14.94472763104728
Boyaca,2024-12-30,4.457991950000372,14.887506859742516
Boyaca,2024-12-31,1.3225622347146404,14.627308485753485
Boyaca,2025-01-01,0.0,15.030208304336576
Boyaca,2025-01-02,0.0322406096253339,15.019719149262112
Boyaca,2025-01-03,13.582030330692902,14.408300772965228
Boyaca,2025-01-04,2.157296557989976,14.59764779639137
Boyaca,2025-01-05,18.87138654107871,14.386463045003318
Boyaca,2025-01-06,3.234712145061761,14.448738434417052
Boyaca,2025-01-07,0.6102167519655093,15.216720161715548
Boyaca,2025-01-08,0.2910755575610068,15.08759583750497
Boyaca,2025-01-09,0.0041377021799334,15.331780597634983
Boyaca,2025-01-10,0.0,15.58678397701682
Boyaca,2025-01-11,0.0,15.563459254823576
Boyaca,2025-01-12,0.0,15.173344105525503
Boyaca,2025-01-13,0.0,15.228463184458011
Boyaca,2025-01-14,0.0,14.848506100746954
Boyaca,2025-01-15,0.956848534300873,15.036860773668774
Boyaca,2025-01-16,0.0215660121528239,14.843566031695792
Boyaca,2025-01-17,0.0430015642613367,14.553575445230637
Boyaca,2025-01-18,0.0,14.5865500018088
Boyaca,2025-01-19,0.0,15.040084356161673
Boyaca,2025-01-20,0.0,14.481900159568363
Boyaca,2025-01-21,0.8885889878978362,14.84458613476185
Boyaca,2025-01-22,0.055349372430209,14.51802248024958
Boyaca,2025-01-23,0.0008351884931429114,14.235182847789767
Boyaca,2025-01-24,1.6540173250888968,14.303676460268065
Boyaca,2025-01-25,4.074217623894638,14.978169889224192
Boyaca,2025-01-26,2.3501814456871104,15.393699504115585
Boyaca,2025-01-27,1.9422490456319568,15.195592545876895
Boyaca,2025-01-28,0.2783223195532651,15.168911306175303
Boyaca,2025-01-29,2.0243714327912734,15.567104568894347
Boyaca,2025-01-30,0.6471504927701115,15.4606278823789
Boyaca,2025-01-31,1.276567492086424,15.606242140353796
Boyaca,2025-02-01,0.0,15.442748865561594
Boyaca,2025-02-02,3.087685012536504,15.49023798335668
Boyaca,2025-02-03,1.5426300979166956,15.389430915294737
Boyaca,2025-02-04,2.477521657801572,15.417559208377998
Boyaca,2025-02-05,7.798313891835829,15.392341634372183
Boyaca,2025-02-06,1.4947200009977206,15.37553450619926
Boyaca,2025-02-07,2.3242947620802057,15.312047528986511
Boyaca,2025-02-08,3.639408702378736,15.11103624907748
Boyaca,2025-02-09,8.187842110036266,15.269888740465491
Boyaca,2025-02-10,15.611715362487576,14.619039295823953
Boyaca,2025-02-11,4.999995029571515,14.61605443329352
Boyaca,2025-02-12,1.6058172666936816,15.241550680524972
Boyaca,2025-02-13,7.335883695571098,15.004698645552097
Boyaca,2025-02-14,0.5948014076595574,14.727130535970495
Boyaca,2025-02-15,0.5986160280339896,14.907010133655357
Boyaca,2025-02-16,0.2889801549210038,15.12836211722367
Boyaca,2025-02-17,0.1877228448025671,15.091041106844182
Boyaca,2025-02-18,1.809339743561444,15.130495296467778
Boyaca,2025-02-19,0.3343330048662821,15.315916657223127
Boyaca,2025-02-20,4.035941598168468,15.486326723584469
Boyaca,2025-02-21,1.0273336940243762,15.620362881551577
Boyaca,2025-02-22,4.119550517811343,15.245445377199625
Boyaca,2025-02-23,1.605146378140254,15.06626376890394
Boyaca,2025-02-24,4.034601213214498,15.64967917441746
Boyaca,2025-02-25,7.396944227738825,15.46996475696584
Boyaca,2025-02-26,3.441148078728245,15.71853173086436
Boyaca,2025-02-27,2.750298718015718,15.966961859351168
Boyaca,2025-02-28,1.454756318357317,15.907529757203434
Boyaca,2025-03-01,0.9697370069425668,15.531058827067945
Boyaca,2025-03-02,0.4580794512303999,15.52549053699758
Boyaca,2025-03-03,1.1525315412727408,15.501332820089456
Boyaca,2025-03-04,7.979625362627915,15.476911313782548
Boyaca,2025-03-05,6.207964923505919,15.364281873570087
Boyaca,2025-03-06,10.270004597100248,15.094607391141444
Boyaca,2025-03-07,8.364635922698222,15.221815827842786
Boyaca,2025-03-08,3.97882508240342,15.505371211828887
Boyaca,2025-03-09,0.0091077720012568,15.356503049145532
Boyaca,2025-03-10,0.0388742277528988,15.45929575011892
Boyaca,2025-03-11,0.4297389674122491,15.336944384196054
Boyaca,2025-03-12,4.574620602421966,15.247935238977568
Boyaca,2025-03-13,9.7046782285192,15.567981113676815
Boyaca,2025-03-14,18.440129091337795,15.429049455578282
Boyaca,2025-03-15,4.508461250027103,15.475666994956782
Boyaca,2025-03-16,13.813415767302754,15.33752156636226
Boyaca,2025-03-17,4.970161605929805,15.040987392877147
Boyaca,2025-03-18,16.887803070847358,15.074574228394845
Boyaca,2025-03-19,5.744544191485031,15.131691550285732
Boyaca,2025-03-20,4.876629410571919,15.192486693953729
Boyaca,2025-03-21,4.059646701229053,15.1510482794922
Boyaca,2025-03-22,0.8495904808465947,15.870408651014758
Boyaca,2025-03-23,0.0043348780813232,15.683443321515444
Boyaca,2025-03-24,0.3776697659919939,15.60756696914258
Boyaca,2025-03-25,1.4937340538559536,15.901516306194
Boyaca,2025-03-26,0.901122324991895,15.756327825880632
Boyaca,2025-03-27,5.166181102971644,15.796232416166452
Boyaca,2025-03-28,3.7022954847223546,15.57191785151988
Boyaca,2025-03-29,3.356557953332697,15.153812167928464
Boyaca,2025-03-30,3.4912030273491856,14.67120453126674
Boyaca,2025-03-31,1.5602575259394171,14.650998876681255
Boyaca,2025-04-01,0.062135101340163,14.808957062243362
Boyaca,2025-04-02,11.123051419799635,15.282570548680155
Boyaca,2025-04-03,3.853872039629577,15.208457760191754
Boyaca,2025-04-04,4.543663208455191,14.734172252620471
Boyaca,2025-04-05,7.1543442861451005,14.760200936902914
Boyaca,2025-04-06,10.468488868752264,14.783299580146064
Boyaca,2025-04-07,9.511536125384294,14.946492476409178
Boyaca,2025-04-08,14.240895751829566,14.908914136515794
Boyaca,2025-04-09,3.3637399125208987,15.311424192852366
Boyaca,2025-04-10,25.640783954902723,14.7394393892736
Boyaca,2025-04-11,3.938407752451044,15.239826279936112
Boyaca,2025-04-12,0.0022747497582073,15.656699179024026
Boyaca,2025-04-13,0.0493415481847457,15.840297295630872
Boyaca,2025-04-14,0.6470129076037451,16.224979588642267
Boyaca,2025-04-15,0.8642495074166376,16.190647377985137
Boyaca,2025-04-16,0.3010835234058782,16.15780211179589
Boyaca,2025-04-17,5.417489062739056,16.24658982007903
Boyaca,2025-04-18,8.79920183602483,15.868344003846715
Boyaca,2025-04-19,3.4401554066990063,15.854710630999238
Boyaca,2025-04-20,9.72653479541724,15.495045736564652
Boyaca,2025-04-21,5.877873167256504,15.038577012708524
Boyaca,2025-04-22,3.8480800938937634,14.931888218265792
Boyaca,2025-04-23,5.313948388191629,14.9911004698935
Boyaca,2025-04-24,15.433478476651294,15.169087768085532
Boyaca,2025-04-25,8.71048854676667,15.20797267843142
Boyaca,2025-04-26,7.077020807927549,14.816034549524108
Boyaca,2025-04-27,3.0332423747321147,15.157794984205688
Boyaca,2025-04-28,16.48733103779827,15.613968016799438
Boyaca,2025-04-29,11.78810250462928,15.31892595094616
Boyaca,2025-04-30,10.95181287645147,14.83800608281515
Boyaca,2025-05-01,4.720907821732332,15.222813274658511
Boyaca,2025-05-02,2.744010427539407,15.175129839714646
Boyaca,2025-05-03,27.61844840101312,14.589559200379735
Boyaca,2025-05-04,1.561209889418093,14.529824036440774
Boyaca,2025-05-05,10.417103595734186,14.277911759243164
Boyaca,2025-05-06,7.162799788326375,14.54603580675415
Boyaca,2025-05-07,15.54636760659627,14.542393264877171
Boyaca,2025-05-08,6.276698059896237,14.645519990971977
Boyaca,2025-05-09,5.07421447567094,14.841599434606293
Boyaca,2025-05-10,2.668813054843885,15.247560292023785
Boyaca,2025-05-11,0.217020350802008,15.469609643689893
Boyaca,2025-05-12,0.7497132667424016,15.471317566900137
Boyaca,2025-05-13,2.5716506217985224,15.443270875978474
Boyaca,2025-05-14,14.80731876287308,14.86665401728752
Boyaca,2025-05-15,5.689641991247008,14.710677996438154
Boyaca,2025-05-16,19.47922447392917,14.949889390294231
Boyaca,2025-05-17,17.939180603768857,14.74984615184981
Boyaca,2025-05-18,11.35023867509451,15.136053822441587
Boyaca,2025-05-19,16.836066315656836,15.105792686496072
Boyaca,2025-05-20,10.116275286663717,15.042324025517429
Boyaca,2025-05-21,9.217887963610526,15.121354133910334
Boyaca,2025-05-22,11.796173666817287,14.847466861375043
Boyaca,2025-05-23,0.4660249303240071,14.715374587511253
Boyaca,2025-05-24,5.879546290796847,15.46271723806146
Boyaca,2025-05-25,0.1799071741499219,14.98426787679876
Boyaca,2025-05-26,1.4686431872008434,15.320374734633374
Boyaca,2025-05-27,4.045837937066827,14.855302484704644
Boyaca,2025-05-28,1.2477257463734397,15.001341116095595
Boyaca,2025-05-29,0.0249241892113743,15.76807663314676
Boyaca,2025-05-30,7.961845851756033,15.43015474138247
Boyaca,2025-05-31,9.802681175964862,15.236971806692091
Boyaca,2025-06-01,7.17153416384727,14.859081807259791
Boyaca,2025-06-02,4.733821678722399,14.50559808398666
Boyaca,2025-06-03,3.307118100235988,14.45305944131799
Boyaca,2025-06-04,1.7669832313735765,14.823396990917283
Boyaca,2025-06-05,3.987895416304874,14.625741025375625
Boyaca,2025-06-06,6.598094650642607,14.459031897080312
Boyaca,2025-06-07,2.7977835847384025,13.966029716275454
Boyaca,2025-06-08,0.0051542312903125,15.26017118361771
Boyaca,2025-06-09,8.295884198150361,14.9230410333441
Boyaca,2025-06-10,10.045002653501216,14.624017312383774
Boyaca,2025-06-11,4.961176591843945,14.568096793759592
Boyaca,2025-06-12,6.261853319172319,14.470940891349706
Boyaca,2025-06-13,11.211783532221286,14.405921597356572
Boyaca,2025-06-14,11.819179278654287,14.359411660863543
Boyaca,2025-06-15,13.509243743725245,14.49853003638301
Boyaca,2025-06-16,1.3686120149125454,14.672416062945173
Boyaca,2025-06-17,6.86481734562373,14.435569305086371
Boyaca,2025-06-18,1.3630543794237695,14.859065101229024
Boyaca,2025-06-19,6.386235415463706,14.307642327370782
Boyaca,2025-06-20,14.122643647856911,14.688719742950031
Boyaca,2025-06-21,0.3219275317565016,14.674401781370442
Boyaca,2025-06-22,3.064055161752309,14.718444210747425
Boyaca,2025-06-23,2.86584021514358,14.892737574738511
Boyaca,2025-06-24,32.05563934766039,14.15635009109133
Boyaca,2025-06-25,5.945676694756902,14.136745844385352
Boyaca,2025-06-26,2.193036929892398,14.545021108081809
Boyaca,2025-06-27,7.560872779480889,15.049244003178362
Boyaca,2025-06-28,11.948930804339716,14.686783533083013
Boyaca,2025-06-29,0.0578428671591777,14.662421714696071
Boyaca,2025-06-30,1.4367722407332026,14.742614817758636
Boyaca,2025-07-01,7.201484863028878,14.469309506869044
Boyaca,2025-07-02,4.36991547888553,14.772142566636791
Boyaca,2025-07-03,10.393299645289575,13.968362918035291
Boyaca,2025-07-04,3.7048842815853167,13.407972640165504
Boyaca,2025-07-05,0.8121858452382769,13.766050021598804
Boyaca,2025-07-06,0.2067517290257414,13.9878562011134
Boyaca,2025-07-07,0.0109776517534006,14.5897590263708
Boyaca,2025-07-08,10.983069514330856,14.283299424908682
Boyaca,2025-07-09,0.901895977664854,14.438324419841983
Boyaca,2025-07-10,1.4539937326854104,14.61531501500424
Boyaca,2025-07-11,22.82119368750228,14.301592578292588
Boyaca,2025-07-12,5.126267145508347,13.991271428088195
Boyaca,2025-07-13,0.3291431395595484,14.285516375536346
Boyaca,2025-07-14,5.622238932913861,14.150806519720604
Boyaca,2025-07-15,0.0642538910177988,14.382220875862744
Boyaca,2025-07-16,0.1007728263490063,14.62006963765337
Boyaca,2025-07-17,0.2237331672618742,14.223320566575303
Boyaca,2025-07-18,3.839817286782804,14.846038055119193
Boyaca,2025-07-19,0.2313068338466753,14.107122744891225
Boyaca,2025-07-20,0.3975340980452639,14.700726097650282
Boyaca,2025-07-21,13.205430630960455,14.840569693492922
Boyaca,2025-07-22,1.6117250461038963,14.83858421889491
Boyaca,2025-07-23,4.241678446955923,14.927075407162706
Boyaca,2025-07-24,2.8173593441992946,15.216214343152592
Boyaca,2025-07-25,3.550626318763148,15.348300249891128
Boyaca,2025-07-26,3.361257373209461,14.966745352416128
Boyaca,2025-07-27,3.951025754362843,15.013105559136337
Boyaca,2025-07-28,9.984530818458571,15.042329304272068
Boyaca,2025-07-29,12.18390641300906,14.60394477190754
Boyaca,2025-07-30,14.654953656352872,14.75597399312512
Boyaca,2025-07-31,0.4917019962911529,14.841881449530288
Boyaca,2025-08-01,6.432384397038442,14.94692901186428
Boyaca,2025-08-02,2.0081794331208465,15.089660268325009
Boyaca,2025-08-03,10.642124406762084,14.559811533035331
Boyaca,2025-08-04,3.4676472832822136,14.467250405660817
Boyaca,2025-08-05,0.8777613056303322,13.982723892332809
Boyaca,2025-08-06,1.2823663153334264,14.683991447563333
Boyaca,2025-08-07,18.23301644752261,14.530557446612614
Boyaca,2025-08-08,8.59649177958657,14.29559020402764
Boyaca,2025-08-09,14.275389395819328,13.94547236370487
Boyaca,2025-08-10,1.0410314219587853,13.994857661448908
Boyaca,2025-08-11,2.1419013614871507,14.127201057586984
Boyaca,2025-08-12,2.7775608441663406,14.721660213130766
Boyaca,2025-08-13,8.515167670356389,14.498476425278652
Boyaca,2025-08-14,1.422046741733789,14.179101160974534
Boyaca,2025-08-15,3.0877355935199176,14.224295889295265
Boyaca,2025-08-16,4.06139872760908,13.962299598092622
Boyaca,2025-08-17,4.296248556959124,14.186021094272174
Boyaca,2025-08-18,1.926081250342468,14.820647884620888
Boyaca,2025-08-19,12.118038263425444,14.499571305393149
Boyaca,2025-08-20,0.4868251833102879,15.057420898706573
Boyaca,2025-08-21,5.593302559389251,15.412888677157058
Boyaca,2025-08-22,8.036886890079565,14.827426650536736
Boyaca,2025-08-23,1.418410934803494,14.893722933955294
Boyaca,2025-08-24,0.4687282699832566,14.810325782950102
Boyaca,2025-08-25,7.129941216147582,14.841204048063544
Boyaca,2025-08-26,1.6875746641066804,14.366148772644912
Boyaca,2025-08-27,1.2439243893155418,14.263392598529158
Boyaca,2025-08-28,0.7418733067141735,14.732300053600518
Boyaca,2025-08-29,0.0,14.233461453652112
Boyaca,2025-08-30,5.962287912481421,14.969184936762996
Boyaca,2025-08-31,12.755363700211586,15.044181723479012
Boyaca,2025-09-01,6.512262511217329,14.588130181535458
Boyaca,2025-09-02,5.927425616335984,14.758229107199371
Boyaca,2025-09-03,2.5759643484563397,14.959145671455028
Boyaca,2025-09-04,22.58834372466419,14.820411895633324
Boyaca,2025-09-05,4.58050921737273,14.463227154727315
Boyaca,2025-09-06,0.6438999236808942,14.685740081111245
Boyaca,2025-09-07,5.671896700700934,14.722486910033782
Boyaca,2025-09-08,14.33769301627684,14.742946317452857
Boyaca,2025-09-09,0.6731436719401869,14.983413401085134
Boyaca,2025-09-10,9.622756906106506,15.053266570889637
Boyaca,2025-09-11,3.341822591930602,14.97448245995501
Boyaca,2025-09-12,2.384741000512811,15.155977003021484
Boyaca,2025-09-13,0.5469423012063568,15.215483988443502
Boyaca,2025-09-14,0.6865404676822926,15.169090479305424
Boyaca,2025-09-15,2.329332716939796,15.130212674333912
Boyaca,2025-09-16,0.443437812667207,14.74350268359136
Boyaca,2025-09-17,2.4611788374726493,14.844993423315934
Boyaca,2025-09-18,5.784658848089856,14.323437695376292
Boyaca,2025-09-19,4.504157358562138,14.530889242700198
Boyaca,2025-09-20,26.28256535144435,14.692539478629184
Boyaca,2025-09-21,0.6160206585329633,14.79135988850206
Boyaca,2025-09-22,1.1495597812157283,15.217888112907792
Boyaca,2025-09-23,1.2544101249270203,15.467849690048707
Boyaca,2025-09-24,10.554658250566517,15.069199576557526
Boyaca,2025-09-25,4.019640240238767,15.39470885061851
Boyaca,2025-09-26,2.1078572333131107,14.565209667620229
Boyaca,2025-09-27,4.732267488731193,14.539835437014164
Boyaca,2025-09-28,12.190122270049557,14.426048455879046
Boyaca,2025-09-29,0.968189806009556,14.344419993574345
Boyaca,2025-09-30,18.24183696234637,14.229078528498558
Boyaca,2025-10-01,1.474759565347159,14.246142538792752
Boyaca,2025-10-02,1.533039216854261,14.435138674803984
Boyaca,2025-10-03,9.135256481000807,14.711065997071923
Boyaca,2025-10-04,1.2760443373018886,14.424325735012022
Boyaca,2025-10-05,9.6933642483666,14.383953181869265
Boyaca,2025-10-06,14.849933915643833,14.433714124349242
Boyaca,2025-10-07,9.935739425687633,14.750753130610503
Boyaca,2025-10-08,4.389321127542858,14.223948395502193
Boyaca,2025-10-09,4.0740474530336135,14.30975075988917
Boyaca,2025-10-10,3.561599398268428,14.381076286017096
Boyaca,2025-10-11,11.745978466868332,14.37937851489434
Boyaca,2025-10-12,8.927246463162033,14.683813853534415
Boyaca,2025-10-13,8.750992582221926,14.143810563715856
Boyaca,2025-10-14,6.7535642180007445,14.347337596756493
Boyaca,2025-10-15,0.4304634090208921,14.25258764461034
Boyaca,2025-10-16,10.90492491184565,14.380934193704864
Boyaca,2025-10-17,3.9427574221520416,14.248416623750376
Boyaca,2025-10-18,13.520850775517012,14.571443965580924
Boyaca,2025-10-19,0.3557522151490676,14.76815427446507
Boyaca,2025-10-20,2.4192477389921936,14.997495167650971
Boyaca,2025-10-21,3.195525889346374,14.62766163419304
Boyaca,2025-10-22,8.433692080943505,14.730078227042473
Boyaca,2025-10-23,8.23209515136149,14.727817727714308
Boyaca,2025-10-24,4.505415526619329,15.112747307795797
Boyaca,2025-10-25,6.150294608814241,15.00871993240116
Boyaca,2025-10-26,2.005542526673936,15.228451458327704
Boyaca,2025-10-27,4.373078251355347,15.070734753711434
Boyaca,2025-10-28,0.6092489219473118,15.190714018639625
Boyaca,2025-10-29,7.190801896054699,15.291087713960383
Boyaca,2025-10-30,8.235570912695039,15.05459395087598
Boyaca,2025-10-31,7.245048383430133,14.896160410327496
Boyaca,2025-11-01,1.920306468704548,14.922299836079532
Boyaca,2025-11-02,1.9023378924607035,15.475851893960764
Boyaca,2025-11-03,2.3335404034395006,15.439229012212412
Boyaca,2025-11-04,1.5422619638966917,15.238687849138817
Boyaca,2025-11-05,2.88157756937938,14.81680414586525
Boyaca,2025-11-06,4.654423156899398,14.499865334227875
Boyaca,2025-11-07,0.3811641271333759,15.268133722293088
Boyaca,2025-11-08,1.0324785049916336,15.264841985666674
Boyaca,2025-11-09,2.642009780079285,15.3859761504996
Boyaca,2025-11-10,3.8167328049145257,15.158936577170047
Boyaca,2025-11-11,8.175086766808606,15.0313932495451
Boyaca,2025-11-12,4.297813796728447,15.214036356493269
Boyaca,2025-11-13,8.704196261457179,15.134748130710614
Boyaca,2025-11-14,3.5897803234815804,14.884115205335606
Boyaca,2025-11-15,3.3105757992133023,14.597120659791347
Boyaca,2025-11-16,3.098849279100681,14.235093339732025
Boyaca,2025-11-17,11.844411056435291,14.237440758597744
Boyaca,2025-11-18,4.743679450652754,14.587157149848608
Boyaca,2025-11-19,2.061310047463684,14.704225790577992
Boyaca,2025-11-20,7.835695694282003,14.600266352353676
Boyaca,2025-11-21,2.929482847088963,14.694077227419244
Boyaca,2025-11-22,2.812595406688502,15.260752339614845
Boyaca,2025-11-23,5.284866763998736,15.13280572994116
Boyaca,2025-11-24,5.934297074462891,15.095638224385052
Boyaca,2025-11-25,8.303079336776248,14.715624170809562
Boyaca,2025-11-26,4.5874194380647655,15.043195487933184
Boyaca,2025-11-27,11.574841287495495,14.944200466967985
Boyaca,2025-11-28,6.903530429462163,14.388440329889372
Boyaca,2025-11-29,5.134134826955065,14.413409082702383
Boyaca,2025-11-30,10.707652144274055,14.444518601892264
Boyaca,2025-12-01,22.92151886324501,14.28318292516428
Boyaca,2025-12-02,15.68888985742556,14.236906549092645
Boyaca,2025-12-03,11.310696807713144,14.42262730636903
Boyaca,2025-12-04,3.52870284811271,14.531688951539431
Boyaca,2025-12-05,7.13421236588829,14.14852469852742
Boyaca,2025-12-06,3.883727847904824,14.2532419500217
Boyaca,2025-12-07,3.193173360700078,14.322204428071531
Boyaca,2025-12-08,0.8955331191851312,14.22635002030965
Boyaca,2025-12-09,0.3027685636546425,14.368134475758335
Boyaca,2025-12-10,0.0761829059156051,14.796738415942231
Boyaca,2025-12-11,0.1636213491051119,14.879982713902333
Boyaca,2025-12-12,9.823269101968894,14.89865331738307
Boyaca,2025-12-13,0.0128844728585141,14.71803717101062
Boyaca,2025-12-14,0.8933556045600229,14.37677002379674
Boyaca,2025-12-15,2.9706521805027637,14.101072186746686
Boyaca,2025-12-16,0.5796658478104673,14.479562979602758
Boyaca,2025-12-17,0.1811710487299194,14.875668165587491
Boyaca,2025-12-18,0.3641534250049912,14.932798137855537
Boyaca,2025-12-19,0.619528211219721,14.809827453377617
Boyaca,2025-12-20,0.3990671059681282,14.825457145907777
Boyaca,2025-12-21,0.0,14.765862419987831
Boyaca,2025-12-22,0.997343001835656,14.559328426023033
Boyaca,2025-12-23,0.0,15.14923581125167
Boyaca,2025-12-24,0.0,15.036894111631968
Boyaca,2025-12-25,0.0251625100073882,14.79653543728562
Boyaca,2025-12-26,0.0,14.60414439405984
Boyaca,2025-12-27,0.0,14.33172575946491
Boyaca,2025-12-28,0.0,14.157271206365731
Boyaca,2025-12-29,0.0,14.57062981378624
Boyaca,2025-12-30,0.0373422573911667,14.716815755406866
Boyaca,2025-12-31,0.0,14.995619546231127
Boyaca,2026-01-01,2.8934800725091265,14.989153351096972
Boyaca,2026-01-02,8.205034567760622,14.75285415391031
Boyaca,2026-01-03,3.3379994125905723,14.435479890950337
Boyaca,2026-01-04,11.654219922852151,14.040068225144946
Boyaca,2026-01-05,5.050243361819327,14.285461711880163
Boyaca,2026-01-06,16.604304099848633,14.04998688105341
Boyaca,2026-01-07,1.6670153578124092,14.113626820886576
Boyaca,2026-01-08,0.5605016437044095,14.21149668108244
Boyaca,2026-01-09,4.156506751302659,14.16953392566093
Boyaca,2026-01-10,22.221044750343815,14.30768938446349
Boyaca,2026-01-11,1.7759540067789044,14.115031262939064
Boyaca,2026-01-12,6.676478850453782,13.575485181806798
Boyaca,2026-01-13,3.6901597196620832,13.87745889328002
Boyaca,2026-01-14,4.675522837188763,14.061763679171676
Boyaca,2026-01-15,2.255789009298981,14.321090193320831
Boyaca,2026-01-16,2.7377886055969896,14.152107001941973
Boyaca,2026-01-17,0.1624278618864011,14.772608399371553
Boyaca,2026-01-18,0.0,15.110589414431937
Boyaca,2026-01-19,0.82900787989466,15.003380569418676
Boyaca,2026-01-20,0.6423758627824858,15.375165159411898
Boyaca,2026-01-21,1.8176388069898457,15.094152146061148
Boyaca,2026-01-22,0.4284845641350599,15.058926484033124
Boyaca,2026-01-23,0.0,14.927697513565173
Boyaca,2026-01-24,0.0,14.722723633237443
Boyaca,2026-01-25,0.0933008813643329,14.93111254442548
Boyaca,2026-01-26,0.0725431927597793,14.869244691836288
Boyaca,2026-01-27,1.9126824201111672,14.55018389752806
Boyaca,2026-01-28,0.0,14.71408568308681
Boyaca,2026-01-29,0.7460405060585563,14.532487624300735
Boyaca,2026-01-30,4.092143713764966,14.804539163494708
Boyaca,2026-01-31,2.7035765638966724,14.951346837403252
Boyaca,2026-02-01,8.367039220288193,14.818496688612033
Boyaca,2026-02-02,1.4396690449598637,14.692087270623729
Boyaca,2026-02-03,0.4390336702387019,14.600383704639093
Boyaca,2026-02-04,4.185482840723882,14.933014620250642
Boyaca,2026-02-05,0.0378677652436233,14.494853416243028
Boyaca,2026-02-06,3.773101114928405,14.561713726980356
Boyaca,2026-02-07,1.950839562086902,14.683331085774936
Boyaca,2026-02-08,1.1694954274449505,14.867532172820196
Boyaca,2026-02-09,0.2746338512171129,14.921653658791016
Boyaca,2026-02-10,0.3967511208856707,14.980215155917303
Boyaca,2026-02-11,0.9443776902926392,14.98361432891302
Boyaca,2026-02-12,2.7108803929868976,14.986771755808466
Boyaca,2026-02-13,2.3895822857718776,15.148156381734305
Boyaca,2026-02-14,0.4593254648107042,14.86959482760423
Boyaca,2026-02-15,8.377732284545697,14.552984364157616
Boyaca,2026-02-16,3.737791595934798,14.181953518793044
Boyaca,2026-02-17,1.3640856233095064,14.188302156230812
Boyaca,2026-02-18,6.197220438519418,14.15270240683073
Boyaca,2026-02-19,1.5449142028710177,14.247771050527346
Boyaca,2026-02-20,8.637661019996788,14.370738028174411
Boyaca,2026-02-21,3.1236801190594616,14.504511426463532
Boyaca,2026-02-22,2.8748141225756623,14.58948575498231
Boyaca,2026-02-23,6.87213750070471,14.401591943507718
Boyaca,2026-02-24,10.152346289755537,14.486875032007232
Boyaca,2026-02-25,1.7869138249780787,14.613390794849828
Boyaca,2026-02-26,0.4350263890815098,14.944919922180732
Boyaca,2026-02-27,1.7580995191590385,15.267871135556822
Boyaca,2026-02-28,2.067153159807307,15.518844865914446
Boyaca,2026-03-01,4.83723036878323,15.640298063806444
Boyaca,2026-03-02,6.211323966074454,15.569453236904923
Boyaca,2026-03-03,4.321111296286301,15.567776396511894
Boyaca,2026-03-04,1.6494867864352365,15.662804892102208
Boyaca,2026-03-05,1.7243317806805052,15.321301265306852
Boyaca,2026-03-06,9.3469358625268,15.198751040636
Boyaca,2026-03-07,3.153062196073526,14.938482013608503
Boyaca,2026-03-08,10.974039898768105,15.171658171953965
Boyaca,2026-03-09,0.7635140817849385,15.00636386713438
Boyaca,2026-03-10,1.0378631445644295,15.028348737647738
Boyaca,2026-03-11,2.2591153450043384,15.066971763961124
Boyaca,2026-03-12,1.928514829549068,15.03586078973691
Boyaca,2026-03-13,0.8338867522547271,14.942476035892174
Boyaca,2026-03-14,0.0,15.28126917495461
Boyaca,2026-03-15,0.0,15.386575462366768
Boyaca,2026-03-16,0.2375422643421071,15.565561478735171
Boyaca,2026-03-17,4.445366223974029,15.434201536447596
Boyaca,2026-03-18,11.33068038178532,14.861803352324015
Boyaca,2026-03-19,0.4644061804106962,14.61087012197141
Boyaca,2026-03-20,0.0,15.10978981653512
Boyaca,2026-03-21,0.0,14.733374188572933
Boyaca,2026-03-22,1.17878086460848,15.314324672209445
Boyaca,2026-03-23,0.6058328674318878,15.702367260172196
Boyaca,2026-03-24,0.7544632362941461,15.623066477592232
Boyaca,2026-03-25,1.7880814467867012,15.39664676830182
Boyaca,2026-03-26,0.2140470771757394,15.754057576605698
Boyaca,2026-03-27,11.28142111599286,15.273839263607078
Boyaca,2026-03-28,9.148959877946238,15.182029081461588
Boyaca,2026-03-29,10.796072319275586,15.189923580227005
Boyaca,2026-03-30,23.06399804457266,14.657311480794636
Boyaca,2026-03-31,1.645411949395653,14.662902666567785
Boyaca,2026-04-01,3.517909185586584,14.46685524264348
Boyaca,2026-04-02,3.514327446277353,14.39974260847319
Boyaca,2026-04-03,0.2505905768472196,14.73345766698096
Boyaca,2026-04-04,2.0643290459289863,15.221115937188753
Boyaca,2026-04-05,17.345253576855022,15.112310609173957
Boyaca,2026-04-06,0.6281994325876472,14.930153447054048
Boyaca,2026-04-07,5.777453248660087,15.451756518909852
Boyaca,2026-04-08,13.63011562176709,15.427315325822995
Boyaca,2026-04-09,3.809244100867935,15.199385544018506
Boyaca,2026-04-10,1.7696043774035228,15.162255541517776
Boyaca,2026-04-11,3.065443594587875,15.162783772025282
Boyaca,2026-04-12,1.6178967034872138,15.73568678689351
Boyaca,2026-04-13,10.636643865583585,15.556973577158386
Boyaca,2026-04-14,1.33403320144659,15.41965573683433
Boyaca,2026-04-15,18.78994837702681,15.048061846910953
Boyaca,2026-04-16,7.473661888534929,14.89064861196854
Boyaca,2026-04-17,4.32495095523801,14.582195237509788
Boyaca,2026-04-18,0.0,14.47689118883808
Boyaca,2026-04-19,1.32803793216037,14.766771637899131
Boyaca,2026-04-20,3.4101704716182444,14.811667616145288
Boyaca,2026-04-21,4.561122465509399,14.74585053043651
Boyaca,2026-04-22,4.685932277210343,14.856154854015788
Boyaca,2026-04-23,15.121856022753148,14.4923366625788
Boyaca,2026-04-24,4.279376455841602,14.66926349912911
Boyaca,2026-04-25,25.762720812964574,14.586271980129004
Boyaca,2026-04-26,4.694125333445908,14.716923730219513
Boyaca,2026-04-27,6.7427767676332415,14.9879253350676
Boyaca,2026-04-28,3.51504088203748,15.065578420868942
Boyaca,2026-04-29,9.12517715485709,15.445953886899376
Boyaca,2026-04-30,0.1729930391990657,15.426786131148456
Boyaca,2026-05-01,1.6045782216679263,16.049513554406484
Boyaca,2026-05-02,30.672555990203737,15.407750352739834
Boyaca,2026-05-03,5.94179993899369,15.486474351671388
Boyaca,2026-05-04,2.907508035299355,15.63016408366536
Boyaca,2026-05-05,3.3113810320530828,15.496382811470887
Boyaca,2026-05-06,6.673064628015877,15.92924778668324
Boyaca,2026-05-07,1.908314139131281,15.633968758378897
Boyaca,2026-05-08,6.96452701457448,15.602539599466883
Boyaca,2026-05-09,0.8229824210929904,15.819645929222093
Boyaca,2026-05-10,0.0304430798409952,15.677106895470056
Boyaca,2026-05-11,12.070067470852443,15.593176630644484
Boyaca,2026-05-12,7.675278825635679,15.209829959555654
Boyaca,2026-05-13,6.014202874525018,15.277749611641616
Boyaca,2026-05-14,2.9536589699405926,15.289043819043496
Boyaca,2026-05-15,1.640100624124159,15.457043413228504
Boyaca,2026-05-16,4.418253518122928,15.899230822191464
Boyaca,2026-05-17,21.48341071389017,15.361531671725668
Boyaca,2026-05-18,1.2185288722892602,15.25925721056178
Boyaca,2026-05-19,15.071104104332676,15.298810191247313
Boyaca,2026-05-20,5.747272315332286,15.92514212882826
Boyaca,2026-05-21,21.90839395200919,15.351559849097836
Boyaca,2026-05-22,11.006321849241486,15.524738897199173
Boyaca,2026-05-23,1.331806013671048,15.313799252243676
Boyaca,2026-05-24,4.799455924407448,15.445605997596164
Boyaca,2026-05-25,3.373811831607979,15.1929405518776
Boyaca,2026-05-26,20.47221804972008,15.202345760512154
Boyaca,2026-05-27,3.932888405042682,15.534767361307296
Boyaca,2026-05-28,1.4212119245097208,15.606475330761995
Boyaca,2026-05-29,3.72063551291948,15.52942252181511
Boyaca,2026-05-30,6.285331379355528,15.214789304496463
Boyaca,2026-05-31,3.5048964929252797,15.284364596306316
Cundinamarca,2018-01-01,13.220481088290278,16.675750842254583
Cundinamarca,2018-01-02,4.957043410331669,16.492774192112886
Cundinamarca,2018-01-03,0.0502390960780948,16.710829914347766
Cundinamarca,2018-01-04,9.867127902882268,16.84635563646781
Cundinamarca,2018-01-05,4.075748052782518,17.09432915463818
Cundinamarca,2018-01-06,0.8197513517412733,16.80883494243448
Cundinamarca,2018-01-07,0.0,16.985531861445033
Cundinamarca,2018-01-08,0.3490792558980255,16.852308862279607
Cundinamarca,2018-01-09,4.763848130982539,16.626583804198432
Cundinamarca,2018-01-10,2.521535201276275,16.419533248401475
Cundinamarca,2018-01-11,1.6142582309694256,16.34708604855569
Cundinamarca,2018-01-12,7.542873938795485,16.23405742107882
Cundinamarca,2018-01-13,4.291066605059297,16.283468552090547
Cundinamarca,2018-01-14,5.296141512360241,16.127401756889647
Cundinamarca,2018-01-15,3.669356023862133,16.22463364695405
Cundinamarca,2018-01-16,4.4364481093764345,16.590119506202576
Cundinamarca,2018-01-17,8.491457882708596,16.31808096104022
Cundinamarca,2018-01-18,2.084957924939122,16.20764408392127
Cundinamarca,2018-01-19,0.5432419968723005,16.41891908490632
Cundinamarca,2018-01-20,0.0575451336701421,16.388257382908762
Cundinamarca,2018-01-21,0.2522209726614837,16.475990984833416
Cundinamarca,2018-01-22,0.9643857527533872,16.35356620338058
Cundinamarca,2018-01-23,0.3163685159508967,16.485395197981077
Cundinamarca,2018-01-24,0.6560062191681988,16.78596556954007
Cundinamarca,2018-01-25,0.0630143993133967,17.075375009459307
Cundinamarca,2018-01-26,1.286014924501774,17.30083085727601
Cundinamarca,2018-01-27,0.2340770373203287,17.618838083812086
Cundinamarca,2018-01-28,2.056814775835212,17.97688532163937
Cundinamarca,2018-01-29,0.0,18.11050062400001
Cundinamarca,2018-01-30,2.0682512954457923,17.89970044807948
Cundinamarca,2018-01-31,0.6812520639177281,18.17666909131833
Cundinamarca,2018-02-01,0.1847079632340413,17.78523188548923
Cundinamarca,2018-02-02,5.810457826804362,18.247611061566364
Cundinamarca,2018-02-03,3.749468376737169,17.68722567577718
Cundinamarca,2018-02-04,0.7352844740515877,17.712563757596087
Cundinamarca,2018-02-05,0.4639130610701059,18.35356372767983
Cundinamarca,2018-02-06,4.367143911029259,18.065993389890547
Cundinamarca,2018-02-07,1.4631967941282638,18.3092149246107
Cundinamarca,2018-02-08,0.0075246648508624,18.23082884219191
Cundinamarca,2018-02-09,0.0,18.008768040473747
Cundinamarca,2018-02-10,0.0643913682867374,17.96949191160316
Cundinamarca,2018-02-11,1.3715477582994968,17.66220975321543
Cundinamarca,2018-02-12,0.0007544510394725102,17.457160055112382
Cundinamarca,2018-02-13,0.0,17.70317408018069
Cundinamarca,2018-02-14,0.8097398054453253,17.498260972107175
Cundinamarca,2018-02-15,3.6009587025121346,17.60966483964805
Cundinamarca,2018-02-16,3.531162557543372,17.702343825266645
Cundinamarca,2018-02-17,5.325340975164775,17.738260842555672
Cundinamarca,2018-02-18,7.642878491077191,17.204892053624214
Cundinamarca,2018-02-19,7.363467875624794,17.667236220206366
Cundinamarca,2018-02-20,2.528233573515303,17.751748564374328
Cundinamarca,2018-02-21,0.3158286969036675,17.65108745399426
Cundinamarca,2018-02-22,0.0128421836325428,17.38849880609976
Cundinamarca,2018-02-23,0.790680627775534,17.047860056601824
Cundinamarca,2018-02-24,0.0098238378066152,16.715959360840948
Cundinamarca,2018-02-25,0.1001607977189394,16.261186531139245
Cundinamarca,2018-02-26,0.0,16.508717322225873
Cundinamarca,2018-02-27,1.6420817584666487,17.13781858361034
Cundinamarca,2018-02-28,0.0880124241910998,17.58306464201757
Cundinamarca,2018-03-01,0.0,17.512360346221755
Cundinamarca,2018-03-02,1.5706574368961772,17.330595575736186
Cundinamarca,2018-03-03,0.0,17.367303522203994
Cundinamarca,2018-03-04,3.979939500624153,17.283105263185963
Cundinamarca,2018-03-05,0.7624918883650721,16.93944172641829
Cundinamarca,2018-03-06,0.1778200454868812,16.531898950511145
Cundinamarca,2018-03-07,0.0,17.571835582083253
Cundinamarca,2018-03-08,1.5740057659941633,17.726998537532246
Cundinamarca,2018-03-09,0.0074857436060761,17.763034070933255
Cundinamarca,2018-03-10,0.0004613024525779914,17.67928998454667
Cundinamarca,2018-03-11,0.0,17.879047882042162
Cundinamarca,2018-03-12,0.0,18.290452587674604
Cundinamarca,2018-03-13,0.2190505539131447,18.38326270784268
Cundinamarca,2018-03-14,0.0,18.50142709350983
Cundinamarca,2018-03-15,0.9274878626193302,17.99269005352458
Cundinamarca,2018-03-16,0.0536037057922323,18.146294549863303
Cundinamarca,2018-03-17,0.0178638742804031,18.411378372868388
Cundinamarca,2018-03-18,6.916349836723349,17.88740040273508
Cundinamarca,2018-03-19,1.7308060444240363,17.543403197363425
Cundinamarca,2018-03-20,2.888557651151109,17.79241127286701
Cundinamarca,2018-03-21,4.8753358860315394,18.016262305861044
Cundinamarca,2018-03-22,0.3465278987347105,17.85704069519963
Cundinamarca,2018-03-23,11.200974953238047,17.871964533262897
Cundinamarca,2018-03-24,16.90326391571341,17.3814328476876
Cundinamarca,2018-03-25,0.0820901512103805,17.896257040325757
Cundinamarca,2018-03-26,9.548064194661954,17.764810533326067
Cundinamarca,2018-03-27,7.661942374707556,17.84750424484085
Cundinamarca,2018-03-28,10.59288037604715,17.482949486353032
Cundinamarca,2018-03-29,6.49304954942117,17.067764103981666
Cundinamarca,2018-03-30,11.764198391517924,17.16690100794151
Cundinamarca,2018-03-31,15.862231792154304,17.02735057155034
Cundinamarca,2018-04-01,25.098416260275062,16.36774680676129
Cundinamarca,2018-04-02,1.8707653469603904,16.445088941121913
Cundinamarca,2018-04-03,4.790002746078304,16.594567514423925
Cundinamarca,2018-04-04,22.72123351502631,16.303905098900128
Cundinamarca,2018-04-05,2.631631689885049,16.36137974845942
Cundinamarca,2018-04-06,8.165491364072341,15.68950188790271
Cundinamarca,2018-04-07,6.8503090850384645,15.834042902228802
Cundinamarca,2018-04-08,3.476318550480058,16.696318120599425
Cundinamarca,2018-04-09,1.4198314759913542,16.851843627565895
Cundinamarca,2018-04-10,9.655034398123291,16.558811474971137
Cundinamarca,2018-04-11,1.9484318520707984,16.062835209598394
Cundinamarca,2018-04-12,13.82687665849639,16.48078274730349
Cundinamarca,2018-04-13,2.212999673743595,16.704865257416678
Cundinamarca,2018-04-14,10.028209138389744,16.150164447691047
Cundinamarca,2018-04-15,0.0,16.691337146364
Cundinamarca,2018-04-16,1.4471276624460845,17.37942721909463
Cundinamarca,2018-04-17,8.75008657398383,16.901536402998254
Cundinamarca,2018-04-18,3.5548447948265327,16.648820044414784
Cundinamarca,2018-04-19,1.9974674851558265,16.959668965897738
Cundinamarca,2018-04-20,12.091112209542423,16.240123745883828
Cundinamarca,2018-04-21,0.1432428597632106,16.96463750378493
Cundinamarca,2018-04-22,7.360870927755524,16.831767932894014
Cundinamarca,2018-04-23,1.502717495823224,16.80668481033139
Cundinamarca,2018-04-24,2.182672010598225,17.36999585892604
Cundinamarca,2018-04-25,13.01566646981386,17.476788897236094
Cundinamarca,2018-04-26,10.845444886785929,17.090640820303246
Cundinamarca,2018-04-27,6.143748014047175,16.72914738261053
Cundinamarca,2018-04-28,1.4209074259788457,16.72541638795613
Cundinamarca,2018-04-29,15.504388563626788,16.14439337793516
Cundinamarca,2018-04-30,1.4885047648115353,16.462257396148882
Cundinamarca,2018-05-01,1.1894786116690466,17.170283367451972
Cundinamarca,2018-05-02,11.416378036173498,17.03205177848279
Cundinamarca,2018-05-03,2.706128425630706,17.464199005781992
Cundinamarca,2018-05-04,27.695683910643805,17.04714536105361
Cundinamarca,2018-05-05,1.23980308025244,16.76964207363815
Cundinamarca,2018-05-06,4.502553394889226,16.517456508920993
Cundinamarca,2018-05-07,5.575070846809084,16.348783449871284
Cundinamarca,2018-05-08,11.34354673565964,16.126724499718406
Cundinamarca,2018-05-09,1.818903910206904,16.418372173563732
Cundinamarca,2018-05-10,4.539437358206161,16.544889378749136
Cundinamarca,2018-05-11,10.1913349595816,16.726236677838514
Cundinamarca,2018-05-12,5.624628786512679,17.139916740213692
Cundinamarca,2018-05-13,21.025945854878582,16.393793742483673
Cundinamarca,2018-05-14,3.020887458675977,16.593048383453585
Cundinamarca,2018-05-15,7.147044158754634,16.546200412168066
Cundinamarca,2018-05-16,4.068284402927812,16.80975419242481
Cundinamarca,2018-05-17,3.0910677533780366,17.1290015468764
Cundinamarca,2018-05-18,7.441281099373837,16.994299537723837
Cundinamarca,2018-05-19,16.16682322812911,16.972237814157296
Cundinamarca,2018-05-20,8.233887513720619,16.70552919594678
Cundinamarca,2018-05-21,14.188535830693972,16.692850679336853
Cundinamarca,2018-05-22,0.5673942508394784,16.900783281184413
Cundinamarca,2018-05-23,19.748268391805222,16.464136601987157
Cundinamarca,2018-05-24,3.6576813210559314,16.703082072018674
Cundinamarca,2018-05-25,1.545107235433824,17.24274858292909
Cundinamarca,2018-05-26,9.173273608591844,16.907590232023693
Cundinamarca,2018-05-27,1.1341500990864353,16.93369688114791
Cundinamarca,2018-05-28,8.884155724290688,16.494497895372714
Cundinamarca,2018-05-29,2.446598920146362,17.167513428591604
Cundinamarca,2018-05-30,10.015596210450427,16.981826189859852
Cundinamarca,2018-05-31,3.2241750452511853,17.619846314433897
Cundinamarca,2018-06-01,5.885046744352715,17.34859513806628
Cundinamarca,2018-06-02,12.780673773516826,17.00297881121131
Cundinamarca,2018-06-03,6.659894728856702,16.977548229437275
Cundinamarca,2018-06-04,9.581536174649791,17.126603639282827
Cundinamarca,2018-06-05,10.038879896650922,16.89006381109901
Cundinamarca,2018-06-06,1.819341975917539,16.89816857719158
Cundinamarca,2018-06-07,0.0197996409960398,17.015350651157245
Cundinamarca,2018-06-08,0.8533189313472633,17.530336518170945
Cundinamarca,2018-06-09,2.800120568328,17.31806138331175
Cundinamarca,2018-06-10,0.5388888235005548,17.165429956127085
Cundinamarca,2018-06-11,2.946322129172112,16.777958973705868
Cundinamarca,2018-06-12,3.023333343561473,16.489700821559566
Cundinamarca,2018-06-13,23.45232043794352,16.748298250102955
Cundinamarca,2018-06-14,2.6009572435845123,16.498074131444685
Cundinamarca,2018-06-15,0.2148053823888707,16.788532449360886
Cundinamarca,2018-06-16,0.7558644910378757,16.512671478077177
Cundinamarca,2018-06-17,4.559551516702613,16.669873621034483
Cundinamarca,2018-06-18,0.215652630684523,16.386651878368408
Cundinamarca,2018-06-19,0.0353900819638866,16.12211971504624
Cundinamarca,2018-06-20,0.0,16.080963559193474
Cundinamarca,2018-06-21,0.1742699159408183,16.184047097070746
Cundinamarca,2018-06-22,0.0742010791726183,16.331244806112807
Cundinamarca,2018-06-23,6.383103473081577,16.338289846785703
Cundinamarca,2018-06-24,18.91599647288907,16.36971009807099
Cundinamarca,2018-06-25,0.659996366633167,16.391419953235435
Cundinamarca,2018-06-26,6.73282938327331,16.297773289718346
Cundinamarca,2018-06-27,1.7465410654583928,16.212484374676787
Cundinamarca,2018-06-28,1.6285888053120727,15.949617104804592
Cundinamarca,2018-06-29,0.3371142800834494,16.22931268627321
Cundinamarca,2018-06-30,12.745761906058242,15.98664511212706
Cundinamarca,2018-07-01,1.067755203882406,16.303495399415922
Cundinamarca,2018-07-02,4.667935430632321,16.457673200339627
Cundinamarca,2018-07-03,7.421624591215448,16.045942350409124
Cundinamarca,2018-07-04,1.3187670543320518,16.260124693526688
Cundinamarca,2018-07-05,9.454637371517466,16.65522776298245
Cundinamarca,2018-07-06,0.241307571541632,16.502246678002848
Cundinamarca,2018-07-07,3.1534410990587465,16.293949817536618
Cundinamarca,2018-07-08,0.3867646843887901,16.68883515030841
Cundinamarca,2018-07-09,21.42468753536569,16.384370276557796
Cundinamarca,2018-07-10,0.7184784152849377,16.49290384909084
Cundinamarca,2018-07-11,0.4471176597633799,16.503900641303954
Cundinamarca,2018-07-12,0.3029202448295266,16.428755324109495
Cundinamarca,2018-07-13,0.0528391787191988,16.36886864071664
Cundinamarca,2018-07-14,0.5111419882192691,16.52555381213475
Cundinamarca,2018-07-15,0.939195943123994,16.661926878453095
Cundinamarca,2018-07-16,0.0,16.75177273503497
Cundinamarca,2018-07-17,3.4267348040185848,16.779550645547648
Cundinamarca,2018-07-18,6.101152215901744,16.50156680303875
Cundinamarca,2018-07-19,0.2645599695026137,16.946854238977615
Cundinamarca,2018-07-20,2.3921778278623465,16.94770491560084
Cundinamarca,2018-07-21,1.471455709540041,16.244844956166766
Cundinamarca,2018-07-22,2.9808397621550062,16.81025881160165
Cundinamarca,2018-07-23,0.0553627354220228,16.87387540840087
Cundinamarca,2018-07-24,22.66390091222617,16.201117186826707
Cundinamarca,2018-07-25,0.6998264850740731,16.730982063378907
Cundinamarca,2018-07-26,0.348152455891886,16.54311245875298
Cundinamarca,2018-07-27,2.8554274635448,16.395301499279476
Cundinamarca,2018-07-28,4.865143821099862,16.384928484501675
Cundinamarca,2018-07-29,1.728158614598846,16.46105299867488
Cundinamarca,2018-07-30,11.854592912251938,16.524702855940447
Cundinamarca,2018-07-31,7.333982769216423,16.00186594469822
Cundinamarca,2018-08-01,0.0518610457295627,15.969068328970014
Cundinamarca,2018-08-02,0.0,16.42208255336119
Cundinamarca,2018-08-03,1.694304904563889,16.704511926902065
Cundinamarca,2018-08-04,1.8531017523694715,16.398560901538662
Cundinamarca,2018-08-05,27.09692669513017,16.4688707024428
Cundinamarca,2018-08-06,0.1642667626854609,17.128461467259214
Cundinamarca,2018-08-07,11.251807885665498,16.378630839752365
Cundinamarca,2018-08-08,0.1594317290280163,16.630989624622877
Cundinamarca,2018-08-09,0.1140133326524384,16.669535182202246
Cundinamarca,2018-08-10,0.0,16.72526552624095
Cundinamarca,2018-08-11,0.0453685022962632,16.415863137257695
Cundinamarca,2018-08-12,0.0,16.321796515699702
Cundinamarca,2018-08-13,1.489659225756897,16.790540197818984
Cundinamarca,2018-08-14,8.885663511878494,16.439171470093463
Cundinamarca,2018-08-15,2.075846916925755,16.480208389329366
Cundinamarca,2018-08-16,0.5828819350868978,16.655078443832107
Cundinamarca,2018-08-17,3.6651770282469633,16.744722629937982
Cundinamarca,2018-08-18,3.0981706318519,16.735448263987877
Cundinamarca,2018-08-19,4.657157846141037,17.1901882756784
Cundinamarca,2018-08-20,1.4335778255891791,17.168176094852548
Cundinamarca,2018-08-21,1.850413885314365,16.9289537441997
Cundinamarca,2018-08-22,6.063767649495432,16.65224253127199
Cundinamarca,2018-08-23,0.0193716969451483,16.873099587576043
Cundinamarca,2018-08-24,7.254291904607915,17.101702039005357
Cundinamarca,2018-08-25,1.4420844782198623,16.96674831983716
Cundinamarca,2018-08-26,1.322432398119269,17.7195148824148
Cundinamarca,2018-08-27,11.897465331749189,16.840958140281785
Cundinamarca,2018-08-28,0.0022465602714591,16.74660897627315
Cundinamarca,2018-08-29,0.0958247467888529,16.91483523989941
Cundinamarca,2018-08-30,5.678265674928348,16.991658125631687
Cundinamarca,2018-08-31,0.8521333705599015,17.629123571695185
Cundinamarca,2018-09-01,1.510107807918663,17.858320361694094
Cundinamarca,2018-09-02,6.2411723110122574,17.9307111837529
Cundinamarca,2018-09-03,10.050519166235633,17.88204338565807
Cundinamarca,2018-09-04,10.786230966192631,17.35942049830118
Cundinamarca,2018-09-05,0.91225526248846,16.718079020139786
Cundinamarca,2018-09-06,0.725717812936971,16.542459083477656
Cundinamarca,2018-09-07,2.321003195271265,16.968799719529763
Cundinamarca,2018-09-08,0.1380716635289432,17.15582318746229
Cundinamarca,2018-09-09,2.9955435536251165,17.052648500764562
Cundinamarca,2018-09-10,1.1683113570453965,17.355130071561142
Cundinamarca,2018-09-11,1.3514356280922917,17.411329610636407
Cundinamarca,2018-09-12,3.778663559427464,17.44095149409729
Cundinamarca,2018-09-13,4.908222461232611,17.16261114768866
Cundinamarca,2018-09-14,13.809143590981549,16.479839233276767
Cundinamarca,2018-09-15,16.097646363495,16.140888384111513
Cundinamarca,2018-09-16,0.7885834666843232,16.446278618778624
Cundinamarca,2018-09-17,3.54475243734508,17.077091309795183
Cundinamarca,2018-09-18,4.088228567131674,17.675132809767465
Cundinamarca,2018-09-19,2.130373455895403,17.444742029994067
Cundinamarca,2018-09-20,3.0209185222105703,17.63379761694922
Cundinamarca,2018-09-21,0.9190942303704982,17.499000498178994
Cundinamarca,2018-09-22,3.338716493634072,17.42633042128781
Cundinamarca,2018-09-23,0.0361636231413819,17.529248950679722
Cundinamarca,2018-09-24,5.791761206568455,17.69581511734009
Cundinamarca,2018-09-25,3.37773935486734,17.457855047411407
Cundinamarca,2018-09-26,2.7600092568069914,17.643272028836826
Cundinamarca,2018-09-27,14.23626505835928,17.362512706922
Cundinamarca,2018-09-28,2.2659811738880946,17.60996637089577
Cundinamarca,2018-09-29,4.538159816907359,17.83540833826273
Cundinamarca,2018-09-30,6.902128318406186,18.09891108775399
Cundinamarca,2018-10-01,6.287221863408824,17.94282342977924
Cundinamarca,2018-10-02,14.321524122976204,17.737792112271258
Cundinamarca,2018-10-03,0.1794676318943419,17.249449711066035
Cundinamarca,2018-10-04,14.657821788973788,17.254915835241032
Cundinamarca,2018-10-05,3.2303574194786515,16.794530740882962
Cundinamarca,2018-10-06,20.0860401661359,16.352840707228403
Cundinamarca,2018-10-07,3.124458609737056,16.700407386013268
Cundinamarca,2018-10-08,12.607806111361748,17.260857196099394
Cundinamarca,2018-10-09,15.1060527188127,16.963862251394
Cundinamarca,2018-10-10,13.433464478036006,16.558006839121603
Cundinamarca,2018-10-11,21.67112918833733,16.482166171322405
Cundinamarca,2018-10-12,0.5133745201711106,16.45922874497474
Cundinamarca,2018-10-13,2.826152610108329,16.464788379274168
Cundinamarca,2018-10-14,2.3919756848410767,16.85175710753599
Cundinamarca,2018-10-15,15.748758765103249,16.89109510931087
Cundinamarca,2018-10-16,3.4727053953829468,17.014095687375477
Cundinamarca,2018-10-17,12.998129447403665,17.172084314413503
Cundinamarca,2018-10-18,1.8448325055559216,17.339167432917172
Cundinamarca,2018-10-19,9.874366555343984,17.021008915559523
Cundinamarca,2018-10-20,3.5652555492432896,17.38601658278531
Cundinamarca,2018-10-21,13.655767975384965,16.871508374826224
Cundinamarca,2018-10-22,1.4020703158242869,16.8217189715368
Cundinamarca,2018-10-23,10.825426150035009,16.962451500407827
Cundinamarca,2018-10-24,3.054702472886878,16.997576220893723
Cundinamarca,2018-10-25,4.12680449217423,17.259652541285888
Cundinamarca,2018-10-26,6.188289383664992,17.204185244237493
Cundinamarca,2018-10-27,10.759784523324472,17.44039304235894
Cundinamarca,2018-10-28,1.516345875998605,17.33011301759541
Cundinamarca,2018-10-29,24.18392039046077,17.34828100662109
Cundinamarca,2018-10-30,2.4043062015653702,17.41651217569708
Cundinamarca,2018-10-31,4.183284782202322,17.232975847663177
Cundinamarca,2018-11-01,0.5802589934151555,17.34812630938395
Cundinamarca,2018-11-02,13.598833031532097,16.777256156279854
Cundinamarca,2018-11-03,3.754749913646544,16.707401438028125
Cundinamarca,2018-11-04,3.764195932682199,16.753079347893916
Cundinamarca,2018-11-05,4.7700299643437045,16.606130552535237
Cundinamarca,2018-11-06,1.3613870312319294,16.839500680316018
Cundinamarca,2018-11-07,5.360498084167475,17.193522378066064
Cundinamarca,2018-11-08,0.1683315336138288,17.608975148582406
Cundinamarca,2018-11-09,30.44923862924957,16.768018766081223
Cundinamarca,2018-11-10,2.3764575390242184,17.254049684285818
Cundinamarca,2018-11-11,1.757328755955568,17.43315279188625
Cundinamarca,2018-11-12,8.108800011482817,17.671505642031363
Cundinamarca,2018-11-13,9.405271699770855,17.595449067454506
Cundinamarca,2018-11-14,0.0285220421455312,17.625486783737184
Cundinamarca,2018-11-15,0.2388916807600991,17.60450669661659
Cundinamarca,2018-11-16,7.1509621134484975,17.669921347463035
Cundinamarca,2018-11-17,4.93440279197934,17.78416048221123
Cundinamarca,2018-11-18,10.877182765968348,17.816452228774065
Cundinamarca,2018-11-19,6.415794111570609,17.86814797571279
Cundinamarca,2018-11-20,2.6175811682951955,17.7545477115565
Cundinamarca,2018-11-21,7.709351113503911,17.912846669231044
Cundinamarca,2018-11-22,8.32807370419074,17.364178967996335
Cundinamarca,2018-11-23,3.860741962235038,17.362381954971017
Cundinamarca,2018-11-24,3.7410787735920064,17.414630594404493
Cundinamarca,2018-11-25,3.945874680196944,17.51657707845479
Cundinamarca,2018-11-26,2.717345003073358,17.542927855493257
Cundinamarca,2018-11-27,8.214402638514239,17.236068985444756
Cundinamarca,2018-11-28,7.212642070814359,16.857821639552725
Cundinamarca,2018-11-29,1.191342523405102,17.328601056469566
Cundinamarca,2018-11-30,4.044390174582912,17.125632704896752
Cundinamarca,2018-12-01,0.0976943087372078,16.88871306348992
Cundinamarca,2018-12-02,0.060830902148443,17.098036895098286
Cundinamarca,2018-12-03,0.0,16.885117014532426
Cundinamarca,2018-12-04,0.0010100483822796,17.128163596985598
Cundinamarca,2018-12-05,1.0389794437564517,16.62154013506423
Cundinamarca,2018-12-06,4.325763747484467,16.403631059270477
Cundinamarca,2018-12-07,0.3562400378569453,16.757469343532833
Cundinamarca,2018-12-08,0.5749841555601862,16.875427766547478
Cundinamarca,2018-12-09,1.1420512431840557,17.035162217214552
Cundinamarca,2018-12-10,0.0,17.517210608127034
Cundinamarca,2018-12-11,1.470182150453664,17.254284238306184
Cundinamarca,2018-12-12,0.021425881284598,17.349646066681803
Cundinamarca,2018-12-13,4.534714008946139,17.251761427358776
Cundinamarca,2018-12-14,4.818531349541653,17.14493087885687
Cundinamarca,2018-12-15,2.1896275806594026,17.217838900610438
Cundinamarca,2018-12-16,1.3939106952089673,16.627480577493206
Cundinamarca,2018-12-17,0.9000600930114371,17.093687532945903
Cundinamarca,2018-12-18,0.0005389258614018458,17.139898990837423
Cundinamarca,2018-12-19,0.7201854836816547,17.459795629698586
Cundinamarca,2018-12-20,0.0039637986531411,17.095533116740373
Cundinamarca,2018-12-21,8.80302766336271,17.499047042933082
Cundinamarca,2018-12-22,1.4206441687233848,17.077027653263496
Cundinamarca,2018-12-23,0.0152765526258823,17.158850809654584
Cundinamarca,2018-12-24,2.200956788758677,17.32081017303831
Cundinamarca,2018-12-25,0.0006144028354342985,17.715240843479407
Cundinamarca,2018-12-26,0.0462134895542975,17.235039256053536
Cundinamarca,2018-12-27,4.488104143808625,17.252221319893156
Cundinamarca,2018-12-28,0.0150226412298129,16.7690924495565
Cundinamarca,2018-12-29,0.0,17.13047978144233
Cundinamarca,2018-12-30,0.0330725983338727,16.967658837493218
Cundinamarca,2018-12-31,0.0,17.16394412535853
Cundinamarca,2019-01-01,0.0,16.91594491148291
Cundinamarca,2019-01-02,0.0,17.282471519410382
Cundinamarca,2019-01-03,0.1521110600941619,16.886489778861677
Cundinamarca,2019-01-04,0.5834766019549446,17.48224172223687
Cundinamarca,2019-01-05,0.0,17.96158015337335
Cundinamarca,2019-01-06,1.3601779619020655,18.23410519170868
Cundinamarca,2019-01-07,14.942967586461307,17.802521977501755
Cundinamarca,2019-01-08,0.391935679036793,17.333856207633627
Cundinamarca,2019-01-09,0.4321859774102842,16.86721824121865
Cundinamarca,2019-01-10,1.6046853310058091,16.417271936235828
Cundinamarca,2019-01-11,0.3681263620686459,16.409691886438946
Cundinamarca,2019-01-12,0.0050457559359476,16.567945601548725
Cundinamarca,2019-01-13,0.0,16.561018669916617
Cundinamarca,2019-01-14,0.1121392511777441,16.898765498824357
Cundinamarca,2019-01-15,0.7465313233560589,17.18649088046
Cundinamarca,2019-01-16,3.494867492923712,17.309300903558537
Cundinamarca,2019-01-17,0.238470799686305,17.692190237718908
Cundinamarca,2019-01-18,0.4998173044613454,17.80154187565502
Cundinamarca,2019-01-19,0.1409972658014619,17.775636706574556
Cundinamarca,2019-01-20,0.6873363924504596,17.64153932868899
Cundinamarca,2019-01-21,0.1017194875906848,17.59037201293846
Cundinamarca,2019-01-22,0.0,17.993341975063082
Cundinamarca,2019-01-23,0.0,17.913504307858698
Cundinamarca,2019-01-24,0.0,18.15320401988592
Cundinamarca,2019-01-25,0.0383503268824461,18.43651024019178
Cundinamarca,2019-01-26,0.5167150049262424,18.89576707636549
Cundinamarca,2019-01-27,1.2924363264024872,18.793787802015707
Cundinamarca,2019-01-28,14.374597688916952,18.24343972447617
Cundinamarca,2019-01-29,3.910672023244768,17.644491520563523
Cundinamarca,2019-01-30,0.0,17.87747106487921
Cundinamarca,2019-01-31,0.0,18.13075596415024
Cundinamarca,2019-02-01,0.0,18.241191678472752
Cundinamarca,2019-02-02,5.354867198264584,17.936712885453083
Cundinamarca,2019-02-03,0.0612994693637903,18.29103287821538
Cundinamarca,2019-02-04,1.9761404789126693,18.16771310267831
Cundinamarca,2019-02-05,4.761323557263039,18.35006400436783
Cundinamarca,2019-02-06,4.262823405787692,18.15736553267883
Cundinamarca,2019-02-07,7.625465310690017,17.966924636587613
Cundinamarca,2019-02-08,2.5207661885022703,17.981967596576556
Cundinamarca,2019-02-09,0.0920833541949335,18.00421525624839
Cundinamarca,2019-02-10,0.0,18.075705031992044
Cundinamarca,2019-02-11,0.0,18.340511868927297
Cundinamarca,2019-02-12,0.5834630661412181,18.57718676108176
Cundinamarca,2019-02-13,0.1781830153918371,18.689199778094995
Cundinamarca,2019-02-14,0.8446301630222253,18.49855103901096
Cundinamarca,2019-02-15,0.1545417974265206,19.28442443271176
Cundinamarca,2019-02-16,2.270169846293393,18.971249560957325
Cundinamarca,2019-02-17,4.957446936370268,18.307516148227503
Cundinamarca,2019-02-18,12.346758032882246,18.264383385466616
Cundinamarca,2019-02-19,3.873172559706159,18.21108173303459
Cundinamarca,2019-02-20,13.789530312231776,18.368219951634764
Cundinamarca,2019-02-21,3.771844995817221,17.7847040084047
Cundinamarca,2019-02-22,1.1558919265002814,18.403738939740176
Cundinamarca,2019-02-23,7.592842047063592,18.56760565591184
Cundinamarca,2019-02-24,12.407390833994215,18.0510667886051
Cundinamarca,2019-02-25,0.4161924000659264,18.22442504493152
Cundinamarca,2019-02-26,3.3897767259096363,17.869053315562205
Cundinamarca,2019-02-27,1.1495027553198962,17.148016555051974
Cundinamarca,2019-02-28,0.0,17.209045105212805
Cundinamarca,2019-03-01,0.2048128764893449,18.33549673495225
Cundinamarca,2019-03-02,8.311307879939328,17.66818109845479
Cundinamarca,2019-03-03,1.0992055157011216,17.35241481225303
Cundinamarca,2019-03-04,2.327634470672105,18.04367897057907
Cundinamarca,2019-03-05,12.619757241505718,17.948576485850502
Cundinamarca,2019-03-06,1.2233827032072515,18.36643901140996
Cundinamarca,2019-03-07,5.50958613443281,18.2857324259222
Cundinamarca,2019-03-08,2.747385298115254,18.13443197668092
Cundinamarca,2019-03-09,0.8104152755182996,18.26597070493172
Cundinamarca,2019-03-10,3.696671718209379,18.11007848299821
Cundinamarca,2019-03-11,4.129585542501384,17.470260178856286
Cundinamarca,2019-03-12,7.048759728924363,18.052597245131707
Cundinamarca,2019-03-13,0.0420174909071535,18.04247308815576
Cundinamarca,2019-03-14,10.107637121627564,17.87748500978244
Cundinamarca,2019-03-15,3.7111678217987376,17.82805659979033
Cundinamarca,2019-03-16,2.18320336497771,18.081543064448745
Cundinamarca,2019-03-17,3.9666962628757303,18.584819030810834
Cundinamarca,2019-03-18,3.909086530233031,18.24532845230201
Cundinamarca,2019-03-19,15.6691094286564,17.449288901970302
Cundinamarca,2019-03-20,4.478459203683944,17.457363170638697
Cundinamarca,2019-03-21,1.8089031755679652,17.3648191018111
Cundinamarca,2019-03-22,1.462696090010272,17.492930706071164
Cundinamarca,2019-03-23,5.949842403892394,17.567587647805542
Cundinamarca,2019-03-24,6.902197974780274,17.683396500149435
Cundinamarca,2019-03-25,2.9202612056109927,17.817289540706266
Cundinamarca,2019-03-26,6.100740833868445,17.89055697959147
Cundinamarca,2019-03-27,0.0168934852683351,18.279802349428763
Cundinamarca,2019-03-28,9.281474662026024,18.27495099490606
Cundinamarca,2019-03-29,7.874738612595756,17.252832574344225
Cundinamarca,2019-03-30,8.065765330811624,17.44698347185497
Cundinamarca,2019-03-31,4.385885169741632,17.973657392931056
Cundinamarca,2019-04-01,8.616951679692864,17.76351352457561
Cundinamarca,2019-04-02,15.148436070896109,17.31907859958313
Cundinamarca,2019-04-03,0.0903359919088233,17.451671107403563
Cundinamarca,2019-04-04,1.27393635379285,17.847999496603958
Cundinamarca,2019-04-05,6.258410149355175,17.813673457791037
Cundinamarca,2019-04-06,6.272841227900432,18.013223472721883
Cundinamarca,2019-04-07,1.482510360955786,17.829287437652667
Cundinamarca,2019-04-08,3.803070446797169,18.29156543108916
Cundinamarca,2019-04-09,9.566417644831112,17.87651637494606
Cundinamarca,2019-04-10,2.979061010152986,17.79983539897843
Cundinamarca,2019-04-11,6.527183175455292,17.656572536359104
Cundinamarca,2019-04-12,7.080757712154032,17.955172902764104
Cundinamarca,2019-04-13,5.039501229167357,18.10333070930457
Cundinamarca,2019-04-14,2.6681637671944647,18.32599992364787
Cundinamarca,2019-04-15,18.021668453843343,17.647851352028365
Cundinamarca,2019-04-16,2.611447765326337,17.6618379158162
Cundinamarca,2019-04-17,6.227052131407311,17.88328285953432
Cundinamarca,2019-04-18,22.968622890818548,17.320856011928633
Cundinamarca,2019-04-19,1.7033076871623685,17.53753599123276
Cundinamarca,2019-04-20,11.285185712618905,17.46649947659458
Cundinamarca,2019-04-21,4.78360401222475,17.232596945688034
Cundinamarca,2019-04-22,8.576980760625133,16.929320701341645
Cundinamarca,2019-04-23,4.018137857827733,17.1775378849971
Cundinamarca,2019-04-24,10.891337292102794,16.699769466960788
Cundinamarca,2019-04-25,5.91080093052538,17.482550573126147
Cundinamarca,2019-04-26,4.829818029926085,17.503195057989288
Cundinamarca,2019-04-27,3.69146362394348,17.864854789294526
Cundinamarca,2019-04-28,3.451941620998699,17.854378157841087
Cundinamarca,2019-04-29,0.3777815857830598,17.850925664731225
Cundinamarca,2019-04-30,0.2763766822104205,17.84778139382749
Cundinamarca,2019-05-01,0.0,18.045269427783577
Cundinamarca,2019-05-02,0.0,17.787900149981247
Cundinamarca,2019-05-03,0.9780244617493872,17.45091471498456
Cundinamarca,2019-05-04,5.653925594081292,17.899012646531403
Cundinamarca,2019-05-05,2.933996512672296,18.305518566586244
Cundinamarca,2019-05-06,10.0655621423153,18.231753568748715
Cundinamarca,2019-05-07,0.3016212431103051,18.57732070014292
Cundinamarca,2019-05-08,21.84021519916815,17.554288935083694
Cundinamarca,2019-05-09,2.095338891025444,16.887362584655136
Cundinamarca,2019-05-10,5.322526366796828,17.12720416741502
Cundinamarca,2019-05-11,3.233191765360305,17.653996676238094
Cundinamarca,2019-05-12,2.3947623834404097,17.579689080222725
Cundinamarca,2019-05-13,20.847315159421232,17.421368085036026
Cundinamarca,2019-05-14,14.473442272084773,16.996821000399283
Cundinamarca,2019-05-15,3.79439311564566,16.867066452371244
Cundinamarca,2019-05-16,4.929638307061893,17.197637622306065
Cundinamarca,2019-05-17,19.085982037513237,16.875922125973368
Cundinamarca,2019-05-18,1.6479293028293844,17.477715479235194
Cundinamarca,2019-05-19,8.6080812202562,16.740216311781108
Cundinamarca,2019-05-20,6.215020781333816,17.075145319991833
Cundinamarca,2019-05-21,2.2970997666586306,17.48613377707746
Cundinamarca,2019-05-22,2.527660378540232,17.42020511716357
Cundinamarca,2019-05-23,13.167233922371524,16.772793489341137
Cundinamarca,2019-05-24,15.673698692229156,17.013022433251994
Cundinamarca,2019-05-25,7.958482572869542,16.945027461122134
Cundinamarca,2019-05-26,11.871803086859837,17.353694747129165
Cundinamarca,2019-05-27,9.72657215276545,17.31803351347938
Cundinamarca,2019-05-28,8.583006241823858,17.249978110305566
Cundinamarca,2019-05-29,2.296621584933561,17.071537990121044
Cundinamarca,2019-05-30,4.913082452640241,17.05360495943864
Cundinamarca,2019-05-31,15.989668184648956,17.077168894118802
Cundinamarca,2019-06-01,6.359221349477072,16.56605087863304
Cundinamarca,2019-06-02,0.577544299863582,17.246753941116438
Cundinamarca,2019-06-03,8.378055142491712,17.246055474889282
Cundinamarca,2019-06-04,2.5757263596336646,17.401702933518223
Cundinamarca,2019-06-05,7.533388593953116,17.52143636998199
Cundinamarca,2019-06-06,2.953045502074978,16.92062265576153
Cundinamarca,2019-06-07,5.450329901559108,16.735590097946062
Cundinamarca,2019-06-08,1.1694065007507608,16.858636685244697
Cundinamarca,2019-06-09,0.9189022616020994,17.143399575503118
Cundinamarca,2019-06-10,2.3558801899910726,16.59327175734698
Cundinamarca,2019-06-11,6.990864437963801,16.97871426169652
Cundinamarca,2019-06-12,6.188027462308609,16.91152549258454
Cundinamarca,2019-06-13,2.589343995129919,17.054722505290826
Cundinamarca,2019-06-14,4.461480596104632,17.39944210872886
Cundinamarca,2019-06-15,5.162541030192059,17.64088853119304
Cundinamarca,2019-06-16,17.84468811518922,17.13466230984894
Cundinamarca,2019-06-17,0.1066832475746967,16.961648173323873
Cundinamarca,2019-06-18,0.0042301080811959,17.233948891575686
Cundinamarca,2019-06-19,6.460567501842699,17.25940468470504
Cundinamarca,2019-06-20,2.7375015084969694,16.80723981249983
Cundinamarca,2019-06-21,0.287802187079825,16.4943856946876
Cundinamarca,2019-06-22,4.901081946254634,16.8287623168214
Cundinamarca,2019-06-23,0.6851359508255483,17.218235021382082
Cundinamarca,2019-06-24,6.348622375225776,16.407548977035464
Cundinamarca,2019-06-25,0.2562612947154452,16.703883367443854
Cundinamarca,2019-06-26,3.1296790904820195,17.321736936357837
Cundinamarca,2019-06-27,0.5251609397104121,17.755850668561656
Cundinamarca,2019-06-28,0.9386872661391849,17.496520648846552
Cundinamarca,2019-06-29,0.8764730442486262,16.913125836871217
Cundinamarca,2019-06-30,10.90713364601869,16.93799688201087
Cundinamarca,2019-07-01,1.4137711406802735,16.362758074976856
Cundinamarca,2019-07-02,0.1574743855353666,16.363858023638247
Cundinamarca,2019-07-03,0.6925421953517998,16.966776872860084
Cundinamarca,2019-07-04,0.2993497005715175,17.522021031074036
Cundinamarca,2019-07-05,18.74918631087178,17.168262023971607
Cundinamarca,2019-07-06,3.0649855169714897,17.090558505797542
Cundinamarca,2019-07-07,3.515012825160217,16.89628225670323
Cundinamarca,2019-07-08,0.4073576573477305,16.74267989743911
Cundinamarca,2019-07-09,0.954855653989081,16.24889211403971
Cundinamarca,2019-07-10,0.0468754777790651,16.53184538384473
Cundinamarca,2019-07-11,0.0016191003548494,17.23834291716031
Cundinamarca,2019-07-12,1.4342280371993852,16.9624010191983
Cundinamarca,2019-07-13,3.808099754424688,16.552938768897363
Cundinamarca,2019-07-14,1.6313920936014723,16.733102980387628
Cundinamarca,2019-07-15,8.624126541855462,16.865177307070056
Cundinamarca,2019-07-16,4.447972418736926,16.440464005576032
Cundinamarca,2019-07-17,0.0247177799559557,16.59173255546453
Cundinamarca,2019-07-18,0.0,16.930038059342117
Cundinamarca,2019-07-19,15.497003836468204,16.78026273717526
Cundinamarca,2019-07-20,7.739253267884679,16.835179906161567
Cundinamarca,2019-07-21,7.100860562883002,17.07893191077936
Cundinamarca,2019-07-22,2.607597260006597,16.900019685729
Cundinamarca,2019-07-23,3.760246352959906,16.84009875349039
Cundinamarca,2019-07-24,3.519734910746522,16.029628517523584
Cundinamarca,2019-07-25,2.042006708167155,16.14780765029439
Cundinamarca,2019-07-26,10.253231321204456,15.88446263258865
Cundinamarca,2019-07-27,1.8594769668274824,16.46382793264731
Cundinamarca,2019-07-28,2.7356851430301665,16.704096694724495
Cundinamarca,2019-07-29,0.0,17.177511177126817
Cundinamarca,2019-07-30,0.0061666745872508,17.372361265655545
Cundinamarca,2019-07-31,0.0428311063695556,17.29114235673878
Cundinamarca,2019-08-01,1.4474726375974083,17.509434120806116
Cundinamarca,2019-08-02,6.989979239791571,17.292612623300393
Cundinamarca,2019-08-03,3.762375681003289,16.958788618736175
Cundinamarca,2019-08-04,3.1301298973958644,16.794716763362526
Cundinamarca,2019-08-05,0.4796278518643433,16.562554233220123
Cundinamarca,2019-08-06,0.0,16.438651019374966
Cundinamarca,2019-08-07,0.0,17.13756258190897
Cundinamarca,2019-08-08,0.071671660706137,17.568489862495476
Cundinamarca,2019-08-09,1.91023596043764,17.167226425142143
Cundinamarca,2019-08-10,3.602393002728199,17.161500931865834
Cundinamarca,2019-08-11,0.9608626237923557,17.45414784211147
Cundinamarca,2019-08-12,0.0903219130141991,17.383435621482068
Cundinamarca,2019-08-13,6.497257845311958,17.239096343050615
Cundinamarca,2019-08-14,2.9257868769273743,16.806025615446636
Cundinamarca,2019-08-15,0.0010475373901304,16.544516858372045
Cundinamarca,2019-08-16,0.6920150985382674,16.32523934261958
Cundinamarca,2019-08-17,0.429460744830387,16.010540542838132
Cundinamarca,2019-08-18,0.236608660893572,16.91629513017039
Cundinamarca,2019-08-19,16.81519880144212,17.0392964219346
Cundinamarca,2019-08-20,0.0952427587759329,17.077432118029
Cundinamarca,2019-08-21,1.7288067722985865,17.015250218565406
Cundinamarca,2019-08-22,0.0,16.902412506470647
Cundinamarca,2019-08-23,11.851409272838437,17.24391993225696
Cundinamarca,2019-08-24,2.3231365039740397,17.082789646824168
Cundinamarca,2019-08-25,0.6766153705282072,17.01312022542686
Cundinamarca,2019-08-26,4.407544248561254,17.03505813513244
Cundinamarca,2019-08-27,0.3167741290886915,17.151778524266273
Cundinamarca,2019-08-28,7.348291575515124,17.34142977059661
Cundinamarca,2019-08-29,0.2188032964817469,17.474219711043983
Cundinamarca,2019-08-30,0.0,17.192365110024316
Cundinamarca,2019-08-31,6.293575235294947,17.470480677731782
Cundinamarca,2019-09-01,1.4612565656645948,17.819109239377465
Cundinamarca,2019-09-02,9.57956773246016,17.491156733234945
Cundinamarca,2019-09-03,0.0397191262582763,18.206771044099543
Cundinamarca,2019-09-04,4.169200892531308,17.72896941552377
Cundinamarca,2019-09-05,0.6005356599372954,17.70498796974472
Cundinamarca,2019-09-06,6.267693099875972,18.337610376651625
Cundinamarca,2019-09-07,0.6431093296080713,17.79766961205731
Cundinamarca,2019-09-08,0.8533780392211741,17.81126063665986
Cundinamarca,2019-09-09,4.395486774767644,17.56578747992955
Cundinamarca,2019-09-10,0.1293322879127791,18.297517359128488
Cundinamarca,2019-09-11,3.720466288550651,18.43125442963913
Cundinamarca,2019-09-12,3.4144400982304317,18.54398744456271
Cundinamarca,2019-09-13,6.173003588721431,18.55944014370582
Cundinamarca,2019-09-14,1.7416575467616182,18.06382472243863
Cundinamarca,2019-09-15,1.272992408997928,18.057353562407798
Cundinamarca,2019-09-16,3.564376894797036,18.18824851914828
Cundinamarca,2019-09-17,6.926489328803535,18.239983201469663
Cundinamarca,2019-09-18,4.079129188929401,17.60088431625274
Cundinamarca,2019-09-19,7.508986161608472,17.24924886719772
Cundinamarca,2019-09-20,19.172241141147243,16.926492819521712
Cundinamarca,2019-09-21,10.06593994584332,17.04403915868231
Cundinamarca,2019-09-22,1.0397681568728565,17.3793813433644
Cundinamarca,2019-09-23,7.200024403409915,17.185999242263325
Cundinamarca,2019-09-24,3.001813460708227,17.594238439602766
Cundinamarca,2019-09-25,7.295270580946731,17.224170589819245
Cundinamarca,2019-09-26,3.8886436005444938,17.37372448146334
Cundinamarca,2019-09-27,3.996795093098637,17.47968876827769
Cundinamarca,2019-09-28,7.111271634852012,17.911103150811808
Cundinamarca,2019-09-29,4.806767938472622,17.09992014411653
Cundinamarca,2019-09-30,3.3894596189586865,17.248752514932345
Cundinamarca,2019-10-01,1.9114686211966403,17.468120183568086
Cundinamarca,2019-10-02,1.48989427419945,17.341071627173704
Cundinamarca,2019-10-03,28.47804320595067,16.09234623233588
Cundinamarca,2019-10-04,0.0802947137047754,16.77809762753911
Cundinamarca,2019-10-05,1.9081794569315416,17.059780821380468
Cundinamarca,2019-10-06,2.8995966343497344,16.832364687814735
Cundinamarca,2019-10-07,6.331979376670423,17.048969978343354
Cundinamarca,2019-10-08,11.965901199246844,16.659699963899705
Cundinamarca,2019-10-09,0.379662756610005,16.76622446509152
Cundinamarca,2019-10-10,3.200743648230405,17.027188273939114
Cundinamarca,2019-10-11,5.293036501790176,16.588807621408762
Cundinamarca,2019-10-12,7.431491618332195,16.789959239072285
Cundinamarca,2019-10-13,3.6016266776885537,16.874223382504013
Cundinamarca,2019-10-14,6.203459583631136,16.71187225847941
Cundinamarca,2019-10-15,2.700814351817909,16.807643967806865
Cundinamarca,2019-10-16,7.457389294971549,16.55922733563557
Cundinamarca,2019-10-17,0.2880537023457885,16.827676847045613
Cundinamarca,2019-10-18,9.221107338237706,17.085399067267478
Cundinamarca,2019-10-19,13.675442009019717,16.467807000554217
Cundinamarca,2019-10-20,4.880946581279037,16.451027975962123
Cundinamarca,2019-10-21,4.787233776296384,16.93450517031564
Cundinamarca,2019-10-22,4.435358942390775,16.66770056309001
Cundinamarca,2019-10-23,8.841922988440373,16.637987470264918
Cundinamarca,2019-10-24,18.253808235624536,16.881225962990428
Cundinamarca,2019-10-25,6.998683209366651,16.917178714107212
Cundinamarca,2019-10-26,2.151241549798279,17.331130851687746
Cundinamarca,2019-10-27,7.257029065660818,17.020108489355568
Cundinamarca,2019-10-28,0.3937137042631907,17.399295678435884
Cundinamarca,2019-10-29,2.055000005691604,17.29423057099419
Cundinamarca,2019-10-30,3.908703518320373,17.53076645850199
Cundinamarca,2019-10-31,4.188545056190271,17.598210121222554
Cundinamarca,2019-11-01,3.9808580823855753,17.41315142148421
Cundinamarca,2019-11-02,4.485538424550474,16.994995233547332
Cundinamarca,2019-11-03,2.332474418119012,17.132092181850776
Cundinamarca,2019-11-04,8.532436198895878,17.81815690333783
Cundinamarca,2019-11-05,0.9927979078775082,17.99155106062939
Cundinamarca,2019-11-06,4.74684604726781,17.88774457872875
Cundinamarca,2019-11-07,2.4660116064794697,17.93903148563934
Cundinamarca,2019-11-08,5.319833597250453,18.29601320821044
Cundinamarca,2019-11-09,13.15596573559307,17.294168386275754
Cundinamarca,2019-11-10,5.918142335648239,17.22779189726165
Cundinamarca,2019-11-11,14.60969587063569,17.151797778811247
Cundinamarca,2019-11-12,9.008021710187096,17.024822677382666
Cundinamarca,2019-11-13,10.543624259719683,17.147380065901636
Cundinamarca,2019-11-14,12.291276175117,16.9196807730622
Cundinamarca,2019-11-15,12.05481681524119,16.913020987367364
Cundinamarca,2019-11-16,11.8204999571163,17.00910950927397
Cundinamarca,2019-11-17,3.055234450467412,17.364174205554818
Cundinamarca,2019-11-18,1.5308434238849442,17.32465566517923
Cundinamarca,2019-11-19,2.8509393037652853,16.95050943916848
Cundinamarca,2019-11-20,4.743746413164681,16.492122985239195
Cundinamarca,2019-11-21,3.219034571617568,16.641303250065697
Cundinamarca,2019-11-22,7.105534311327547,16.70841037552797
Cundinamarca,2019-11-23,4.56676113272958,16.707539282135915
Cundinamarca,2019-11-24,2.4699784625859693,17.100354190870465
Cundinamarca,2019-11-25,0.023608574800013,17.707145177564033
Cundinamarca,2019-11-26,1.6043655344261265,17.659209772438256
Cundinamarca,2019-11-27,0.0340018053849342,17.64585774013258
Cundinamarca,2019-11-28,1.6930723435461468,17.725188227590174
Cundinamarca,2019-11-29,1.600585154009967,17.680516347734244
Cundinamarca,2019-11-30,8.491027039739139,17.311557695114097
Cundinamarca,2019-12-01,0.4915295779417079,17.75706930693414
Cundinamarca,2019-12-02,0.0072024916059829,17.319892694700766
Cundinamarca,2019-12-03,2.322119226091265,17.139651890734303
Cundinamarca,2019-12-04,0.0697087077647621,17.822663128626036
Cundinamarca,2019-12-05,5.928827643869526,17.491467607587293
Cundinamarca,2019-12-06,0.3223327492432213,17.553270145869273
Cundinamarca,2019-12-07,12.898844344763791,17.362530615943342
Cundinamarca,2019-12-08,4.224716813995325,16.900203653860153
Cundinamarca,2019-12-09,0.0069593770589696,17.111135502320494
Cundinamarca,2019-12-10,0.0,17.849599449033086
Cundinamarca,2019-12-11,4.544908396757548,17.629924725191888
Cundinamarca,2019-12-12,0.3603117618672082,17.06917078641542
Cundinamarca,2019-12-13,0.1648550433228774,17.017737146525896
Cundinamarca,2019-12-14,5.902751490348381,17.069924413272982
Cundinamarca,2019-12-15,3.1002830091579523,16.90329914100381
Cundinamarca,2019-12-16,2.246080937971957,17.674850344252047
Cundinamarca,2019-12-17,2.1356803976616416,17.871901949292774
Cundinamarca,2019-12-18,1.7949564816142882,17.733455148940102
Cundinamarca,2019-12-19,0.508820611036902,17.883946606912435
Cundinamarca,2019-12-20,0.5824019757367098,17.719857918890547
Cundinamarca,2019-12-21,9.30144664313739,17.71275760978303
Cundinamarca,2019-12-22,0.1307493612909346,17.78495215507529
Cundinamarca,2019-12-23,2.361438104219787,17.6491721150765
Cundinamarca,2019-12-24,3.598689140373725,17.751373074245834
Cundinamarca,2019-12-25,5.071055480377218,18.134686594824505
Cundinamarca,2019-12-26,6.773340023664544,18.23159349777624
Cundinamarca,2019-12-27,2.029246621182616,18.114211788068737
Cundinamarca,2019-12-28,0.5473320292964826,18.001235320389316
Cundinamarca,2019-12-29,1.3759670910932715,18.561855773160232
Cundinamarca,2019-12-30,10.758309566311542,18.38742306420276
Cundinamarca,2019-12-31,7.631366076482809,17.586187223834216
Cundinamarca,2020-01-01,0.6857239507782182,17.428048724687347
Cundinamarca,2020-01-02,0.5818751155423976,17.930665170102042
Cundinamarca,2020-01-03,0.0,17.783190044787695
Cundinamarca,2020-01-04,0.0,17.787839911218118
Cundinamarca,2020-01-05,0.175573911494582,17.321596990526725
Cundinamarca,2020-01-06,1.0494331859803547,17.210867230704842
Cundinamarca,2020-01-07,0.0143491906721592,17.69763813989695
Cundinamarca,2020-01-08,0.0,17.364001843009053
Cundinamarca,2020-01-09,0.0042096527253204,17.17711287357426
Cundinamarca,2020-01-10,0.0,17.122409843491642
Cundinamarca,2020-01-11,0.0,16.903596538051513
Cundinamarca,2020-01-12,0.3799847267900725,17.49045018616079
Cundinamarca,2020-01-13,0.0,17.930134603213386
Cundinamarca,2020-01-14,0.0747343545454833,18.06947209151977
Cundinamarca,2020-01-15,0.2475653569789989,18.0191504024295
Cundinamarca,2020-01-16,0.0,17.826439174218777
Cundinamarca,2020-01-17,0.865531466259166,17.963059452583195
Cundinamarca,2020-01-18,0.0,18.42776006677919
Cundinamarca,2020-01-19,0.0092425638870043,18.055959602355028
Cundinamarca,2020-01-20,9.411085982985847,17.999685366831933
Cundinamarca,2020-01-21,5.507755422802362,17.87157713440499
Cundinamarca,2020-01-22,1.2432819787425309,17.28602931529236
Cundinamarca,2020-01-23,0.4148216455511233,17.25741806804046
Cundinamarca,2020-01-24,6.063184238289288,17.831516738620756
Cundinamarca,2020-01-25,11.466459827599548,18.045640647901628
Cundinamarca,2020-01-26,2.879555285921797,17.98664779331006
Cundinamarca,2020-01-27,0.6138009695673692,17.812251612201457
Cundinamarca,2020-01-28,0.1896592030321905,17.675930285653198
Cundinamarca,2020-01-29,0.0505025456790585,17.564663225386088
Cundinamarca,2020-01-30,0.1458571590806858,17.926252056340914
Cundinamarca,2020-01-31,0.0479773190350677,18.22780237329159
Cundinamarca,2020-02-01,0.5624441416956178,18.059088547251587
Cundinamarca,2020-02-02,3.379313526825777,18.47891425281581
Cundinamarca,2020-02-03,0.1389656711754748,18.84639713866947
Cundinamarca,2020-02-04,0.0,18.10971772129173
Cundinamarca,2020-02-05,0.0,17.727929827023818
Cundinamarca,2020-02-06,0.0672323761617487,17.250001222293214
Cundinamarca,2020-02-07,0.041822584617831,17.3426497384939
Cundinamarca,2020-02-08,0.7351931870522659,18.031019668222527
Cundinamarca,2020-02-09,0.1696431818130318,18.461459240344347
Cundinamarca,2020-02-10,0.0,18.56232592189564
Cundinamarca,2020-02-11,0.0,18.26391921793245
Cundinamarca,2020-02-12,0.0,18.65996695899289
Cundinamarca,2020-02-13,0.0,18.91075804917454
Cundinamarca,2020-02-14,0.5705529752663157,18.91275873644298
Cundinamarca,2020-02-15,5.27484253769901,18.90903115361885
Cundinamarca,2020-02-16,0.0652600374216077,18.79659891336708
Cundinamarca,2020-02-17,0.0,18.98628798692192
Cundinamarca,2020-02-18,0.0128695510797669,19.00445350310968
Cundinamarca,2020-02-19,1.8099676531401772,18.7054122515509
Cundinamarca,2020-02-20,5.124985477868369,19.1903663205837
Cundinamarca,2020-02-21,3.6111316274210856,18.96649421272458
Cundinamarca,2020-02-22,8.130305430018513,18.000921943785972
Cundinamarca,2020-02-23,4.099602359158716,17.67672235421906
Cundinamarca,2020-02-24,4.948860649190844,18.21863232073634
Cundinamarca,2020-02-25,13.847541380611728,18.54899986625678
Cundinamarca,2020-02-26,12.75111435082928,18.35223970197687
Cundinamarca,2020-02-27,0.5385436989273681,18.27295094183368
Cundinamarca,2020-02-28,0.0,18.43270231198121
Cundinamarca,2020-02-29,0.0232185151402948,18.973246931047218
Cundinamarca,2020-03-01,0.9901161588428063,18.805969321269245
Cundinamarca,2020-03-02,1.1556914985443234,18.78698878575984
Cundinamarca,2020-03-03,7.124112810044744,19.057084488689807
Cundinamarca,2020-03-04,4.386122101454368,19.423979190119933
Cundinamarca,2020-03-05,0.0,18.8320344036238
Cundinamarca,2020-03-06,3.1521448213205865,19.021267834124423
Cundinamarca,2020-03-07,3.745852200835447,19.075024687891684
Cundinamarca,2020-03-08,3.0616027733425435,18.664269467766964
Cundinamarca,2020-03-09,4.490417933598708,18.40082760352037
Cundinamarca,2020-03-10,3.9790903110067046,18.358135195807854
Cundinamarca,2020-03-11,16.577718201394315,17.951402467945037
Cundinamarca,2020-03-12,2.585393998685506,18.57450067862124
Cundinamarca,2020-03-13,9.997672292552044,18.43857767275318
Cundinamarca,2020-03-14,13.546962466031276,17.74171182388787
Cundinamarca,2020-03-15,1.8173757948265137,18.056930724604985
Cundinamarca,2020-03-16,1.01212050183549,18.340437843760885
Cundinamarca,2020-03-17,0.084369076196933,18.921123629701373
Cundinamarca,2020-03-18,0.0876690058307076,18.514289837013614
Cundinamarca,2020-03-19,0.1566364245628732,18.54744301329781
Cundinamarca,2020-03-20,2.3319295943847838,18.146955634543744
Cundinamarca,2020-03-21,0.0,17.111519880060513
Cundinamarca,2020-03-22,0.0,17.540967723091203
Cundinamarca,2020-03-23,0.1340423825511363,17.880677432016896
Cundinamarca,2020-03-24,0.5923093084351597,18.065246886418585
Cundinamarca,2020-03-25,0.1965154441677385,18.26962066763924
Cundinamarca,2020-03-26,7.040624054289307,18.69300272758498
Cundinamarca,2020-03-27,0.5844019231824509,18.63170245182172
Cundinamarca,2020-03-28,0.0,18.561862771875816
Cundinamarca,2020-03-29,0.0,18.77274038806485
Cundinamarca,2020-03-30,0.3141456513763825,18.43002302093818
Cundinamarca,2020-03-31,0.268817171041099,17.77615146542904
Cundinamarca,2020-04-01,3.642254900128347,17.659082987631727
Cundinamarca,2020-04-02,15.785915753069323,17.754760290685997
Cundinamarca,2020-04-03,0.0203183290732698,18.53742743202212
Cundinamarca,2020-04-04,0.0,18.98458672181648
Cundinamarca,2020-04-05,5.908193965398479,19.0519855571083
Cundinamarca,2020-04-06,2.377323628254889,18.89973975770129
Cundinamarca,2020-04-07,12.488692991398938,18.318477154068493
Cundinamarca,2020-04-08,3.7454927342542033,18.582282750165604
Cundinamarca,2020-04-09,9.14199815036886,18.31665911420739
Cundinamarca,2020-04-10,1.4786648705022083,18.46193799563161
Cundinamarca,2020-04-11,9.93414120220528,17.861217973444866
Cundinamarca,2020-04-12,6.807547255221078,17.862213823076477
Cundinamarca,2020-04-13,2.129343686769583,18.229262372659083
Cundinamarca,2020-04-14,1.3843797953815542,18.070101383015764
Cundinamarca,2020-04-15,0.391532290183478,17.86484506460566
Cundinamarca,2020-04-16,1.4666048862064005,17.60096949110253
Cundinamarca,2020-04-17,2.4019015948907474,17.36409791151133
Cundinamarca,2020-04-18,1.9738472766404396,17.240882237294265
Cundinamarca,2020-04-19,2.432768858695832,17.245607620040364
Cundinamarca,2020-04-20,2.9743970557294377,17.859467813421606
Cundinamarca,2020-04-21,7.474988089074023,17.580388676332497
Cundinamarca,2020-04-22,5.352976242022833,17.591255235625006
Cundinamarca,2020-04-23,14.312452543343564,17.44046894922347
Cundinamarca,2020-04-24,1.1422066242310651,17.723054060941518
Cundinamarca,2020-04-25,0.8535511003293033,18.272748172622144
Cundinamarca,2020-04-26,0.2637024808757415,18.321327313072672
Cundinamarca,2020-04-27,5.647383455201266,18.059816010036503
Cundinamarca,2020-04-28,9.996345615531004,17.896321638270837
Cundinamarca,2020-04-29,7.350952903531325,17.970885859648625
Cundinamarca,2020-04-30,5.957143931298583,18.22702455373814
Cundinamarca,2020-05-01,11.726343291354691,17.62687787335259
Cundinamarca,2020-05-02,0.0008539371615096436,17.83123907199411
Cundinamarca,2020-05-03,6.776769929204015,17.68556207589548
Cundinamarca,2020-05-04,0.1566621303255719,17.550376858668976
Cundinamarca,2020-05-05,6.261938123158783,18.101864950446025
Cundinamarca,2020-05-06,4.887652822563391,18.35200221008832
Cundinamarca,2020-05-07,14.715211272015637,17.821366942131863
Cundinamarca,2020-05-08,13.71822637429884,17.382522464079717
Cundinamarca,2020-05-09,0.0375744659582622,17.676853249538162
Cundinamarca,2020-05-10,2.194376338410195,18.12751290268065
Cundinamarca,2020-05-11,7.210536443103561,18.795900043324156
Cundinamarca,2020-05-12,4.121192240478904,18.38804055982834
Cundinamarca,2020-05-13,11.868125056132865,17.37456355706526
Cundinamarca,2020-05-14,0.7861865886575287,17.83303130145878
Cundinamarca,2020-05-15,2.311236392254189,17.571898512858933
Cundinamarca,2020-05-16,3.3299796457365893,18.19010783606555
Cundinamarca,2020-05-17,2.511329127980973,18.15819352453953
Cundinamarca,2020-05-18,3.956121158904359,17.489575025214233
Cundinamarca,2020-05-19,5.522462755675969,17.57871040750921
Cundinamarca,2020-05-20,0.0,17.684170385145062
Cundinamarca,2020-05-21,1.300702543421793,18.27567537390273
Cundinamarca,2020-05-22,2.7424509798611894,18.117965515956676
Cundinamarca,2020-05-23,2.3832873557471603,18.280930603965075
Cundinamarca,2020-05-24,2.517484572206466,18.274702878008394
Cundinamarca,2020-05-25,4.50343865103396,18.17660325550649
Cundinamarca,2020-05-26,4.385700766178507,17.78492737501841
Cundinamarca,2020-05-27,12.51093428168747,17.15803471060624
Cundinamarca,2020-05-28,3.025517604613534,16.518603145639148
Cundinamarca,2020-05-29,0.3846516877981398,16.94980931733751
Cundinamarca,2020-05-30,28.32539414933,16.64059376814973
Cundinamarca,2020-05-31,2.6022706367249557,16.68244884369426
Cundinamarca,2020-06-01,4.718765576982348,16.880301962729465
Cundinamarca,2020-06-02,4.088293091001525,17.35190839191223
Cundinamarca,2020-06-03,20.48885307203956,17.005236959774386
Cundinamarca,2020-06-04,5.361694541613665,17.224980180211105
Cundinamarca,2020-06-05,4.054244977329967,17.86257333441818
Cundinamarca,2020-06-06,12.57366360924011,17.182490281949555
Cundinamarca,2020-06-07,0.3990172224358501,17.524705433392626
Cundinamarca,2020-06-08,9.759161275782228,17.676435067354248
Cundinamarca,2020-06-09,0.1522548313312312,17.382231979864212
Cundinamarca,2020-06-10,3.6080368095555366,17.460983946667074
Cundinamarca,2020-06-11,6.261233007535209,16.876839664691072
Cundinamarca,2020-06-12,6.604682916743509,16.74040134687913
Cundinamarca,2020-06-13,4.765931750463716,17.415127225063117
Cundinamarca,2020-06-14,12.482003123848736,17.32669135921078
Cundinamarca,2020-06-15,1.5890984158423704,17.078673052692714
Cundinamarca,2020-06-16,0.1602468807001551,17.273008475546412
Cundinamarca,2020-06-17,19.543529700940358,16.884206389333933
Cundinamarca,2020-06-18,7.472379787402303,17.216143813305678
Cundinamarca,2020-06-19,0.1064884911887479,17.37739322724029
Cundinamarca,2020-06-20,8.973383598028803,17.477553463763343
Cundinamarca,2020-06-21,8.73944461670296,17.191060994132453
Cundinamarca,2020-06-22,6.576253642925415,17.140098882888122
Cundinamarca,2020-06-23,0.1492619120477274,17.25931802349911
Cundinamarca,2020-06-24,2.5480657627276178,17.39709202874268
Cundinamarca,2020-06-25,0.7403514895495308,17.263380907056227
Cundinamarca,2020-06-26,1.0138087012440786,17.241995950896268
Cundinamarca,2020-06-27,5.109511692994158,17.220070932312197
Cundinamarca,2020-06-28,16.16613149010704,16.85455434269093
Cundinamarca,2020-06-29,0.9051041760731692,16.811767968313976
Cundinamarca,2020-06-30,1.18126564386736,17.448066193998518
Cundinamarca,2020-07-01,1.0520068901436688,17.363038562048533
Cundinamarca,2020-07-02,21.7313581093581,16.82067491227184
Cundinamarca,2020-07-03,0.7581022139449699,17.090198590247454
Cundinamarca,2020-07-04,19.928738433349192,17.100110191143386
Cundinamarca,2020-07-05,12.425084794990129,16.61988488869717
Cundinamarca,2020-07-06,15.126478255737563,16.6978872743253
Cundinamarca,2020-07-07,0.6564835320011321,16.66836906667694
Cundinamarca,2020-07-08,0.3719148205953535,17.286669682039392
Cundinamarca,2020-07-09,8.090577682164112,16.80519930482389
Cundinamarca,2020-07-10,1.6947920062918742,17.12634561119017
Cundinamarca,2020-07-11,12.124887647206409,16.84815382858289
Cundinamarca,2020-07-12,0.5023178316998145,16.553511841286245
Cundinamarca,2020-07-13,3.516276183332362,16.854927694485212
Cundinamarca,2020-07-14,9.18703687757796,16.99026160900048
Cundinamarca,2020-07-15,1.7794076217425618,16.36664235543532
Cundinamarca,2020-07-16,4.512696798793358,16.810824480428554
Cundinamarca,2020-07-17,5.676950587315076,17.072806285074794
Cundinamarca,2020-07-18,1.2051080400947751,17.093194010744533
Cundinamarca,2020-07-19,0.0598928380320129,17.27754800476618
Cundinamarca,2020-07-20,3.773987154237651,17.26227350420252
Cundinamarca,2020-07-21,5.780810796248788,17.098029821034295
Cundinamarca,2020-07-22,2.251124960711177,16.835903218518578
Cundinamarca,2020-07-23,4.741158675952273,16.93577073766021
Cundinamarca,2020-07-24,4.13898118285071,16.41128684212016
Cundinamarca,2020-07-25,22.47500575510153,16.02231868572298
Cundinamarca,2020-07-26,0.0402471769719248,16.39000649081894
Cundinamarca,2020-07-27,2.304990495837947,17.002816315626486
Cundinamarca,2020-07-28,2.098129275608642,17.374919791438213
Cundinamarca,2020-07-29,3.7147382268075946,17.478673638352397
Cundinamarca,2020-07-30,19.614627208709276,16.986732002404594
Cundinamarca,2020-07-31,0.339631916670133,17.393789605142725
Cundinamarca,2020-08-01,0.0060809071162127,17.38685061300472
Cundinamarca,2020-08-02,0.0,17.17894236696613
Cundinamarca,2020-08-03,0.0,17.304952094593702
Cundinamarca,2020-08-04,0.9275280790459692,17.1527016375557
Cundinamarca,2020-08-05,0.3782987960581667,16.949263835995197
Cundinamarca,2020-08-06,0.0220583792514183,17.37399179895482
Cundinamarca,2020-08-07,2.692144314889862e-05,17.18545621924873
Cundinamarca,2020-08-08,0.0761007878774945,17.356023841143735
Cundinamarca,2020-08-09,0.0,17.643227532738244
Cundinamarca,2020-08-10,0.0261468572945669,17.528317731236275
Cundinamarca,2020-08-11,0.1623937142164024,18.008378435441905
Cundinamarca,2020-08-12,5.148927568263862,17.890392115881035
Cundinamarca,2020-08-13,15.230450771320363,17.819368600119454
Cundinamarca,2020-08-14,6.462538023114472,17.266972391480376
Cundinamarca,2020-08-15,1.1642767268960186,17.44741144465351
Cundinamarca,2020-08-16,2.8993634692512638,17.37701033994613
Cundinamarca,2020-08-17,12.081777103976236,17.017292342158818
Cundinamarca,2020-08-18,1.8500542780822544,17.34967256677957
Cundinamarca,2020-08-19,5.213464293269811,17.421209692765917
Cundinamarca,2020-08-20,2.952155598390256,17.505873056380114
Cundinamarca,2020-08-21,7.012433210132096,17.464183377923128
Cundinamarca,2020-08-22,12.563554819881393,16.62203235090476
Cundinamarca,2020-08-23,2.0493500901907917,16.831522376631735
Cundinamarca,2020-08-24,2.0678595317691078,17.031349717730823
Cundinamarca,2020-08-25,11.32640555586465,17.275603970962372
Cundinamarca,2020-08-26,3.8147938198136258,17.107345270761925
Cundinamarca,2020-08-27,1.573995606330293,17.07666999461587
Cundinamarca,2020-08-28,4.864789276571761,17.491626739649234
Cundinamarca,2020-08-29,5.764041323417657,17.570737777547055
Cundinamarca,2020-08-30,15.822045444419349,16.676492074266058
Cundinamarca,2020-08-31,0.7933813257648547,16.783119522226293
Cundinamarca,2020-09-01,1.3662447354220866,17.265984684221007
Cundinamarca,2020-09-02,17.997993976591804,16.597035921562163
Cundinamarca,2020-09-03,2.141627271388703,17.302221113216692
Cundinamarca,2020-09-04,2.338529737054885,17.442760091588887
Cundinamarca,2020-09-05,3.074307895088884,17.728696065922616
Cundinamarca,2020-09-06,11.839873912637566,17.62453938251125
Cundinamarca,2020-09-07,0.2978257174687957,17.671809462882674
Cundinamarca,2020-09-08,9.737527274028825,16.80490850521164
Cundinamarca,2020-09-09,1.6880029983381808,17.040858885814465
Cundinamarca,2020-09-10,1.6482916096611853,17.52727658989819
Cundinamarca,2020-09-11,1.379650475001074,17.833483570814938
Cundinamarca,2020-09-12,0.4004799990625886,17.873157368371317
Cundinamarca,2020-09-13,0.1263352097395109,17.598740815447712
Cundinamarca,2020-09-14,2.4169250114296097,17.678928125904093
Cundinamarca,2020-09-15,0.4958765573903637,18.134360214044328
Cundinamarca,2020-09-16,1.167301314157672,17.39261262927135
Cundinamarca,2020-09-17,3.56990118293775,17.16778806832571
Cundinamarca,2020-09-18,1.7277994824593728,17.46776074499012
Cundinamarca,2020-09-19,7.737586076379445,17.39329213851917
Cundinamarca,2020-09-20,14.251284955086952,17.173094870448228
Cundinamarca,2020-09-21,1.160857691778344,17.9051633775866
Cundinamarca,2020-09-22,0.0923133909108183,17.625193170059777
Cundinamarca,2020-09-23,10.462017505673924,17.576492109699124
Cundinamarca,2020-09-24,2.357886458765425,17.371220902878488
Cundinamarca,2020-09-25,1.1569118691562357,17.230385641914935
Cundinamarca,2020-09-26,0.7143182756405104,17.210890232041884
Cundinamarca,2020-09-27,4.506654245115686,17.219107784659148
Cundinamarca,2020-09-28,1.1900897487784086,17.41400436296021
Cundinamarca,2020-09-29,1.2494656980089884,17.2729087338337
Cundinamarca,2020-09-30,4.566987597450519,17.22594095833172
Cundinamarca,2020-10-01,1.3108336880968348,17.188255967991253
Cundinamarca,2020-10-02,3.647889270258169,17.65608047921481
Cundinamarca,2020-10-03,4.076177448741301,17.59995922726784
Cundinamarca,2020-10-04,4.602001141903136,16.91764948094171
Cundinamarca,2020-10-05,1.3239165667198247,17.089923351292303
Cundinamarca,2020-10-06,2.0079228626228285,17.232870546297878
Cundinamarca,2020-10-07,11.222360218483482,17.590786137301382
Cundinamarca,2020-10-08,1.3226895646450063,16.993199759062566
Cundinamarca,2020-10-09,3.18376786372138,17.151807732588075
Cundinamarca,2020-10-10,2.325174802715862,17.561513835878053
Cundinamarca,2020-10-11,1.617560322301894,17.694670000284493
Cundinamarca,2020-10-12,2.3854099963898823,17.756160862455353
Cundinamarca,2020-10-13,7.975106012625422,17.021528982959758
Cundinamarca,2020-10-14,0.1136954603434572,17.097315770953347
Cundinamarca,2020-10-15,0.0031569309257797,17.426326676164315
Cundinamarca,2020-10-16,10.418085977225294,17.427140615121317
Cundinamarca,2020-10-17,0.2083651577308857,17.42748059251055
Cundinamarca,2020-10-18,3.0367902443889867,17.738175858023617
Cundinamarca,2020-10-19,7.807090120681448,17.056277382390693
Cundinamarca,2020-10-20,0.2163713509572739,17.31144978030737
Cundinamarca,2020-10-21,8.148187649706436,17.081545217227713
Cundinamarca,2020-10-22,3.8630288528886254,17.589450362628554
Cundinamarca,2020-10-23,4.64953707168609,17.49350851925895
Cundinamarca,2020-10-24,6.591669357280782,17.145423330770555
Cundinamarca,2020-10-25,1.2815498289521292,17.57589322565414
Cundinamarca,2020-10-26,2.0056808192357787,17.90959816553198
Cundinamarca,2020-10-27,3.9132215104395462,17.854558300380052
Cundinamarca,2020-10-28,14.166442444719577,17.18735345503223
Cundinamarca,2020-10-29,6.97629203831013,17.269008328913742
Cundinamarca,2020-10-30,5.137396017282711,17.29875739474792
Cundinamarca,2020-10-31,10.753664792765788,16.724120590325818
Cundinamarca,2020-11-01,17.352818371616674,16.577385893252092
Cundinamarca,2020-11-02,3.1040281612989027,17.29331677417733
Cundinamarca,2020-11-03,0.2783401288377097,17.283746427634785
Cundinamarca,2020-11-04,5.7854738400700265,17.1590505954879
Cundinamarca,2020-11-05,8.4866515636857,17.121094880422483
Cundinamarca,2020-11-06,6.4478515757162524,17.218622158581734
Cundinamarca,2020-11-07,5.23552039954028,17.219360960173532
Cundinamarca,2020-11-08,3.004114838806519,17.085520283260546
Cundinamarca,2020-11-09,12.0816005901892,17.53493990701627
Cundinamarca,2020-11-10,8.080048909017608,16.91548716920828
Cundinamarca,2020-11-11,16.814446776363116,16.92025118200098
Cundinamarca,2020-11-12,0.7600064909019816,16.743869111439725
Cundinamarca,2020-11-13,18.5038263899974,17.01851220388779
Cundinamarca,2020-11-14,4.683364865106089,16.923880396102366
Cundinamarca,2020-11-15,9.978617659060044,17.06241635538063
Cundinamarca,2020-11-16,13.686607452546134,16.869683656259447
Cundinamarca,2020-11-17,14.65892551919773,16.379477265292287
Cundinamarca,2020-11-18,6.484445564971764,16.773289157827058
Cundinamarca,2020-11-19,3.4260482300546453,16.785782989367192
Cundinamarca,2020-11-20,0.7704048277637838,16.82512941308537
Cundinamarca,2020-11-21,4.433515026213974,17.087342705483938
Cundinamarca,2020-11-22,0.6289624491644302,17.34462325165127
Cundinamarca,2020-11-23,5.43377933295259,17.265097890010072
Cundinamarca,2020-11-24,6.610358268069159,17.511170702084115
Cundinamarca,2020-11-25,3.573590705199067,17.548992874935347
Cundinamarca,2020-11-26,7.381945490193126,17.193102782567806
Cundinamarca,2020-11-27,6.681871189628324,16.79100978312631
Cundinamarca,2020-11-28,26.819682559356227,16.640952344327044
Cundinamarca,2020-11-29,1.6399901420953336,16.88270716274365
Cundinamarca,2020-11-30,1.844644690415277,17.07603299773895
Cundinamarca,2020-12-01,9.090938180179773,17.037862389140578
Cundinamarca,2020-12-02,4.475445364802919,16.74588974169486
Cundinamarca,2020-12-03,7.550583326476036,16.80041354603202
Cundinamarca,2020-12-04,0.0,17.338273946062888
Cundinamarca,2020-12-05,0.0,17.011157860169707
Cundinamarca,2020-12-06,0.1441507260887545,16.921627783553497
Cundinamarca,2020-12-07,4.146175244851817,17.048353878299196
Cundinamarca,2020-12-08,3.73460399576914,17.02483381113259
Cundinamarca,2020-12-09,4.703097663259175,16.835655955040636
Cundinamarca,2020-12-10,0.0189294532561776,16.850188609517957
Cundinamarca,2020-12-11,1.5728182619319853,17.35220470380214
Cundinamarca,2020-12-12,0.3020641785489807,17.162077076788144
Cundinamarca,2020-12-13,0.1022194506988811,17.165607809242417
Cundinamarca,2020-12-14,0.0146285655323049,17.076455421207314
Cundinamarca,2020-12-15,2.301226836138381,16.978176966764163
Cundinamarca,2020-12-16,3.380611353256287,17.167161796966067
Cundinamarca,2020-12-17,4.197935821554241,17.18987808966961
Cundinamarca,2020-12-18,4.485214503990818,16.8834837994612
Cundinamarca,2020-12-19,3.370177023388204,17.156447546614718
Cundinamarca,2020-12-20,3.444946020376215,17.056007067305227
Cundinamarca,2020-12-21,2.4546633829189948,17.16294662053206
Cundinamarca,2020-12-22,0.9775535130637092,17.30103996174126
Cundinamarca,2020-12-23,1.1359705260609103,17.360314489986546
Cundinamarca,2020-12-24,2.0104169712224382,17.59434590069949
Cundinamarca,2020-12-25,6.334259581858631,17.193119731690285
Cundinamarca,2020-12-26,5.658876559820885,16.742864515274434
Cundinamarca,2020-12-27,7.906921512045156,16.472835336499777
Cundinamarca,2020-12-28,2.1472507071925064,16.388028125574053
Cundinamarca,2020-12-29,0.4143218457288862,16.655668013432972
Cundinamarca,2020-12-30,4.183380895743896,16.6651439606221
Cundinamarca,2020-12-31,9.556007859636006,16.54411598515407
Cundinamarca,2021-01-01,0.0165660858299746,16.948724144783885
Cundinamarca,2021-01-02,0.1705247766745506,17.02298832441097
Cundinamarca,2021-01-03,19.75841427556675,17.184761665854996
Cundinamarca,2021-01-04,1.4403996125794234,17.11234115009385
Cundinamarca,2021-01-05,0.0539359225273779,16.57434931063544
Cundinamarca,2021-01-06,0.8003498520215515,16.765355444925817
Cundinamarca,2021-01-07,0.902309688325204,16.58209712070506
Cundinamarca,2021-01-08,13.205656379211732,16.34893087597053
Cundinamarca,2021-01-09,2.8472894020964707,16.115072591904255
Cundinamarca,2021-01-10,2.811609580627099,16.242511113026712
Cundinamarca,2021-01-11,3.5858570116645305,16.407436364093492
Cundinamarca,2021-01-12,0.5405747205754164,17.10347380645285
Cundinamarca,2021-01-13,0.0487484818189718,17.110247056170067
Cundinamarca,2021-01-14,0.0834325103918165,17.202824978403353
Cundinamarca,2021-01-15,0.1437438605314472,17.61345781065947
Cundinamarca,2021-01-16,0.0,17.539205558737976
Cundinamarca,2021-01-17,0.0,17.39219887054289
Cundinamarca,2021-01-18,0.0,17.26420190725196
Cundinamarca,2021-01-19,0.0,17.448309766516797
Cundinamarca,2021-01-20,1.1188965843227032,17.28019415840976
Cundinamarca,2021-01-21,0.0293630955122591,17.246526648680433
Cundinamarca,2021-01-22,0.0,17.548768213461
Cundinamarca,2021-01-23,2.849740313931636,17.265026077233877
Cundinamarca,2021-01-24,0.8224329742050316,17.19221101065048
Cundinamarca,2021-01-25,0.2017403956592885,17.300708596056896
Cundinamarca,2021-01-26,1.2350856319713093,17.36053854175387
Cundinamarca,2021-01-27,0.6199632717129714,17.289730592180756
Cundinamarca,2021-01-28,0.899982445965793,17.57900091830771
Cundinamarca,2021-01-29,0.1839425811276894,18.36729191174369
Cundinamarca,2021-01-30,0.1494691699039772,17.913023522908425
Cundinamarca,2021-01-31,0.0828865616066486,17.42344973798206
Cundinamarca,2021-02-01,0.0,18.03484714275276
Cundinamarca,2021-02-02,0.6023259246794715,18.47360251277141
Cundinamarca,2021-02-03,0.6258695040597071,18.278980645512227
Cundinamarca,2021-02-04,0.0341323464083975,18.134422201688885
Cundinamarca,2021-02-05,5.081005936040592,18.32285236159233
Cundinamarca,2021-02-06,4.454104645971337,18.494462302197466
Cundinamarca,2021-02-07,1.2232064772889013,18.86952687416487
Cundinamarca,2021-02-08,26.179462213947133,18.31303967699561
Cundinamarca,2021-02-09,10.1139880057111,18.15883341128805
Cundinamarca,2021-02-10,6.652377992279288,18.009387353114928
Cundinamarca,2021-02-11,0.669182714403762,17.985676792523844
Cundinamarca,2021-02-12,1.3423804027985011,17.64458480397205
Cundinamarca,2021-02-13,0.0,17.637867330694107
Cundinamarca,2021-02-14,1.6730686000099382,17.896704135997737
Cundinamarca,2021-02-15,2.18977507423642,17.71293397577335
Cundinamarca,2021-02-16,0.7070796315973039,17.809416919349868
Cundinamarca,2021-02-17,0.7455655144514849,17.52279593075394
Cundinamarca,2021-02-18,2.281836412508708,17.645623135612762
Cundinamarca,2021-02-19,11.749928507807072,17.399339295267918
Cundinamarca,2021-02-20,0.1692806674367892,17.409485960822668
Cundinamarca,2021-02-21,0.5684334609230961,17.054282465933618
Cundinamarca,2021-02-22,0.2904555213547686,16.97251805026936
Cundinamarca,2021-02-23,0.0116961402806922,17.26032605315368
Cundinamarca,2021-02-24,0.021453983224513,17.271648578831137
Cundinamarca,2021-02-25,1.2511530623273488,17.713492257446156
Cundinamarca,2021-02-26,0.3580538739133266,17.549665507978304
Cundinamarca,2021-02-27,5.215574801981044,17.426566437747837
Cundinamarca,2021-02-28,0.9113279097225374,17.54328603073393
Cundinamarca,2021-03-01,1.8032491707787976,17.268637689384107
Cundinamarca,2021-03-02,5.936537983317125,17.364375654451543
Cundinamarca,2021-03-03,0.7943519865053426,17.37512243028686
Cundinamarca,2021-03-04,1.7284792858177038,16.963372069175282
Cundinamarca,2021-03-05,0.5775867499527156,17.055794282235446
Cundinamarca,2021-03-06,2.4678170820033656,17.553290593065395
Cundinamarca,2021-03-07,5.594901641714694,17.57434638564158
Cundinamarca,2021-03-08,21.189105134873223,17.291546923975528
Cundinamarca,2021-03-09,0.5118679261295319,17.375861514590607
Cundinamarca,2021-03-10,2.183096613898188,17.162214796667595
Cundinamarca,2021-03-11,2.206363732419093,16.48352841721982
Cundinamarca,2021-03-12,1.8400850172294048,16.308111014170514
Cundinamarca,2021-03-13,1.232705930217973,16.243876968760752
Cundinamarca,2021-03-14,3.423140651944252,16.41663988138683
Cundinamarca,2021-03-15,2.2487397668228617,16.56235932083883
Cundinamarca,2021-03-16,13.867400539592415,16.45720442168238
Cundinamarca,2021-03-17,6.521241753494341,16.817506686822924
Cundinamarca,2021-03-18,5.832816326584409,16.443039073818984
Cundinamarca,2021-03-19,1.3706815630145617,16.64541738860132
Cundinamarca,2021-03-20,2.4336001564304306,16.91038145507569
Cundinamarca,2021-03-21,2.054369307453218,17.00004991715984
Cundinamarca,2021-03-22,3.00507252711855,16.899751164462433
Cundinamarca,2021-03-23,0.3862988837517475,16.88010315456058
Cundinamarca,2021-03-24,6.72876076676239,16.830138858386388
Cundinamarca,2021-03-25,0.2700626501505309,17.2726713950467
Cundinamarca,2021-03-26,3.565859845969979,17.26203465157667
Cundinamarca,2021-03-27,18.30876506789645,16.292533521359015
Cundinamarca,2021-03-28,1.127909650675132,16.620206705287522
Cundinamarca,2021-03-29,0.1255837875935586,17.272586988371177
Cundinamarca,2021-03-30,0.9057880512268384,17.444757322482168
Cundinamarca,2021-03-31,1.8580374269385809,17.348791110331096
Cundinamarca,2021-04-01,2.6130345994663324,17.603504392557785
Cundinamarca,2021-04-02,10.594447980948358,17.364508354958847
Cundinamarca,2021-04-03,3.531452759424285,17.002454958543222
Cundinamarca,2021-04-04,8.002087073664443,17.098444372017102
Cundinamarca,2021-04-05,19.13379808541944,16.918369647936107
Cundinamarca,2021-04-06,12.607833110897555,16.797389192367323
Cundinamarca,2021-04-07,6.210499608151542,16.587968882420853
Cundinamarca,2021-04-08,0.7326892851835426,17.21284129529936
Cundinamarca,2021-04-09,6.441968947865707,16.611832455166777
Cundinamarca,2021-04-10,0.8154128872561981,16.621830783587065
Cundinamarca,2021-04-11,4.234100192380875,17.032628900284337
Cundinamarca,2021-04-12,26.66334122436308,17.102320433200806
Cundinamarca,2021-04-13,0.0,17.074005678619343
Cundinamarca,2021-04-14,4.468996185896722,17.374329409543527
Cundinamarca,2021-04-15,9.69087308466309,17.22467314656643
Cundinamarca,2021-04-16,3.4116660331114748,17.309473814057046
Cundinamarca,2021-04-17,20.483168650358948,17.486559425984506
Cundinamarca,2021-04-18,3.317345542909542,17.354665652478428
Cundinamarca,2021-04-19,3.9059711565876727,17.346449249439708
Cundinamarca,2021-04-20,0.1029820603015946,17.45866123891277
Cundinamarca,2021-04-21,7.93385151732277,17.330497395613513
Cundinamarca,2021-04-22,0.0724814851333128,18.15129924623509
Cundinamarca,2021-04-23,6.695794966399872,18.011689160404796
Cundinamarca,2021-04-24,1.5042590459036893,18.08595950361684
Cundinamarca,2021-04-25,8.597824088390198,18.26480694971252
Cundinamarca,2021-04-26,17.000014315249327,17.967230323596212
Cundinamarca,2021-04-27,15.056990617917686,17.149641688572785
Cundinamarca,2021-04-28,7.630110011062624,16.614288159047412
Cundinamarca,2021-04-29,5.080591161345913,16.541550283425085
Cundinamarca,2021-04-30,25.51673518783113,15.410595119706532
Cundinamarca,2021-05-01,0.7548382779473678,15.95200823750303
Cundinamarca,2021-05-02,10.075814880040015,16.19907507250869
Cundinamarca,2021-05-03,16.54190244129151,15.87278823685685
Cundinamarca,2021-05-04,9.144675328062958,16.268086824523895
Cundinamarca,2021-05-05,14.792192395497812,16.702918215205763
Cundinamarca,2021-05-06,5.680639739575146,16.629027130491487
Cundinamarca,2021-05-07,7.478226622473935,16.54506383240139
Cundinamarca,2021-05-08,7.009474058234949,16.355318059168397
Cundinamarca,2021-05-09,3.765332886370588,16.71762154017777
Cundinamarca,2021-05-10,11.955092996590242,16.31723905282233
Cundinamarca,2021-05-11,0.0661589638351623,16.298796240713678
Cundinamarca,2021-05-12,0.1328275695818948,16.819540032833782
Cundinamarca,2021-05-13,2.318532499645205,17.330129590303002
Cundinamarca,2021-05-14,1.0296329998935076,17.37139000172246
Cundinamarca,2021-05-15,10.182418829130569,17.510635521782152
Cundinamarca,2021-05-16,9.12994746534248,17.336769079465803
Cundinamarca,2021-05-17,9.275337048836992,16.378020872587836
Cundinamarca,2021-05-18,3.1343755722280493,16.563638275613066
Cundinamarca,2021-05-19,1.874019074866265,17.043637972668613
Cundinamarca,2021-05-20,0.0029794339521181,17.516219178221125
Cundinamarca,2021-05-21,0.6468407411508876,17.713513785890314
Cundinamarca,2021-05-22,6.033357217444429,17.58230220134282
Cundinamarca,2021-05-23,8.39540726606993,17.48247366806695
Cundinamarca,2021-05-24,1.7288004645320274,17.350265174298762
Cundinamarca,2021-05-25,3.3439722739095625,17.429459704090736
Cundinamarca,2021-05-26,6.323349175083787,17.399480151365385
Cundinamarca,2021-05-27,2.3290492111180483,16.838170785011197
Cundinamarca,2021-05-28,0.1172882205467872,16.9713280457975
Cundinamarca,2021-05-29,9.072012181753772,16.990987018483995
Cundinamarca,2021-05-30,4.630531437447746,16.818671346452035
Cundinamarca,2021-05-31,2.2599641962744097,17.060689694932897
Cundinamarca,2021-06-01,9.435734442163408,17.09209091910892
Cundinamarca,2021-06-02,5.49866729083102,17.142148981569214
Cundinamarca,2021-06-03,3.479422910486846,17.19628229683122
Cundinamarca,2021-06-04,18.90477401366695,17.183240608396297
Cundinamarca,2021-06-05,1.073224321171213,17.408147717565146
Cundinamarca,2021-06-06,3.57681234658376,17.332555024685977
Cundinamarca,2021-06-07,0.764059239783052,17.052485834476144
Cundinamarca,2021-06-08,8.988354394111756,16.335564250317066
Cundinamarca,2021-06-09,4.04320408104982,16.07640159859191
Cundinamarca,2021-06-10,11.719773298838668,16.38337886716574
Cundinamarca,2021-06-11,1.5291994751941906,16.713564274837566
Cundinamarca,2021-06-12,12.982496691329112,16.91101837989229
Cundinamarca,2021-06-13,18.6575030812004,16.256674050869726
Cundinamarca,2021-06-14,10.579281620653497,16.212912487015505
Cundinamarca,2021-06-15,10.593811956492535,16.334983770800008
Cundinamarca,2021-06-16,1.6981184663472202,16.550778924718024
Cundinamarca,2021-06-17,14.885694136677412,16.435489965799036
Cundinamarca,2021-06-18,2.9066787315337645,16.6913194501046
Cundinamarca,2021-06-19,2.386823151154275,16.7974423306471
Cundinamarca,2021-06-20,10.866647561137048,16.261767844020177
Cundinamarca,2021-06-21,6.537638952803425,16.415386197890005
Cundinamarca,2021-06-22,4.292655675823573,16.486696002828893
Cundinamarca,2021-06-23,3.1389587972700634,16.27239511120901
Cundinamarca,2021-06-24,4.246026946410987,16.481782154898124
Cundinamarca,2021-06-25,6.016794542994913,16.596854059914744
Cundinamarca,2021-06-26,6.786866242191955,16.395175264715913
Cundinamarca,2021-06-27,1.9117629954425683,16.297896885909765
Cundinamarca,2021-06-28,0.4655946924631324,16.528936632618453
Cundinamarca,2021-06-29,12.53678507535036,16.75079366701222
Cundinamarca,2021-06-30,7.17700344200655,16.07490018555632
Cundinamarca,2021-07-01,0.5774111238220485,15.758392630944828
Cundinamarca,2021-07-02,0.0241512991022817,16.270009043081874
Cundinamarca,2021-07-03,0.0020079167631056,16.233467360649943
Cundinamarca,2021-07-04,0.0,15.985407126062878
Cundinamarca,2021-07-05,0.0,16.34851725360864
Cundinamarca,2021-07-06,0.5268016346223808,16.61421651839805
Cundinamarca,2021-07-07,0.0279159086158708,16.931797196541115
Cundinamarca,2021-07-08,0.587755596760068,16.9894000111766
Cundinamarca,2021-07-09,6.768840783117702,16.280894842343777
Cundinamarca,2021-07-10,10.86077996989755,16.61315594762357
Cundinamarca,2021-07-11,16.44891479542865,16.58391945051789
Cundinamarca,2021-07-12,0.7122288452580621,17.102573301874074
Cundinamarca,2021-07-13,3.2613005495851204,16.515116697454033
Cundinamarca,2021-07-14,0.8347896052145369,16.52727918325107
Cundinamarca,2021-07-15,9.53317636475665,16.941379960504847
Cundinamarca,2021-07-16,7.633369271026605,17.350762173127443
Cundinamarca,2021-07-17,5.503910411839819,17.12113293658771
Cundinamarca,2021-07-18,4.8362402782093525,16.491901191372165
Cundinamarca,2021-07-19,0.0025630770133214,16.3414601115002
Cundinamarca,2021-07-20,0.0,16.894669774746394
Cundinamarca,2021-07-21,1.4189738700507368,16.510829618679704
Cundinamarca,2021-07-22,0.0,16.695804737973994
Cundinamarca,2021-07-23,0.0384496112991607,16.96537172517168
Cundinamarca,2021-07-24,4.562296989005627,16.41659128894236
Cundinamarca,2021-07-25,27.00871082155212,15.781647901421774
Cundinamarca,2021-07-26,1.7027462248779706,16.46584365993921
Cundinamarca,2021-07-27,0.8120877845966548,16.516004654101508
Cundinamarca,2021-07-28,7.382851888394256,16.968547634064443
Cundinamarca,2021-07-29,13.72039368124725,16.954844171836605
Cundinamarca,2021-07-30,0.2736645042998906,16.87737356665476
Cundinamarca,2021-07-31,0.103865381379407,17.030847984237777
Cundinamarca,2021-08-01,0.0,17.16829658104896
Cundinamarca,2021-08-02,0.0,16.28197434114256
Cundinamarca,2021-08-03,4.809350900708954,16.052548485778903
Cundinamarca,2021-08-04,0.6603408901946606,16.361220406956384
Cundinamarca,2021-08-05,0.0039800684121439,16.165420041398583
Cundinamarca,2021-08-06,0.0,16.915020881759833
Cundinamarca,2021-08-07,0.3526236146090531,17.060843988027052
Cundinamarca,2021-08-08,3.390191220790508,17.139525332251118
Cundinamarca,2021-08-09,5.769864845595397,17.01915058509135
Cundinamarca,2021-08-10,10.463495291173553,17.42920254222672
Cundinamarca,2021-08-11,2.35652089880694,17.2471874766103
Cundinamarca,2021-08-12,4.146779774718652,17.039808852627942
Cundinamarca,2021-08-13,12.5456790888308,17.055559186691326
Cundinamarca,2021-08-14,7.401240864921093,16.643732011916885
Cundinamarca,2021-08-15,6.037209595126763,16.477556211575564
Cundinamarca,2021-08-16,7.055167929025272,16.944565741560595
Cundinamarca,2021-08-17,16.421216947401373,16.442697782691152
Cundinamarca,2021-08-18,2.1293935912169117,16.694593403522322
Cundinamarca,2021-08-19,10.245902259620616,16.69348894884284
Cundinamarca,2021-08-20,3.811334672905437,16.699683659616262
Cundinamarca,2021-08-21,7.739345114027167,16.942175458094038
Cundinamarca,2021-08-22,2.02469685164257,17.308393564113466
Cundinamarca,2021-08-23,3.296380917612069,17.69914262032932
Cundinamarca,2021-08-24,14.699628659427496,17.467920916372623
Cundinamarca,2021-08-25,1.9252289940476672,17.189669915395662
Cundinamarca,2021-08-26,7.106021819085454,17.037028944286355
Cundinamarca,2021-08-27,0.9838182460409104,17.046139615636935
Cundinamarca,2021-08-28,16.057271636180207,17.296644463476373
Cundinamarca,2021-08-29,13.372128141851958,17.195482386337936
Cundinamarca,2021-08-30,6.573161125585439,16.800860034172672
Cundinamarca,2021-08-31,2.9701143965016708,16.33677730700175
Cundinamarca,2021-09-01,2.054456139463834,16.455847328562673
Cundinamarca,2021-09-02,0.3630419955330407,17.10418149525332
Cundinamarca,2021-09-03,7.783677258335182,17.1636120359139
Cundinamarca,2021-09-04,8.823492468125384,17.4352194937186
Cundinamarca,2021-09-05,3.2150104357342344,17.061276328219698
Cundinamarca,2021-09-06,17.784948409702157,16.595351054027514
Cundinamarca,2021-09-07,0.0084613538839151,16.819387227895223
Cundinamarca,2021-09-08,0.8713402127551942,17.051145628904592
Cundinamarca,2021-09-09,0.3455638269293851,17.659353661726374
Cundinamarca,2021-09-10,4.414360788892068,17.411180740370217
Cundinamarca,2021-09-11,6.877886706221106,16.918310382502295
Cundinamarca,2021-09-12,3.952751208645955,16.77371257664368
Cundinamarca,2021-09-13,0.0978386497188828,16.703536242605264
Cundinamarca,2021-09-14,0.9476027508719614,17.15346584347065
Cundinamarca,2021-09-15,3.512594386745942,17.130591689600244
Cundinamarca,2021-09-16,0.4057117734863131,16.778704090397383
Cundinamarca,2021-09-17,0.0195953895712345,16.71136572616294
Cundinamarca,2021-09-18,0.0,17.207107905375615
Cundinamarca,2021-09-19,1.2118728827864325,17.634175857114727
Cundinamarca,2021-09-20,1.172341868870349,17.451572611982336
Cundinamarca,2021-09-21,2.1971065854879384,17.217367257830233
Cundinamarca,2021-09-22,1.5621819917971906,17.18262112213968
Cundinamarca,2021-09-23,9.128473258820575,16.721080241302946
Cundinamarca,2021-09-24,1.5111513101877123,17.109611657837625
Cundinamarca,2021-09-25,0.9100767833496908,17.054577433101382
Cundinamarca,2021-09-26,0.0,17.268570327693375
Cundinamarca,2021-09-27,0.0,17.479543238288606
Cundinamarca,2021-09-28,9.421045225879624,17.3102395136405
Cundinamarca,2021-09-29,8.216312464657875,16.978872770277345
Cundinamarca,2021-09-30,6.828120685117304,15.969078287409069
Cundinamarca,2021-10-01,1.3012228523213158,16.561433051439092
Cundinamarca,2021-10-02,0.9104147655288326,17.01051430261549
Cundinamarca,2021-10-03,2.173568919737236,17.8507501921905
Cundinamarca,2021-10-04,5.795300893455414,17.78578118386816
Cundinamarca,2021-10-05,10.870437790658745,17.741685471067942
Cundinamarca,2021-10-06,4.50586283044012,17.241892548078603
Cundinamarca,2021-10-07,6.129176714019412,17.328196917128665
Cundinamarca,2021-10-08,8.631816100897797,17.315732788517188
Cundinamarca,2021-10-09,15.732691616981471,17.040711452419227
Cundinamarca,2021-10-10,4.261053721499065,17.361105421831834
Cundinamarca,2021-10-11,11.197219604212066,16.321146527242167
Cundinamarca,2021-10-12,0.0151071491079489,17.250527718764587
Cundinamarca,2021-10-13,1.8903625534771324,17.63147221806584
Cundinamarca,2021-10-14,5.289244544496218,17.6545364492595
Cundinamarca,2021-10-15,7.054434922833676,17.644488563097582
Cundinamarca,2021-10-16,16.985171953863656,17.630802579230615
Cundinamarca,2021-10-17,8.19074081841099,16.478555449660846
Cundinamarca,2021-10-18,0.097024653345447,16.619502785886915
Cundinamarca,2021-10-19,2.6262108334312244,16.89919287516646
Cundinamarca,2021-10-20,4.5370628809748,17.349158783266578
Cundinamarca,2021-10-21,11.691044579858575,17.3685429191778
Cundinamarca,2021-10-22,8.542971375622459,17.10343612941803
Cundinamarca,2021-10-23,5.881666772866128,17.182768606754177
Cundinamarca,2021-10-24,7.875305670021984,17.224710546974762
Cundinamarca,2021-10-25,2.122456176574291,17.454367220985112
Cundinamarca,2021-10-26,21.460043187750376,17.053253404208466
Cundinamarca,2021-10-27,10.805681751082854,16.418006643935517
Cundinamarca,2021-10-28,4.1564267358483455,16.804692030490834
Cundinamarca,2021-10-29,10.362390478100536,16.590928054623763
Cundinamarca,2021-10-30,11.202673835419573,16.77795670402726
Cundinamarca,2021-10-31,5.556839251731965,16.47047761820354
Cundinamarca,2021-11-01,4.7873480318616135,16.701950829409164
Cundinamarca,2021-11-02,2.573053289237936,16.696524632186218
Cundinamarca,2021-11-03,12.294227940225753,16.8156784085591
Cundinamarca,2021-11-04,11.264220185264309,16.513476595479272
Cundinamarca,2021-11-05,1.102281815731533,16.838411762720668
Cundinamarca,2021-11-06,0.0,17.01511549631267
Cundinamarca,2021-11-07,0.8315274807948636,17.022799761139236
Cundinamarca,2021-11-08,5.492604427251128,16.817264134141947
Cundinamarca,2021-11-09,15.531663358064304,16.72960348097785
Cundinamarca,2021-11-10,5.608968059366959,16.78271974295074
Cundinamarca,2021-11-11,1.720148262296189,17.16709762310524
Cundinamarca,2021-11-12,0.6387665188054824,17.281504035526694
Cundinamarca,2021-11-13,3.0449032401490554,17.31283627497847
Cundinamarca,2021-11-14,0.0478403246799561,17.275335269913104
Cundinamarca,2021-11-15,2.975989627930096,17.175412740837878
Cundinamarca,2021-11-16,0.4038459005557492,17.255041983643046
Cundinamarca,2021-11-17,0.1258140203304808,17.467702103740848
Cundinamarca,2021-11-18,0.0401085905413211,17.123541727936797
Cundinamarca,2021-11-19,0.0,16.86846147117879
Cundinamarca,2021-11-20,0.8332720184827268,17.187371273851404
Cundinamarca,2021-11-21,8.195067419433993,16.823572552585038
Cundinamarca,2021-11-22,7.584840344416618,16.7990514218437
Cundinamarca,2021-11-23,15.131668738892166,16.429974027115378
Cundinamarca,2021-11-24,4.11181743822341,16.247206307905287
Cundinamarca,2021-11-25,8.619752935072043,16.305533032875577
Cundinamarca,2021-11-26,5.421407567647021,16.53107958466918
Cundinamarca,2021-11-27,3.675827127429225,16.88462784725974
Cundinamarca,2021-11-28,1.6391871915266485,17.313122001561936
Cundinamarca,2021-11-29,2.298715051894526,17.211619392358102
Cundinamarca,2021-11-30,11.945782515693429,17.01801507875319
Cundinamarca,2021-12-01,0.488719552035436,16.899171380993895
Cundinamarca,2021-12-02,0.8292957494439727,17.077167930293886
Cundinamarca,2021-12-03,1.201989608325257,17.40754585187595
Cundinamarca,2021-12-04,4.297638199259911,17.14158664727747
Cundinamarca,2021-12-05,0.4282424629997306,17.136573827705853
Cundinamarca,2021-12-06,3.018202672873505,17.480858447017138
Cundinamarca,2021-12-07,1.6173430426327269,17.722206054966293
Cundinamarca,2021-12-08,0.1587959873260945,17.53491815910309
Cundinamarca,2021-12-09,4.698776753579192,17.996913830130516
Cundinamarca,2021-12-10,12.10367050402234,17.40972137622943
Cundinamarca,2021-12-11,15.840049993812505,17.397896844096802
Cundinamarca,2021-12-12,5.741171826101443,16.9343778074399
Cundinamarca,2021-12-13,0.0,16.432397109109864
Cundinamarca,2021-12-14,0.0,17.283982069593904
Cundinamarca,2021-12-15,0.0547353583803202,17.385348827104128
Cundinamarca,2021-12-16,0.3485507464082549,17.27183944924305
Cundinamarca,2021-12-17,0.055451762699816,17.26273351679374
Cundinamarca,2021-12-18,6.626767177015656,17.084548646478773
Cundinamarca,2021-12-19,0.5427233356024689,17.379333089088057
Cundinamarca,2021-12-20,0.2638033591338769,17.527559440989403
Cundinamarca,2021-12-21,0.3778245281915802,17.628946773310396
Cundinamarca,2021-12-22,0.0366019831128918,17.3136700482019
Cundinamarca,2021-12-23,0.3201533624662765,17.159110888643927
Cundinamarca,2021-12-24,3.009540642944965,17.561302814576106
Cundinamarca,2021-12-25,1.316097802477459,17.92365792661896
Cundinamarca,2021-12-26,8.267056359732763,17.604907082131117
Cundinamarca,2021-12-27,3.208319235015054,17.400326893970615
Cundinamarca,2021-12-28,2.312969808927852,17.705290207134325
Cundinamarca,2021-12-29,16.248116792195496,17.442558341871063
Cundinamarca,2021-12-30,1.0930442570464678,17.23588979130438
Cundinamarca,2021-12-31,1.1004170054549731,17.68062181051136
Cundinamarca,2022-01-01,7.523426511372402,17.603648321679426
Cundinamarca,2022-01-02,1.7035912386724437,17.64999205872592
Cundinamarca,2022-01-03,5.1174571911361,16.99740306682977
Cundinamarca,2022-01-04,0.0,17.103920380869567
Cundinamarca,2022-01-05,0.6107745972305028,17.230502704061088
Cundinamarca,2022-01-06,0.0,16.92173870693092
Cundinamarca,2022-01-07,2.058114388498377,16.555995774041122
Cundinamarca,2022-01-08,0.1897948802495169,16.64920698694529
Cundinamarca,2022-01-09,0.0,16.874152667072902
Cundinamarca,2022-01-10,2.4823218333264747,16.79139511834403
Cundinamarca,2022-01-11,0.2119236073883716,16.836630561475605
Cundinamarca,2022-01-12,0.0095816501194819,16.801365150770053
Cundinamarca,2022-01-13,0.2875633232332828,16.624561764980392
Cundinamarca,2022-01-14,2.5066643342855057,16.33082908814574
Cundinamarca,2022-01-15,3.6940011621233535,16.83616513547907
Cundinamarca,2022-01-16,1.1369645789609166,16.860001177983932
Cundinamarca,2022-01-17,2.0031124405313387,17.13723639396575
Cundinamarca,2022-01-18,0.7280661101056397,16.968002359414907
Cundinamarca,2022-01-19,0.3920486365041295,17.18369328973123
Cundinamarca,2022-01-20,0.0366884476449108,17.84515124736951
Cundinamarca,2022-01-21,0.1384861195095291,17.71441182046117
Cundinamarca,2022-01-22,4.120973519291557,17.706494701533888
Cundinamarca,2022-01-23,5.579594846134425,17.749133111379663
Cundinamarca,2022-01-24,0.3401060314369615,18.01061542445064
Cundinamarca,2022-01-25,7.800571132293197,17.73126685793883
Cundinamarca,2022-01-26,5.188553400207127,17.099329364524234
Cundinamarca,2022-01-27,0.2681341177974121,17.714251649438562
Cundinamarca,2022-01-28,0.0,17.733283485976347
Cundinamarca,2022-01-29,0.0483368297193722,17.235523083535274
Cundinamarca,2022-01-30,0.027319876051567,16.84741794629208
Cundinamarca,2022-01-31,0.1986685184449519,17.05184491393634
Cundinamarca,2022-02-01,0.0,16.92647401806507
Cundinamarca,2022-02-02,0.0,17.163117333608557
Cundinamarca,2022-02-03,0.0663933732243603,17.27658248457069
Cundinamarca,2022-02-04,4.354480406332202,17.44745826948582
Cundinamarca,2022-02-05,1.464571805830731,16.796709220493987
Cundinamarca,2022-02-06,0.0,16.192444096145717
Cundinamarca,2022-02-07,0.265947881614022,16.497400753391496
Cundinamarca,2022-02-08,34.98854753351037,16.045421968659117
Cundinamarca,2022-02-09,2.56773512826927,16.20641271367975
Cundinamarca,2022-02-10,9.685284014504932,16.668595321231955
Cundinamarca,2022-02-11,4.643592160079022,16.79398858429329
Cundinamarca,2022-02-12,2.4963259199544434,17.305514417859612
Cundinamarca,2022-02-13,2.098851387102346,17.532131588120116
Cundinamarca,2022-02-14,6.675534361203758,16.92196865808936
Cundinamarca,2022-02-15,0.1904822103207419,16.996171712963335
Cundinamarca,2022-02-16,0.0,17.31704156207278
Cundinamarca,2022-02-17,1.349590714939262,17.351596858776606
Cundinamarca,2022-02-18,10.121170018911466,17.600702749373642
Cundinamarca,2022-02-19,1.3028810992372888,17.101511072551222
Cundinamarca,2022-02-20,0.0815762465119022,16.814567491485676
Cundinamarca,2022-02-21,2.194333087029223,16.803086122805436
Cundinamarca,2022-02-22,1.707490097965105,17.433992862329294
Cundinamarca,2022-02-23,3.009786515322747,17.669695317219222
Cundinamarca,2022-02-24,3.6469996961012887,17.528870615208138
Cundinamarca,2022-02-25,10.266572540721688,17.53973280201907
Cundinamarca,2022-02-26,2.1944244068979297,16.92340035990854
Cundinamarca,2022-02-27,1.1662069523942926,16.64059215156157
Cundinamarca,2022-02-28,11.948146193077394,16.14072153052255
Cundinamarca,2022-03-01,0.2471466717758833,16.35087118042065
Cundinamarca,2022-03-02,9.82096030998359,16.739668435452128
Cundinamarca,2022-03-03,4.2160577467206695,16.926583340885852
Cundinamarca,2022-03-04,14.79768827661343,16.501550666848054
Cundinamarca,2022-03-05,2.501915061466456,17.12844086673251
Cundinamarca,2022-03-06,13.680060045545469,16.441366285913624
Cundinamarca,2022-03-07,5.290902422797557,16.612367626422362
Cundinamarca,2022-03-08,0.0581468136831922,16.75246361657605
Cundinamarca,2022-03-09,0.0666159651747212,16.85478095129842
Cundinamarca,2022-03-10,1.1413408442613993,17.16735281957979
Cundinamarca,2022-03-11,0.7707956143680347,17.114775295659197
Cundinamarca,2022-03-12,10.421474804607652,17.17253625039467
Cundinamarca,2022-03-13,4.580734678744344,16.583963006495406
Cundinamarca,2022-03-14,7.971737354612893,17.11245366573398
Cundinamarca,2022-03-15,4.042040480458348,16.830141986294212
Cundinamarca,2022-03-16,0.0400011525430328,16.9083847190183
Cundinamarca,2022-03-17,2.8328822779863527,17.129400960304835
Cundinamarca,2022-03-18,5.021577993892268,17.192448786330655
Cundinamarca,2022-03-19,4.027182690757961,17.267691776690054
Cundinamarca,2022-03-20,1.9594891489998976,17.489796194405965
Cundinamarca,2022-03-21,2.9096903595117225,17.374087629011978
Cundinamarca,2022-03-22,7.979597219919598,17.564970874283386
Cundinamarca,2022-03-23,2.079438411463054,17.585079442553514
Cundinamarca,2022-03-24,2.429757044783921,17.86895373230037
Cundinamarca,2022-03-25,5.384603258100826,17.528985855578288
Cundinamarca,2022-03-26,1.754858687753304,17.28230596143454
Cundinamarca,2022-03-27,12.202731748278673,17.343853969370358
Cundinamarca,2022-03-28,4.664850829428328,17.000688953940347
Cundinamarca,2022-03-29,13.263172525148288,16.827787516093487
Cundinamarca,2022-03-30,7.431004290177055,17.086639704267338
Cundinamarca,2022-03-31,4.2802975540651245,17.23244596972335
Cundinamarca,2022-04-01,2.7486566392137344,17.528024077169096
Cundinamarca,2022-04-02,1.7631822462225195,17.57128389598098
Cundinamarca,2022-04-03,7.304765584485754,17.63821328633997
Cundinamarca,2022-04-04,13.59365086471894,17.21859373819556
Cundinamarca,2022-04-05,11.957486090829097,16.913518640006288
Cundinamarca,2022-04-06,11.369215790578934,17.61138110569597
Cundinamarca,2022-04-07,16.276326861479024,17.276823827162083
Cundinamarca,2022-04-08,2.2985370347571608,17.389193593243686
Cundinamarca,2022-04-09,4.7976622756063145,17.40846543159329
Cundinamarca,2022-04-10,1.9726845457475293,17.843514173399694
Cundinamarca,2022-04-11,3.9399708583959048,17.771789343188736
Cundinamarca,2022-04-12,2.4028416660330074,17.91125328600209
Cundinamarca,2022-04-13,4.289219323321764,18.030593375843974
Cundinamarca,2022-04-14,0.1235310584481198,17.75550501713949
Cundinamarca,2022-04-15,4.644560755505871,17.7881674517847
Cundinamarca,2022-04-16,15.932625720564507,17.660772341668487
Cundinamarca,2022-04-17,25.435243840413676,16.53779973801776
Cundinamarca,2022-04-18,6.764557142423503,16.423854256502434
Cundinamarca,2022-04-19,17.76562297280984,15.993538650557891
Cundinamarca,2022-04-20,12.366020252045193,16.428793444057494
Cundinamarca,2022-04-21,4.668468206850229,15.81625387248294
Cundinamarca,2022-04-22,12.433491626899832,16.256156351676896
Cundinamarca,2022-04-23,8.958218690101656,16.233378445093546
Cundinamarca,2022-04-24,3.1387431086693818,16.442721091507323
Cundinamarca,2022-04-25,25.8707693664972,16.30614371087698
Cundinamarca,2022-04-26,0.1967028181182387,16.431013903692936
Cundinamarca,2022-04-27,14.28862745614616,16.997922228838515
Cundinamarca,2022-04-28,9.162991201623404,16.72294956717507
Cundinamarca,2022-04-29,10.896913111730086,16.507664035038264
Cundinamarca,2022-04-30,5.477813658133758,16.66081114642657
Cundinamarca,2022-05-01,0.3079253569488586,17.082329481425827
Cundinamarca,2022-05-02,3.0730639807009337,17.363039119358483
Cundinamarca,2022-05-03,0.0,17.587709185015804
Cundinamarca,2022-05-04,0.0,17.985335327109865
Cundinamarca,2022-05-05,20.923120630546485,17.201079545797526
Cundinamarca,2022-05-06,1.0350739250457206,16.530299597008607
Cundinamarca,2022-05-07,15.470054164338093,15.862334658892165
Cundinamarca,2022-05-08,1.789759969445974,16.90086206148002
Cundinamarca,2022-05-09,3.402180058359165,17.3870354312184
Cundinamarca,2022-05-10,27.001536311666825,17.549305678884227
Cundinamarca,2022-05-11,22.028286123567486,16.853018774021745
Cundinamarca,2022-05-12,5.224866048853281,16.881019880313744
Cundinamarca,2022-05-13,8.78370859532952,17.32744018894626
Cundinamarca,2022-05-14,4.750354027048774,17.320190700735687
Cundinamarca,2022-05-15,0.6660178012800697,17.64388083812895
Cundinamarca,2022-05-16,25.19496366112708,17.1313559462273
Cundinamarca,2022-05-17,6.097055787588748,16.90007425413989
Cundinamarca,2022-05-18,19.045915032783448,16.1351855738637
Cundinamarca,2022-05-19,3.108731873642168,15.949534286220302
Cundinamarca,2022-05-20,4.093999791582141,16.20418391145729
Cundinamarca,2022-05-21,1.324294852995089,16.728234120675737
Cundinamarca,2022-05-22,2.3453768896213663,17.377309730274973
Cundinamarca,2022-05-23,9.44743430924198,17.233984495351365
Cundinamarca,2022-05-24,7.71921367886089,17.18155869302737
Cundinamarca,2022-05-25,9.935816554333517,16.88188463233395
Cundinamarca,2022-05-26,2.919320981676297,16.69328146489188
Cundinamarca,2022-05-27,15.258322792284222,16.379003717273743
Cundinamarca,2022-05-28,0.979294216370446,16.626906073239166
Cundinamarca,2022-05-29,12.337074450679683,16.6288290192054
Cundinamarca,2022-05-30,3.2673510074660035,16.71222237873628
Cundinamarca,2022-05-31,5.507064475652511,16.964204755670483
Cundinamarca,2022-06-01,11.067425840063708,16.942645052545867
Cundinamarca,2022-06-02,6.912251778967076,16.85984274815409
Cundinamarca,2022-06-03,3.331476754628163,16.463191441484827
Cundinamarca,2022-06-04,14.554894536051233,16.024501072540005
Cundinamarca,2022-06-05,6.301455496472528,16.344174716572752
Cundinamarca,2022-06-06,4.059448536570364,16.536224891315488
Cundinamarca,2022-06-07,31.46678818334557,16.372243335072337
Cundinamarca,2022-06-08,4.826042004840655,16.10803236428686
Cundinamarca,2022-06-09,6.78177158443987,16.01939777768683
Cundinamarca,2022-06-10,0.1369351598996385,16.492162505823494
Cundinamarca,2022-06-11,20.61335139070192,16.311668042221772
Cundinamarca,2022-06-12,3.4666205442074083,15.644140410847609
Cundinamarca,2022-06-13,1.4174159861275808,15.489779989573934
Cundinamarca,2022-06-14,0.5634982263300924,16.00774497624315
Cundinamarca,2022-06-15,0.3587244729374794,16.398400011303544
Cundinamarca,2022-06-16,1.049803930356017,16.52096830594042
Cundinamarca,2022-06-17,0.9842732546682949,16.374927995859206
Cundinamarca,2022-06-18,3.714570792116811,16.429959220645785
Cundinamarca,2022-06-19,11.250789539195765,16.039771878250583
Cundinamarca,2022-06-20,19.26661606426567,15.635123005892446
Cundinamarca,2022-06-21,1.411709124340117,15.923442881554903
Cundinamarca,2022-06-22,1.2754360218267862,16.58319089943431
Cundinamarca,2022-06-23,31.92481920939878,16.22561387041181
Cundinamarca,2022-06-24,1.3977555375173825,15.911658777737326
Cundinamarca,2022-06-25,1.2756887505586043,15.828769947606428
Cundinamarca,2022-06-26,1.7029936120673117,15.195821539605967
Cundinamarca,2022-06-27,0.0227442492589854,15.69624889993289
Cundinamarca,2022-06-28,4.048239048689341,16.421796467490466
Cundinamarca,2022-06-29,9.486533101830378,16.17875845025056
Cundinamarca,2022-06-30,6.563940310134758,16.56896227816124
Cundinamarca,2022-07-01,2.5190607344759703,16.871797740544864
Cundinamarca,2022-07-02,4.308533562988712,16.700698653943867
Cundinamarca,2022-07-03,7.071245267996484,16.853141735984376
Cundinamarca,2022-07-04,6.95759898736045,16.75370747216026
Cundinamarca,2022-07-05,0.2616436357444398,16.57184204877951
Cundinamarca,2022-07-06,4.571532551745331,17.085006173292278
Cundinamarca,2022-07-07,0.0898730581109761,16.339819784510865
Cundinamarca,2022-07-08,20.25683499618541,16.21308377706517
Cundinamarca,2022-07-09,0.2467777237858696,16.570164357681936
Cundinamarca,2022-07-10,0.2975731921959127,17.007241305170503
Cundinamarca,2022-07-11,8.674669406643682,16.458783500818985
Cundinamarca,2022-07-12,2.799305258979703,16.586965660816034
Cundinamarca,2022-07-13,4.434458959893105,17.04822881701802
Cundinamarca,2022-07-14,1.6663828069016149,17.028765745223115
Cundinamarca,2022-07-15,2.6628504908413646,17.190890385784694
Cundinamarca,2022-07-16,0.1961939421124834,17.41406326817427
Cundinamarca,2022-07-17,8.124501455716826,16.878240601980377
Cundinamarca,2022-07-18,11.983322517149224,16.46031113253275
Cundinamarca,2022-07-19,0.0600138435018536,16.891113890629892
Cundinamarca,2022-07-20,8.938145944358032,16.594476512717744
Cundinamarca,2022-07-21,0.4652286965243934,16.396510273013966
Cundinamarca,2022-07-22,0.0186965263158827,16.731622834612374
Cundinamarca,2022-07-23,5.303789407236246,16.682968167507443
Cundinamarca,2022-07-24,13.540712997686946,16.4123377838554
Cundinamarca,2022-07-25,14.063807516627078,16.351572007575555
Cundinamarca,2022-07-26,0.7889397900494114,16.294419355305386
Cundinamarca,2022-07-27,1.736147304794526,16.218497434618016
Cundinamarca,2022-07-28,17.316208730481367,15.881952067524542
Cundinamarca,2022-07-29,2.034137635116112,16.302372081100156
Cundinamarca,2022-07-30,2.177683037887596,16.987638611594996
Cundinamarca,2022-07-31,31.651232166221728,16.76459828642644
Cundinamarca,2022-08-01,13.65320340188446,17.015405040816088
Cundinamarca,2022-08-02,12.099740114391638,16.209212666105113
Cundinamarca,2022-08-03,3.719634254485293,16.419904285563288
Cundinamarca,2022-08-04,0.1543052087374028,16.828046420622634
Cundinamarca,2022-08-05,4.956481593463297,17.067166877601693
Cundinamarca,2022-08-06,13.94477260193228,16.417603570089206
Cundinamarca,2022-08-07,0.0245690672675071,17.08985220035852
Cundinamarca,2022-08-08,0.3328379297013895,17.146715740470704
Cundinamarca,2022-08-09,8.718814762244728,16.47355534165708
Cundinamarca,2022-08-10,0.8709713353612808,16.33598578944772
Cundinamarca,2022-08-11,0.0962082769033973,16.69214538931825
Cundinamarca,2022-08-12,1.4673860270409125,16.67363702275191
Cundinamarca,2022-08-13,13.87320490252397,16.697295895119332
Cundinamarca,2022-08-14,16.302620594020972,16.235962550401613
Cundinamarca,2022-08-15,0.870412599720328,16.7144047062528
Cundinamarca,2022-08-16,1.5866281952143757,16.832297788144245
Cundinamarca,2022-08-17,5.785493884247164,17.194684953573876
Cundinamarca,2022-08-18,0.901518529751552,17.606422688493936
Cundinamarca,2022-08-19,0.5818232086642743,17.397247606604118
Cundinamarca,2022-08-20,17.25978003170227,17.061954419769044
Cundinamarca,2022-08-21,0.9959901527474542,16.51050253426054
Cundinamarca,2022-08-22,3.1501686910384903,16.31903520153302
Cundinamarca,2022-08-23,0.1382429182853779,16.659474279414436
Cundinamarca,2022-08-24,0.0,17.103234375790514
Cundinamarca,2022-08-25,0.0,16.968232358111887
Cundinamarca,2022-08-26,0.6359116332467561,17.173804862315567
Cundinamarca,2022-08-27,4.748277343906888,17.464324847408353
Cundinamarca,2022-08-28,8.465422785359898,17.023373970853946
Cundinamarca,2022-08-29,3.143930842727253,15.898717495589372
Cundinamarca,2022-08-30,0.3232212876162507,16.49417527653281
Cundinamarca,2022-08-31,3.323058819840956,17.04489374820437
Cundinamarca,2022-09-01,1.5878806144272115,16.97368371735218
Cundinamarca,2022-09-02,4.921284435146784,16.847218905321807
Cundinamarca,2022-09-03,20.083464418788772,16.986760341831292
Cundinamarca,2022-09-04,3.541861248807652,16.851686353563668
Cundinamarca,2022-09-05,0.0201998529345151,16.824569315002265
Cundinamarca,2022-09-06,0.2347757950902991,17.150798089191724
Cundinamarca,2022-09-07,0.256891959216437,17.314319244127017
Cundinamarca,2022-09-08,2.290207507857139,17.435221531004824
Cundinamarca,2022-09-09,8.280811362418723,16.958564485224187
Cundinamarca,2022-09-10,1.8190305369654451,16.553537430823223
Cundinamarca,2022-09-11,7.187995928371852,17.506734577170665
Cundinamarca,2022-09-12,4.347762675558596,17.12929978944251
Cundinamarca,2022-09-13,2.004471550960996,16.46965554462833
Cundinamarca,2022-09-14,7.426122991850504,16.43276596093878
Cundinamarca,2022-09-15,8.161561143425377,17.296748280873878
Cundinamarca,2022-09-16,16.62275201449784,16.684565029506658
Cundinamarca,2022-09-17,1.9670864694013788,16.70137844778491
Cundinamarca,2022-09-18,0.0384326219021488,17.16987544339942
Cundinamarca,2022-09-19,2.982816597283771,16.75409202668934
Cundinamarca,2022-09-20,9.531317037739097,16.838480274366198
Cundinamarca,2022-09-21,9.96278743539961,16.60799768926291
Cundinamarca,2022-09-22,5.891458366883017,16.541312315889503
Cundinamarca,2022-09-23,1.014089320675294,16.94013967920966
Cundinamarca,2022-09-24,8.20873437092224,16.93909762444796
Cundinamarca,2022-09-25,6.749793839494062,16.94086372946086
Cundinamarca,2022-09-26,2.561001053542086,17.423795170867667
Cundinamarca,2022-09-27,0.0560835406386683,17.382561046996756
Cundinamarca,2022-09-28,1.146771845362376,17.07603544733111
Cundinamarca,2022-09-29,3.789707369465108,16.95220837261204
Cundinamarca,2022-09-30,20.705415512970752,16.87259540707548
Cundinamarca,2022-10-01,17.6085015255363,16.085825762234894
Cundinamarca,2022-10-02,0.7844238216864853,16.504358250729148
Cundinamarca,2022-10-03,0.3016600228672983,16.960299197154914
Cundinamarca,2022-10-04,3.795988559295932,17.042835554133354
Cundinamarca,2022-10-05,7.690752700693604,17.075702621955358
Cundinamarca,2022-10-06,19.424171505650094,16.754335216969007
Cundinamarca,2022-10-07,3.403831675229786,17.01350461448713
Cundinamarca,2022-10-08,11.925275902755892,16.5622337708563
Cundinamarca,2022-10-09,2.781670010993424,16.51238837635354
Cundinamarca,2022-10-10,3.4392983692020715,16.81685976718539
Cundinamarca,2022-10-11,2.436407385346415,16.69449008557385
Cundinamarca,2022-10-12,1.9893350868824533,16.949820040319217
Cundinamarca,2022-10-13,18.071925079736097,17.027317779451412
Cundinamarca,2022-10-14,10.635025278656208,16.850951182387817
Cundinamarca,2022-10-15,3.0078799696591414,16.774326035780042
Cundinamarca,2022-10-16,3.339739603592253,16.901693841765823
Cundinamarca,2022-10-17,13.23749424484354,16.89868254640912
Cundinamarca,2022-10-18,16.638845815669733,16.739441213391498
Cundinamarca,2022-10-19,5.216865227740878,16.77672115021496
Cundinamarca,2022-10-20,30.56616075400964,16.63003853665779
Cundinamarca,2022-10-21,2.461311242962548,16.837129771287707
Cundinamarca,2022-10-22,9.816845693837772,16.923927825472347
Cundinamarca,2022-10-23,17.250190932683672,16.97786964625244
Cundinamarca,2022-10-24,24.543199958350726,16.422469659822745
Cundinamarca,2022-10-25,11.624441526515325,16.959581809594198
Cundinamarca,2022-10-26,50.47540499519383,16.692259037262087
Cundinamarca,2022-10-27,31.723801447308254,16.63036019245797
Cundinamarca,2022-10-28,14.273047546260829,16.491928734536664
Cundinamarca,2022-10-29,41.984669685086935,15.928244611281366
Cundinamarca,2022-10-30,1.063238739412524,16.610898594095815
Cundinamarca,2022-10-31,2.218526485780822,16.724833652599923
Cundinamarca,2022-11-01,0.0,16.8664453800355
Cundinamarca,2022-11-02,24.590522129107374,16.716979438372494
Cundinamarca,2022-11-03,1.2123453084302709,16.072125837096337
Cundinamarca,2022-11-04,0.5901471451243776,16.324206127243833
Cundinamarca,2022-11-05,11.916450518727018,16.451331863082714
Cundinamarca,2022-11-06,11.238757376331648,16.580555524817502
Cundinamarca,2022-11-07,5.134307880640148,16.890760613150356
Cundinamarca,2022-11-08,12.523414435080412,16.806667178983528
Cundinamarca,2022-11-09,12.2541783676338,16.503489612311267
Cundinamarca,2022-11-10,9.58658986011311,16.122762516973346
Cundinamarca,2022-11-11,5.355616763757142,16.220710370814576
Cundinamarca,2022-11-12,6.830047822444095,16.361673193707144
Cundinamarca,2022-11-13,8.651791045532228,16.469710570544443
Cundinamarca,2022-11-14,3.51939084827721,16.562995682161876
Cundinamarca,2022-11-15,4.660508927638653,16.448019144707793
Cundinamarca,2022-11-16,5.788606573744566,16.87858243796918
Cundinamarca,2022-11-17,5.863208167511585,16.97250408329816
Cundinamarca,2022-11-18,17.98805129249813,16.523556304647688
Cundinamarca,2022-11-19,1.0112370483288473,16.785328447011594
Cundinamarca,2022-11-20,4.678096263571164,17.114645402526303
Cundinamarca,2022-11-21,8.58473374045991,17.205979658020755
Cundinamarca,2022-11-22,0.5578883890853271,17.032141411975743
Cundinamarca,2022-11-23,4.70541338106354,16.224793149852545
Cundinamarca,2022-11-24,3.9889517947243314,16.393952056477158
Cundinamarca,2022-11-25,2.059477769217353,16.485472895376382
Cundinamarca,2022-11-26,4.391143485807699,16.369898687434937
Cundinamarca,2022-11-27,14.124408731249051,16.37117416376605
Cundinamarca,2022-11-28,5.710682914047058,16.306151841160112
Cundinamarca,2022-11-29,10.294006803939194,16.12208408143218
Cundinamarca,2022-11-30,12.354664947775012,15.997954023724311
Cundinamarca,2022-12-01,0.3485581961143915,16.452140718524994
Cundinamarca,2022-12-02,0.2653872052659169,16.42444696843953
Cundinamarca,2022-12-03,0.4252511630166999,16.180927062115416
Cundinamarca,2022-12-04,2.95231065439844,16.107360919543634
Cundinamarca,2022-12-05,11.574043810474915,15.542304062320897
Cundinamarca,2022-12-06,1.3675664546028048,15.508571225733233
Cundinamarca,2022-12-07,0.9374843297899778,15.90095447311429
Cundinamarca,2022-12-08,0.5426459599163409,16.065363231756983
Cundinamarca,2022-12-09,0.0,16.325547822492382
Cundinamarca,2022-12-10,0.1080854232607614,16.141427145491377
Cundinamarca,2022-12-11,1.551304160131061,16.27843883980141
Cundinamarca,2022-12-12,1.8191042976596907,16.13069058460033
Cundinamarca,2022-12-13,3.3323786733803327,16.33735185283973
Cundinamarca,2022-12-14,0.6456101547125843,16.251736743033348
Cundinamarca,2022-12-15,0.0,16.570001479989372
Cundinamarca,2022-12-16,1.04339636819508,16.52868872063053
Cundinamarca,2022-12-17,0.007057014045272,16.662162723931463
Cundinamarca,2022-12-18,7.271428112542471,16.464868497977378
Cundinamarca,2022-12-19,0.0929266825906441,16.608088900164812
Cundinamarca,2022-12-20,0.995005429545862,16.53992131878286
Cundinamarca,2022-12-21,1.818610408114009,17.041332502294413
Cundinamarca,2022-12-22,1.2955709026405244,17.582224823564747
Cundinamarca,2022-12-23,0.5754622135353407,17.61578530068212
Cundinamarca,2022-12-24,3.5928880268029117,17.084346538422512
Cundinamarca,2022-12-25,1.4385992744716407,16.824667580141345
Cundinamarca,2022-12-26,0.0,16.896446096944697
Cundinamarca,2022-12-27,0.2269004354403827,16.42246954665292
Cundinamarca,2022-12-28,0.0970507107139094,16.976776028722362
Cundinamarca,2022-12-29,4.84320856536538,16.70062258180687
Cundinamarca,2022-12-30,0.1341397895620055,17.07761498958398
Cundinamarca,2022-12-31,10.040136873545537,17.11275354713618
Cundinamarca,2023-01-01,0.0522133458113329,16.59918665978969
Cundinamarca,2023-01-02,0.573201814185448,16.23336299269869
Cundinamarca,2023-01-03,2.83398329277826,16.10634711019491
Cundinamarca,2023-01-04,0.4811775097653065,16.04862115342151
Cundinamarca,2023-01-05,0.064813603236206,16.580970762524323
Cundinamarca,2023-01-06,3.4637917103909217,16.550469104998022
Cundinamarca,2023-01-07,18.789917215315043,16.572092408969144
Cundinamarca,2023-01-08,4.2927644720704246,15.910308996619642
Cundinamarca,2023-01-09,2.128145566731853,15.84822086507798
Cundinamarca,2023-01-10,10.461583098111635,15.973451429869574
Cundinamarca,2023-01-11,4.37770327645837,15.996061588203798
Cundinamarca,2023-01-12,17.754592629549897,16.104002324064332
Cundinamarca,2023-01-13,8.386698914401872,16.344935601579365
Cundinamarca,2023-01-14,18.510756501321804,16.352401380180314
Cundinamarca,2023-01-15,5.19402482261198,16.213696392073594
Cundinamarca,2023-01-16,8.531654180008212,16.3267566990089
Cundinamarca,2023-01-17,4.19388916766964,16.665493156985736
Cundinamarca,2023-01-18,5.632740273355437,16.41921911425711
Cundinamarca,2023-01-19,2.451951036565478,16.235444355047825
Cundinamarca,2023-01-20,7.894215297429888,16.06415772708996
Cundinamarca,2023-01-21,0.110403060508406,16.278862816713172
Cundinamarca,2023-01-22,9.218185084664848,16.21267052145011
Cundinamarca,2023-01-23,0.0,16.133831083764886
Cundinamarca,2023-01-24,0.4467166660609196,16.792297379067477
Cundinamarca,2023-01-25,0.0065859723606535,16.517857885317824
Cundinamarca,2023-01-26,0.0,16.926387408192905
Cundinamarca,2023-01-27,0.0,16.935879802781606
Cundinamarca,2023-01-28,0.0,16.69709601674455
Cundinamarca,2023-01-29,0.0,16.602465135993253
Cundinamarca,2023-01-30,0.2328506201579851,16.96252579793113
Cundinamarca,2023-01-31,0.4758751345316073,16.904763574950753
Cundinamarca,2023-02-01,0.0,16.960988913969253
Cundinamarca,2023-02-02,0.0,17.451088172372472
Cundinamarca,2023-02-03,0.0,17.0500705838577
Cundinamarca,2023-02-04,0.0181721223790769,17.198065960935406
Cundinamarca,2023-02-05,0.2140740532713611,17.0057909067052
Cundinamarca,2023-02-06,0.0503790845535873,17.191510183675547
Cundinamarca,2023-02-07,4.513027968937943,17.237468818142087
Cundinamarca,2023-02-08,0.4713867547704915,17.170732862821918
Cundinamarca,2023-02-09,7.526264053856857,17.685384623896763
Cundinamarca,2023-02-10,0.3972145535072275,17.99732147557715
Cundinamarca,2023-02-11,4.5217446057395945,18.165338537992536
Cundinamarca,2023-02-12,1.2428713798110058,18.03813301059274
Cundinamarca,2023-02-13,0.6361784799500199,18.07593907862936
Cundinamarca,2023-02-14,3.4110592409196703,17.92599672206025
Cundinamarca,2023-02-15,1.9878948683789328,17.831282837314546
Cundinamarca,2023-02-16,9.191890501399138,17.649599074990245
Cundinamarca,2023-02-17,4.793589071187554,17.41443400212665
Cundinamarca,2023-02-18,13.07792811309447,16.503078180189867
Cundinamarca,2023-02-19,0.0,16.837058925804556
Cundinamarca,2023-02-20,4.81760196864366,16.81172818837802
Cundinamarca,2023-02-21,3.3852547994469693,16.643832176568754
Cundinamarca,2023-02-22,8.67520338598875,16.480175439777472
Cundinamarca,2023-02-23,0.0598357526224418,16.914598107281765
Cundinamarca,2023-02-24,2.139423898245032,17.589163523666333
Cundinamarca,2023-02-25,0.32372706474527,18.096730930225863
Cundinamarca,2023-02-26,0.0,17.53887316646012
Cundinamarca,2023-02-27,0.3693118438739446,17.950122133784504
Cundinamarca,2023-02-28,1.2365519668857845,18.21733779742006
Cundinamarca,2023-03-01,8.808402284655632,18.02193859341963
Cundinamarca,2023-03-02,6.60019714740414,17.64814129166103
Cundinamarca,2023-03-03,0.2923759311582176,17.7699440635362
Cundinamarca,2023-03-04,2.814121386953569,17.840915074706935
Cundinamarca,2023-03-05,10.161880915504335,17.101102752665984
Cundinamarca,2023-03-06,5.950721597841351,17.40618304917572
Cundinamarca,2023-03-07,13.201011824549662,17.36576551318534
Cundinamarca,2023-03-08,11.541702157814449,17.013841944032478
Cundinamarca,2023-03-09,24.44548030045469,16.09323638892464
Cundinamarca,2023-03-10,0.3918636972587098,16.36461411608687
Cundinamarca,2023-03-11,28.924192114517428,16.01921980505443
Cundinamarca,2023-03-12,8.954847898547929,15.763031463593636
Cundinamarca,2023-03-13,13.596995124292192,15.77445625057508
Cundinamarca,2023-03-14,11.952873727019949,16.3312993818197
Cundinamarca,2023-03-15,1.5727580920914392,16.34144718497836
Cundinamarca,2023-03-16,3.1041923933849365,16.2337455189552
Cundinamarca,2023-03-17,1.6615561861891417,16.632079332018748
Cundinamarca,2023-03-18,2.9406197878030427,16.486760645384287
Cundinamarca,2023-03-19,3.754368358060413,16.909201928629578
Cundinamarca,2023-03-20,0.344055198713106,16.736956690020218
Cundinamarca,2023-03-21,1.5363600112268403,17.18230912325403
Cundinamarca,2023-03-22,0.2432525936203994,17.12828718787678
Cundinamarca,2023-03-23,0.5858971850355854,17.18531948387167
Cundinamarca,2023-03-24,2.36000362963247,17.316278328178473
Cundinamarca,2023-03-25,2.45423200411064,16.78620809073049
Cundinamarca,2023-03-26,0.4282133915361263,16.645964536475105
Cundinamarca,2023-03-27,2.177110452148601,16.90382090101136
Cundinamarca,2023-03-28,7.48786471150424,16.907133313493997
Cundinamarca,2023-03-29,12.282234547372314,16.76415529747183
Cundinamarca,2023-03-30,0.1903900034513575,17.00429407775168
Cundinamarca,2023-03-31,1.2247882181111538,17.494251569512965
Cundinamarca,2023-04-01,3.0074754407565147,17.31047617137996
Cundinamarca,2023-04-02,15.203842695860988,16.716397044210773
Cundinamarca,2023-04-03,0.142598128276911,17.00125517660918
Cundinamarca,2023-04-04,10.808237393262312,17.681365660675606
Cundinamarca,2023-04-05,2.303232892004819,17.863601007825153
Cundinamarca,2023-04-06,16.862044228401928,17.271734087072282
Cundinamarca,2023-04-07,1.6396120027698668,16.714630871979793
Cundinamarca,2023-04-08,0.4808091137046029,16.635134994387133
Cundinamarca,2023-04-09,2.2503428795790703,16.87753274547
Cundinamarca,2023-04-10,2.087138135599596,17.05143605545553
Cundinamarca,2023-04-11,0.1985817585435874,17.374048361072216
Cundinamarca,2023-04-12,8.625510137160482,17.446064841354215
Cundinamarca,2023-04-13,1.783460521610258,17.64620709226425
Cundinamarca,2023-04-14,3.930988395569144,18.08682135415075
Cundinamarca,2023-04-15,0.5600255141433811,18.209107679662125
Cundinamarca,2023-04-16,12.095860899430168,17.290118909271733
Cundinamarca,2023-04-17,25.213725314536184,16.59284419153778
Cundinamarca,2023-04-18,16.423677890878476,16.471731847837276
Cundinamarca,2023-04-19,1.0949286454556415,17.25487492596228
Cundinamarca,2023-04-20,4.771613977805568,17.491628234004832
Cundinamarca,2023-04-21,13.686221540217614,16.80862687338006
Cundinamarca,2023-04-22,16.903308681135282,16.63126855767857
Cundinamarca,2023-04-23,6.360671755632469,16.25490215430261
Cundinamarca,2023-04-24,3.115391977986105,16.208022630617023
Cundinamarca,2023-04-25,11.028573610420429,16.57072369671898
Cundinamarca,2023-04-26,19.276466557604422,16.78635544089238
Cundinamarca,2023-04-27,1.636877285898002,16.881632906990156
Cundinamarca,2023-04-28,8.685489374119012,16.79432051777358
Cundinamarca,2023-04-29,3.695021640427587,16.889935781195167
Cundinamarca,2023-04-30,5.016440628742719,17.08080270849745
Cundinamarca,2023-05-01,2.4507562746599683,17.100952582026242
Cundinamarca,2023-05-02,0.7032638395214648,17.382591763742663
Cundinamarca,2023-05-03,0.3603990858470746,17.658817452278974
Cundinamarca,2023-05-04,0.5477882371134685,17.408269752411854
Cundinamarca,2023-05-05,0.3575755686547591,18.189698997558796
Cundinamarca,2023-05-06,2.306012013874886,18.15800541970547
Cundinamarca,2023-05-07,1.6907815457611453,18.14586201434718
Cundinamarca,2023-05-08,4.6933788534699445,17.924765810452673
Cundinamarca,2023-05-09,3.89687543081486,18.271114669227945
Cundinamarca,2023-05-10,5.227791683814544,17.516549230052373
Cundinamarca,2023-05-11,5.598215202625576,17.365894293072515
Cundinamarca,2023-05-12,2.7622796837432344,17.955104405039904
Cundinamarca,2023-05-13,1.6319498810529864,17.839660301161086
Cundinamarca,2023-05-14,2.8608801467353047,18.086562007640858
Cundinamarca,2023-05-15,12.38075210639716,17.553238140986185
Cundinamarca,2023-05-16,0.5884506934351548,17.562413757054657
Cundinamarca,2023-05-17,7.876801089240724,17.530856916017964
Cundinamarca,2023-05-18,0.6202831820868576,18.213008413671087
Cundinamarca,2023-05-19,2.9959951572992685,18.651133094943685
Cundinamarca,2023-05-20,17.723365690304195,18.01762544290145
Cundinamarca,2023-05-21,14.44232221842129,18.12315088076857
Cundinamarca,2023-05-22,11.523774604908368,17.46598607281729
Cundinamarca,2023-05-23,12.90846609079158,17.02994254284957
Cundinamarca,2023-05-24,4.578198729759111,17.32986209167108
Cundinamarca,2023-05-25,17.04505393174994,16.99237584036744
Cundinamarca,2023-05-26,23.3470552430258,16.89430850505159
Cundinamarca,2023-05-27,1.628032524293486,16.89815820250408
Cundinamarca,2023-05-28,3.394647840084489,17.162010430890952
Cundinamarca,2023-05-29,2.188684516526935,17.422682065991204
Cundinamarca,2023-05-30,7.606181962117142,17.318654011230304
Cundinamarca,2023-05-31,7.093657769331922,17.080942666335872
Cundinamarca,2023-06-01,15.060140371564264,16.741523070674656
Cundinamarca,2023-06-02,6.111386262362565,16.99237065227117
Cundinamarca,2023-06-03,0.5459144666762662,17.704822361841988
Cundinamarca,2023-06-04,0.7694639196650784,17.57131584527706
Cundinamarca,2023-06-05,7.208574902586815,17.123134792803466
Cundinamarca,2023-06-06,3.241995074326389,16.868714516003124
Cundinamarca,2023-06-07,1.0424319566510791,17.39214649323954
Cundinamarca,2023-06-08,4.403929979995259,17.47435677973058
Cundinamarca,2023-06-09,0.6582813946367413,17.03310721995441
Cundinamarca,2023-06-10,0.3375295485737159,17.418619010487266
Cundinamarca,2023-06-11,11.386713022340782,17.40302126073193
Cundinamarca,2023-06-12,6.07600696225835,17.70993457329443
Cundinamarca,2023-06-13,0.328646719089161,17.84382537216241
Cundinamarca,2023-06-14,10.34417658820519,17.57801166861439
Cundinamarca,2023-06-15,2.1158664800004328,16.886606783539516
Cundinamarca,2023-06-16,0.647131673137527,16.600667472756633
Cundinamarca,2023-06-17,0.1028171163685182,16.476347927131357
Cundinamarca,2023-06-18,0.0,16.59582939049802
Cundinamarca,2023-06-19,0.0,17.23486143485413
Cundinamarca,2023-06-20,0.0,17.71706659218949
Cundinamarca,2023-06-21,3.4634954973761003,17.668889780035187
Cundinamarca,2023-06-22,0.74618020070018,17.696624217394746
Cundinamarca,2023-06-23,4.658791970200947,17.69903144882231
Cundinamarca,2023-06-24,19.395695352144017,17.698900427851665
Cundinamarca,2023-06-25,13.06651374556722,17.264414930537914
Cundinamarca,2023-06-26,9.050901637281402,17.309876723563338
Cundinamarca,2023-06-27,0.0051711798617431,17.27235493118707
Cundinamarca,2023-06-28,4.522015093524271,17.825082765418387
Cundinamarca,2023-06-29,0.5059872560612813,17.98814157284508
Cundinamarca,2023-06-30,1.6118113824451048,17.759902120606856
Cundinamarca,2023-07-01,0.0507992100150962,17.709597313797254
Cundinamarca,2023-07-02,15.220363632288342,17.268300377375365
Cundinamarca,2023-07-03,0.9725797357927422,17.556847945543424
Cundinamarca,2023-07-04,7.306471156783542,17.435419878380394
Cundinamarca,2023-07-05,8.264332778013085,17.281078045556068
Cundinamarca,2023-07-06,6.431164050288971,17.21302701031614
Cundinamarca,2023-07-07,4.378474219442487,17.01672701078023
Cundinamarca,2023-07-08,8.391877483736975,16.98164514718059
Cundinamarca,2023-07-09,0.8918674398666651,17.120565101289543
Cundinamarca,2023-07-10,7.644927312372764,16.79903760051448
Cundinamarca,2023-07-11,0.0,17.26384632196155
Cundinamarca,2023-07-12,0.2922867807152431,17.365907343937256
Cundinamarca,2023-07-13,0.0019167211111613,17.332352099771832
Cundinamarca,2023-07-14,21.56031940484853,17.238533050904916
Cundinamarca,2023-07-15,3.697847619090741,17.11401131907762
Cundinamarca,2023-07-16,5.779391317097226,17.44626681242227
Cundinamarca,2023-07-17,2.797500593987248,16.508584631108455
Cundinamarca,2023-07-18,0.0721582496086114,16.81669553073494
Cundinamarca,2023-07-19,10.165933249933454,16.78862584912917
Cundinamarca,2023-07-20,0.0,17.40175636993625
Cundinamarca,2023-07-21,4.275715715405716,17.193784543237896
Cundinamarca,2023-07-22,0.6679856685493061,17.435407314630204
Cundinamarca,2023-07-23,0.0159894289434249,17.47565076070514
Cundinamarca,2023-07-24,0.468699335325863,17.374942092424405
Cundinamarca,2023-07-25,0.2943167081125912,17.665377080912403
Cundinamarca,2023-07-26,0.905730113445317,17.652719264699364
Cundinamarca,2023-07-27,14.312845001399786,17.792545520274253
Cundinamarca,2023-07-28,1.7612655695569317,17.90987878331009
Cundinamarca,2023-07-29,7.280282030905189,17.751469351142262
Cundinamarca,2023-07-30,0.2075345242113435,17.294522973698676
Cundinamarca,2023-07-31,1.675752252503654,17.219123228956434
Cundinamarca,2023-08-01,0.0,17.10973953414913
Cundinamarca,2023-08-02,0.6703753068852988,17.083356963484494
Cundinamarca,2023-08-03,0.5347805713917287,17.66302517198508
Cundinamarca,2023-08-04,0.0636630262012603,17.786369843906076
Cundinamarca,2023-08-05,19.08847715785462,18.016250795696248
Cundinamarca,2023-08-06,0.2458037817905966,17.865073551197803
Cundinamarca,2023-08-07,1.3802008183533196,18.29456253769911
Cundinamarca,2023-08-08,0.6179684249665682,18.146303066507432
Cundinamarca,2023-08-09,13.44745391034339,17.758019383895636
Cundinamarca,2023-08-10,3.558504872449044,17.426227505290214
Cundinamarca,2023-08-11,5.250265710979038,18.184082876572152
Cundinamarca,2023-08-12,5.648536022673529,17.628449467035324
Cundinamarca,2023-08-13,8.69492132853586,18.02776565867486
Cundinamarca,2023-08-14,0.6163652213512374,17.832994883818817
Cundinamarca,2023-08-15,8.73790891857531,16.963343255606517
Cundinamarca,2023-08-16,2.597801113567592,17.46064739053077
Cundinamarca,2023-08-17,0.0,18.266149586063687
Cundinamarca,2023-08-18,2.267998192715458,18.265173124169998
Cundinamarca,2023-08-19,2.6846332105581365,17.9517607019954
Cundinamarca,2023-08-20,19.19800425689907,18.38756254488912
Cundinamarca,2023-08-21,4.358698926993979,17.602784811910094
Cundinamarca,2023-08-22,21.53158333405024,17.11511533769821
Cundinamarca,2023-08-23,1.0528508251567676,17.478883779340855
Cundinamarca,2023-08-24,0.4300479320159062,17.442612890095273
Cundinamarca,2023-08-25,4.060913941237083,17.580223105793127
Cundinamarca,2023-08-26,0.0927856345642793,17.694373295997224
Cundinamarca,2023-08-27,3.709999928993681,17.927534484437974
Cundinamarca,2023-08-28,0.4944551114427042,17.84461555992989
Cundinamarca,2023-08-29,0.8821130530169042,18.080885785680916
Cundinamarca,2023-08-30,2.146286431979271,18.479736045691205
Cundinamarca,2023-08-31,0.0758530684712446,18.362307980876626
Cundinamarca,2023-09-01,0.0019881136496283,18.520504465205036
Cundinamarca,2023-09-02,6.819740526630121,18.57197278129635
Cundinamarca,2023-09-03,1.1294830336797734,17.96311980754255
Cundinamarca,2023-09-04,6.624838507267287,17.80521275278097
Cundinamarca,2023-09-05,5.341002838929998,18.173636417936176
Cundinamarca,2023-09-06,0.1023201070165304,18.163039252944028
Cundinamarca,2023-09-07,0.5172463458234376,18.244333957387717
Cundinamarca,2023-09-08,4.165888108500687,18.434864327277705
Cundinamarca,2023-09-09,0.3963765516257104,18.532675020397967
Cundinamarca,2023-09-10,1.4818674162733865,18.14800866643666
Cundinamarca,2023-09-11,4.755078154999561,18.250287717165463
Cundinamarca,2023-09-12,0.1038375358850906,18.336405665384085
Cundinamarca,2023-09-13,0.5530225670321606,18.65274071882574
Cundinamarca,2023-09-14,10.32213865355924,18.3152612860133
Cundinamarca,2023-09-15,0.2002161879950455,18.256194268923597
Cundinamarca,2023-09-16,0.3649427486473127,17.97496536219223
Cundinamarca,2023-09-17,7.381804617649123,17.70674070790724
Cundinamarca,2023-09-18,0.0269219074163498,17.55324241292691
Cundinamarca,2023-09-19,0.7353552420259966,17.78045738992681
Cundinamarca,2023-09-20,0.0662002070447519,17.86937894953267
Cundinamarca,2023-09-21,0.0068199385151937,18.35716913870176
Cundinamarca,2023-09-22,2.014870187586144,18.740144605549546
Cundinamarca,2023-09-23,19.208619871447684,17.925800547993877
Cundinamarca,2023-09-24,4.349008521395914,18.306144168545742
Cundinamarca,2023-09-25,0.2983463115117093,18.38797064196817
Cundinamarca,2023-09-26,4.149151682478342,18.680976151489684
Cundinamarca,2023-09-27,3.0215434967444583,18.39614922465306
Cundinamarca,2023-09-28,2.420079010141636,18.610016924705462
Cundinamarca,2023-09-29,2.9009356615101822,18.71215714279984
Cundinamarca,2023-09-30,0.3791314463136417,18.79309384859556
Cundinamarca,2023-10-01,7.494010422345164,18.85580831100996
Cundinamarca,2023-10-02,1.9942886513116005,18.77984022705458
Cundinamarca,2023-10-03,3.7998932171752817,18.603673488391717
Cundinamarca,2023-10-04,10.851959943746138,18.0256343675348
Cundinamarca,2023-10-05,5.084742970288621,18.08026724383134
Cundinamarca,2023-10-06,11.903757404785589,18.26512637239589
Cundinamarca,2023-10-07,4.288552313828095,18.568390678697973
Cundinamarca,2023-10-08,12.405818501964758,18.071659265414603
Cundinamarca,2023-10-09,2.134503451901103,18.455467310920664
Cundinamarca,2023-10-10,17.24872803520196,17.691685085099554
Cundinamarca,2023-10-11,3.410339104272258,18.10676854229024
Cundinamarca,2023-10-12,0.6886215525646381,18.59296708494089
Cundinamarca,2023-10-13,5.840295214743757,18.29355096897585
Cundinamarca,2023-10-14,3.1655012343854607,17.86374316892567
Cundinamarca,2023-10-15,1.4288917294107295,17.846875948987584
Cundinamarca,2023-10-16,2.5329834952536854,17.712212651528148
Cundinamarca,2023-10-17,2.8129666319338384,17.57938659877692
Cundinamarca,2023-10-18,1.4125996679755264,18.19735255426048
Cundinamarca,2023-10-19,2.755692517790025,18.085812717897294
Cundinamarca,2023-10-20,7.656698547101998,17.651600084346146
Cundinamarca,2023-10-21,1.1578651760679437,17.771676163072467
Cundinamarca,2023-10-22,13.062759222876307,17.39490199450378
Cundinamarca,2023-10-23,3.847871148573017,18.03450748892328
Cundinamarca,2023-10-24,6.211872361401644,17.517625859902374
Cundinamarca,2023-10-25,2.760500072121524,17.70369251442133
Cundinamarca,2023-10-26,6.360816407726119,17.636966678559375
Cundinamarca,2023-10-27,12.714571081828044,17.158740480786904
Cundinamarca,2023-10-28,4.6204518993759285,17.299060648604854
Cundinamarca,2023-10-29,25.124586090595223,17.286211775163004
Cundinamarca,2023-10-30,1.840177190371952,17.45364200950793
Cundinamarca,2023-10-31,5.931656475462619,17.356921637760156
Cundinamarca,2023-11-01,12.20396455790472,17.311377913760005
Cundinamarca,2023-11-02,6.935066116456856,17.249260282252713
Cundinamarca,2023-11-03,16.674170090971575,17.354342849537144
Cundinamarca,2023-11-04,11.156078334667736,16.81655175698871
Cundinamarca,2023-11-05,0.0,16.810484135719935
Cundinamarca,2023-11-06,5.394170833615287,17.301901780032026
Cundinamarca,2023-11-07,11.267382778548647,17.200527966566963
Cundinamarca,2023-11-08,0.8685912830273695,17.553525116004142
Cundinamarca,2023-11-09,1.3038427913329336,18.245032802679823
Cundinamarca,2023-11-10,7.456202154179293,17.908845524158362
Cundinamarca,2023-11-11,2.7066154756746257,18.23766206814705
Cundinamarca,2023-11-12,5.724781036239714,17.922065924886585
Cundinamarca,2023-11-13,0.7239423911894236,18.28472486239389
Cundinamarca,2023-11-14,5.162753498030255,18.35316727556169
Cundinamarca,2023-11-15,2.0838600108397323,18.19540664026357
Cundinamarca,2023-11-16,1.636345976362906,18.373275176231164
Cundinamarca,2023-11-17,0.9049982714776644,18.385489379026986
Cundinamarca,2023-11-18,13.36187756061202,17.529804800738592
Cundinamarca,2023-11-19,3.1570377636237774,17.622836510338352
Cundinamarca,2023-11-20,7.645930332277193,17.191399845892338
Cundinamarca,2023-11-21,1.7254846329761937,17.38003357298724
Cundinamarca,2023-11-22,1.0851531554192038,17.568471037073238
Cundinamarca,2023-11-23,0.7160960533981636,17.68014103048506
Cundinamarca,2023-11-24,3.705093445750233,17.411250017130914
Cundinamarca,2023-11-25,9.5298985437911,17.42659832422629
Cundinamarca,2023-11-26,3.181680753655105,17.22049000055155
Cundinamarca,2023-11-27,0.5982269455188736,17.477342243113636
Cundinamarca,2023-11-28,0.0,17.698592673342254
Cundinamarca,2023-11-29,1.1472235672832534,17.245577024561864
Cundinamarca,2023-11-30,0.2829301524067749,17.675622500520213
Cundinamarca,2023-12-01,0.0,17.433661983857608
Cundinamarca,2023-12-02,0.0,17.486123916938144
Cundinamarca,2023-12-03,0.0,17.488240704670833
Cundinamarca,2023-12-04,0.7996176163567423,17.890715958682698
Cundinamarca,2023-12-05,0.0,17.724536336609873
Cundinamarca,2023-12-06,4.234602936749042,17.586673007250077
Cundinamarca,2023-12-07,0.7221767168848114,17.619058699619963
Cundinamarca,2023-12-08,0.493518700252842,17.62242400472299
Cundinamarca,2023-12-09,0.8494354502453236,17.861675777964553
Cundinamarca,2023-12-10,0.0822909115527436,18.062463091679337
Cundinamarca,2023-12-11,0.0888583616924695,18.184836264101214
Cundinamarca,2023-12-12,3.420108638889228,18.41312781577303
Cundinamarca,2023-12-13,0.001936477051875,18.596286658254314
Cundinamarca,2023-12-14,1.105761676221201,18.864092917773405
Cundinamarca,2023-12-15,9.060569392078712,17.826545151838523
Cundinamarca,2023-12-16,6.119576922099145,17.67580752935281
Cundinamarca,2023-12-17,10.070554517987876,17.093840733111897
Cundinamarca,2023-12-18,14.514318520759652,17.632078430929646
Cundinamarca,2023-12-19,1.9245631856067391,17.871095647615217
Cundinamarca,2023-12-20,5.841566401139594,17.843875928115125
Cundinamarca,2023-12-21,0.4912772200303203,17.70543497424939
Cundinamarca,2023-12-22,2.151618624753078,18.122108153056907
Cundinamarca,2023-12-23,2.8228989238621893,18.20133807232498
Cundinamarca,2023-12-24,1.1566048240381042,18.057732748125453
Cundinamarca,2023-12-25,14.81418867814364,18.023395662264004
Cundinamarca,2023-12-26,19.24505846996498,17.630029503224353
Cundinamarca,2023-12-27,0.7253322691309764,17.615415643528213
Cundinamarca,2023-12-28,16.250774180665438,17.530112642047524
Cundinamarca,2023-12-29,1.7775943779028325,17.39234969352054
Cundinamarca,2023-12-30,1.8678853304919207,17.337269087437758
Cundinamarca,2023-12-31,3.62180878220273,17.44894197508897
Cundinamarca,2024-01-01,3.5994998349340537,17.620926685186877
Cundinamarca,2024-01-02,0.0942889269733915,18.181947912548864
Cundinamarca,2024-01-03,0.0054562740159645,18.14050154354509
Cundinamarca,2024-01-04,0.0,18.08835484663261
Cundinamarca,2024-01-05,0.0,17.714730311300976
Cundinamarca,2024-01-06,0.8563484343235392,17.821649543244995
Cundinamarca,2024-01-07,0.6033947548997972,17.76818227775719
Cundinamarca,2024-01-08,0.5540915580206333,17.47821622734248
Cundinamarca,2024-01-09,0.0048806150064968,17.366020837389037
Cundinamarca,2024-01-10,0.1041961271655941,17.886841967764454
Cundinamarca,2024-01-11,0.0732315599488466,18.227323196864624
Cundinamarca,2024-01-12,0.3946540746755562,18.17319511808806
Cundinamarca,2024-01-13,0.6470344940610971,17.899093715776225
Cundinamarca,2024-01-14,0.107984494273372,18.14510621463844
Cundinamarca,2024-01-15,0.0036352659212758,17.646638092822354
Cundinamarca,2024-01-16,0.0271566096330348,17.58928544971097
Cundinamarca,2024-01-17,0.0,18.14375488591744
Cundinamarca,2024-01-18,0.0801355272364651,18.24463043453368
Cundinamarca,2024-01-19,0.008881855201479,18.05209431725352
Cundinamarca,2024-01-20,0.1074834883334446,18.03769119848669
Cundinamarca,2024-01-21,2.4901307103055097,17.764768299037534
Cundinamarca,2024-01-22,1.1320591928367028,18.25939433504647
Cundinamarca,2024-01-23,0.0,18.40248187824297
Cundinamarca,2024-01-24,0.0145551885026755,18.3670301814693
Cundinamarca,2024-01-25,0.0224711870848982,18.655453867331406
Cundinamarca,2024-01-26,0.4075531466856543,18.65796184550433
Cundinamarca,2024-01-27,0.0530742065095921,18.91342009774994
Cundinamarca,2024-01-28,1.7601711624216143,19.40796447342322
Cundinamarca,2024-01-29,9.015807933612374,19.523829337576142
Cundinamarca,2024-01-30,0.0706980528121731,18.93029099330319
Cundinamarca,2024-01-31,4.3976437897775975,18.655481117428824
Cundinamarca,2024-02-01,2.0198024488311583,18.58258519102535
Cundinamarca,2024-02-02,29.130766342717507,18.06403331994616
Cundinamarca,2024-02-03,14.10537893923862,17.664428992029983
Cundinamarca,2024-02-04,4.615559085235421,17.57502041884646
Cundinamarca,2024-02-05,16.799629119040308,17.320417249911824
Cundinamarca,2024-02-06,4.719125300759311,17.496093960308134
Cundinamarca,2024-02-07,1.4257001557098807,17.8604993112593
Cundinamarca,2024-02-08,0.0,17.677275277664606
Cundinamarca,2024-02-09,4.789886553865622,17.93461242290373
Cundinamarca,2024-02-10,0.0,18.311923963241803
Cundinamarca,2024-02-11,0.0,18.370677774464465
Cundinamarca,2024-02-12,0.1696331543281457,18.38596922935269
Cundinamarca,2024-02-13,0.022895948252216,18.565101294102654
Cundinamarca,2024-02-14,4.075452598683106,18.05359964176473
Cundinamarca,2024-02-15,0.0,18.429342129752072
Cundinamarca,2024-02-16,0.2256715215050453,18.48163555223299
Cundinamarca,2024-02-17,0.0,18.778868605666386
Cundinamarca,2024-02-18,0.0,18.86634569600375
Cundinamarca,2024-02-19,0.2816100825250343,19.01651248046064
Cundinamarca,2024-02-20,0.2412185234612437,19.556920735378736
Cundinamarca,2024-02-21,0.0,18.88683941550476
Cundinamarca,2024-02-22,0.0282821172977207,18.250299160422948
Cundinamarca,2024-02-23,0.0,18.200718146639563
Cundinamarca,2024-02-24,0.0,18.524723266901944
Cundinamarca,2024-02-25,0.0,18.44185476534989
Cundinamarca,2024-02-26,0.3608844742293428,18.39089506541824
Cundinamarca,2024-02-27,1.0242957709585816,18.5938015288077
Cundinamarca,2024-02-28,1.630348679293981,18.71471002805225
Cundinamarca,2024-02-29,0.310887312845464,18.960630851587617
Cundinamarca,2024-03-01,1.9602390460407608,18.888496214938936
Cundinamarca,2024-03-02,0.3961079568364348,18.80833520304051
Cundinamarca,2024-03-03,1.5503174265387982,18.59076408676767
Cundinamarca,2024-03-04,3.118086451327754,18.497188792295603
Cundinamarca,2024-03-05,1.7784474042379936,18.675427277355364
Cundinamarca,2024-03-06,0.0042619705516901,19.084995380655037
Cundinamarca,2024-03-07,0.1459735470786343,19.155437755138973
Cundinamarca,2024-03-08,6.059710039813319,19.42407721296956
Cundinamarca,2024-03-09,3.079091559679467,18.96540811091208
Cundinamarca,2024-03-10,0.1479163404979812,18.95728278062561
Cundinamarca,2024-03-11,3.745152003990621,19.470108760387344
Cundinamarca,2024-03-12,0.1478416665463759,19.132971467787375
Cundinamarca,2024-03-13,0.3655282806020696,19.121712244818195
Cundinamarca,2024-03-14,4.817263962954379,19.46233472056466
Cundinamarca,2024-03-15,0.2934267093932146,19.31149507826288
Cundinamarca,2024-03-16,0.9753597926954622,19.577090694967858
Cundinamarca,2024-03-17,0.3793796942100294,19.678146119524488
Cundinamarca,2024-03-18,1.0370805325300398,19.382884151626136
Cundinamarca,2024-03-19,3.991553912053903,19.40529662122083
Cundinamarca,2024-03-20,0.4014457902415998,19.434129988009783
Cundinamarca,2024-03-21,2.2974553684843007,18.801128787422684
Cundinamarca,2024-03-22,0.3013658805498236,19.420235228439363
Cundinamarca,2024-03-23,5.5476917941103245,19.25813641682508
Cundinamarca,2024-03-24,1.2647960317343765,19.38623004939345
Cundinamarca,2024-03-25,11.979478868912526,18.745704063714257
Cundinamarca,2024-03-26,3.26722441815618,18.480504880134948
Cundinamarca,2024-03-27,6.323326353635999,18.64186915346076
Cundinamarca,2024-03-28,2.9928607987692906,18.78382270109896
Cundinamarca,2024-03-29,11.619596633169662,18.410574468729425
Cundinamarca,2024-03-30,8.283032051901987,18.4817730831852
Cundinamarca,2024-03-31,3.128089151150524,18.28635056420135
Cundinamarca,2024-04-01,4.939363309078662,18.24414236380448
Cundinamarca,2024-04-02,5.093842602429239,17.80629686855927
Cundinamarca,2024-04-03,7.873731491097185,17.86830348545637
Cundinamarca,2024-04-04,15.880449059018249,17.722359715156724
Cundinamarca,2024-04-05,1.6440326320099723,17.839398130999843
Cundinamarca,2024-04-06,3.8335260358411687,17.7357842444924
Cundinamarca,2024-04-07,0.0236929102610881,18.31827388225068
Cundinamarca,2024-04-08,4.753909054642838,18.811101775956896
Cundinamarca,2024-04-09,1.1342018724518903,18.889414895121234
Cundinamarca,2024-04-10,0.0,18.99131409421665
Cundinamarca,2024-04-11,0.1033152549273722,18.931223516424584
Cundinamarca,2024-04-12,0.6053748488122456,19.167965932385023
Cundinamarca,2024-04-13,0.2004630244057048,19.30049866580185
Cundinamarca,2024-04-14,3.110112125981524,19.8204197985726
Cundinamarca,2024-04-15,3.36010467262795,19.749513769057813
Cundinamarca,2024-04-16,2.1303701318577497,19.90308576579204
Cundinamarca,2024-04-17,9.42803030820512,19.38806966621877
Cundinamarca,2024-04-18,13.29638759128542,18.661094880105114
Cundinamarca,2024-04-19,12.583113411293034,17.808654856382304
Cundinamarca,2024-04-20,5.535125127687125,17.927346679214438
Cundinamarca,2024-04-21,10.58446914599159,17.744180281460153
Cundinamarca,2024-04-22,8.812905914605494,16.890791012454702
Cundinamarca,2024-04-23,1.677761015605914,17.436190442778432
Cundinamarca,2024-04-24,12.875662980165362,18.28788602928691
Cundinamarca,2024-04-25,9.268936661070525,17.700422692340883
Cundinamarca,2024-04-26,4.869448522818381,17.749595632143766
Cundinamarca,2024-04-27,12.107977185028668,17.82434447225661
Cundinamarca,2024-04-28,5.76171871942849,17.88606313956311
Cundinamarca,2024-04-29,30.516037792343027,17.081973293822557
Cundinamarca,2024-04-30,1.616093503309718,17.91413778290908
Cundinamarca,2024-05-01,10.359106745290736,17.92978202592115
Cundinamarca,2024-05-02,2.793058762401009,17.86321732747508
Cundinamarca,2024-05-03,9.641976577802865,18.395185924454665
Cundinamarca,2024-05-04,11.218525495711118,18.09580341793726
Cundinamarca,2024-05-05,13.629781340015882,17.289094315825036
Cundinamarca,2024-05-06,4.281858950876514,17.835753371111462
Cundinamarca,2024-05-07,5.239423905048699,18.77559803134509
Cundinamarca,2024-05-08,16.259919168502712,18.083669009156164
Cundinamarca,2024-05-09,18.466872004530167,17.0121707136275
Cundinamarca,2024-05-10,5.419116435005312,17.286420680607648
Cundinamarca,2024-05-11,2.228950248057223,18.04041775091165
Cundinamarca,2024-05-12,3.4603396419825283,18.258741037507956
Cundinamarca,2024-05-13,12.585846552995068,18.698155322954808
Cundinamarca,2024-05-14,4.817927138713824,18.473197347687723
Cundinamarca,2024-05-15,22.325417981602268,17.920113056080996
Cundinamarca,2024-05-16,7.818142074106837,17.881434472553288
Cundinamarca,2024-05-17,3.74690449094939,18.100993001229494
Cundinamarca,2024-05-18,2.041641034717028,18.092931101871155
Cundinamarca,2024-05-19,17.06141913816962,18.333281257227338
Cundinamarca,2024-05-20,4.295280632395994,18.22416552086376
Cundinamarca,2024-05-21,4.073670654137394,17.875900776772053
Cundinamarca,2024-05-22,1.0374153706531704,18.19344247611628
Cundinamarca,2024-05-23,2.432697824076133,18.13887916442911
Cundinamarca,2024-05-24,3.684343658715582,18.459234540667733
Cundinamarca,2024-05-25,21.780715325600905,17.504447442977465
Cundinamarca,2024-05-26,13.64048155910716,17.3464670731665
Cundinamarca,2024-05-27,0.681975694296181,17.842595578217473
Cundinamarca,2024-05-28,2.933566524439384,17.956970858724237
Cundinamarca,2024-05-29,15.796901616035392,17.39145270790552
Cundinamarca,2024-05-30,1.128298790368603,17.256633634038497
Cundinamarca,2024-05-31,0.0536299629833764,17.614993024049276
Cundinamarca,2024-06-01,0.2444051026718517,18.25404230589996
Cundinamarca,2024-06-02,0.0069414692733751,18.607365366408487
Cundinamarca,2024-06-03,4.278345958709077,18.60912452003165
Cundinamarca,2024-06-04,27.76810854656201,17.238213806008435
Cundinamarca,2024-06-05,0.2634631578542622,17.16018535136834
Cundinamarca,2024-06-06,0.8287748675786992,17.4112626911391
Cundinamarca,2024-06-07,0.6234625102140471,17.44561656549649
Cundinamarca,2024-06-08,5.763053417911942,17.768212354597818
Cundinamarca,2024-06-09,10.80389452859626,17.454031839145433
Cundinamarca,2024-06-10,3.358657376376704,17.570524854098565
Cundinamarca,2024-06-11,8.710718928574673,17.279997819528973
Cundinamarca,2024-06-12,4.792251048013388,17.07488840584837
Cundinamarca,2024-06-13,3.3038396099730654,17.9058971864547
Cundinamarca,2024-06-14,8.485721488946567,17.80705303316633
Cundinamarca,2024-06-15,17.65374948412248,17.150396556928722
Cundinamarca,2024-06-16,10.214979757108788,16.678987967820287
Cundinamarca,2024-06-17,2.227954662201926,17.023825133655105
Cundinamarca,2024-06-18,7.825969563328705,17.697875678358873
Cundinamarca,2024-06-19,15.48132667984282,17.127053010293523
Cundinamarca,2024-06-20,6.475132826331072,16.99787950416372
Cundinamarca,2024-06-21,10.501718487396014,17.025612371328535
Cundinamarca,2024-06-22,1.9208083732389785,17.437441280834012
Cundinamarca,2024-06-23,3.2230082681126047,17.05079703387231
Cundinamarca,2024-06-24,3.90627097779341,16.898500800303513
Cundinamarca,2024-06-25,7.615675596367466,17.287369068806186
Cundinamarca,2024-06-26,0.7844831505616144,16.90282541884637
Cundinamarca,2024-06-27,1.3606940166937245,16.53098463461473
Cundinamarca,2024-06-28,7.081059559108333,16.53373746825739
Cundinamarca,2024-06-29,7.927272843667553,16.994315531151702
Cundinamarca,2024-06-30,6.020509240592777,17.28108026316476
Cundinamarca,2024-07-01,11.51426746488798,17.52007487889371
Cundinamarca,2024-07-02,8.302825569064893,17.252073477938087
Cundinamarca,2024-07-03,3.4471180543813293,17.07581734816993
Cundinamarca,2024-07-04,4.426323496999435,17.320124208136342
Cundinamarca,2024-07-05,36.85136396600186,16.47130687521737
Cundinamarca,2024-07-06,0.0180105077310013,16.463419198051326
Cundinamarca,2024-07-07,4.742292732638749,16.698275020446772
Cundinamarca,2024-07-08,0.7054367046145812,16.93397370616583
Cundinamarca,2024-07-09,12.936759759473444,17.10492568828061
Cundinamarca,2024-07-10,0.0009500234804490416,17.27539581020078
Cundinamarca,2024-07-11,0.153798380032636,17.310084880644208
Cundinamarca,2024-07-12,14.926303325755764,17.15797024093009
Cundinamarca,2024-07-13,0.3555075209384921,16.657569805325092
Cundinamarca,2024-07-14,0.3727695794433917,16.946627763203217
Cundinamarca,2024-07-15,7.082302767017405,17.296333699005782
Cundinamarca,2024-07-16,0.0796251683378319,17.57739852119403
Cundinamarca,2024-07-17,0.0,17.147656654453822
Cundinamarca,2024-07-18,0.122867727869909,16.83875122071951
Cundinamarca,2024-07-19,4.126462109748418,16.774739611993926
Cundinamarca,2024-07-20,0.0562196123618656,17.180374178568886
Cundinamarca,2024-07-21,1.3204980485014373,17.233923627103454
Cundinamarca,2024-07-22,1.0456428700741742,17.088369391672995
Cundinamarca,2024-07-23,0.0,17.288865639814926
Cundinamarca,2024-07-24,0.0,17.42674232292168
Cundinamarca,2024-07-25,2.649048612482541e-05,17.666008465445202
Cundinamarca,2024-07-26,0.7208986446941881,17.27460256146554
Cundinamarca,2024-07-27,0.4080237822793571,17.53632740971362
Cundinamarca,2024-07-28,15.660853073986356,16.868196555184742
Cundinamarca,2024-07-29,0.01559867131073,17.54149650792289
Cundinamarca,2024-07-30,0.8949782967463047,17.28881623481489
Cundinamarca,2024-07-31,0.0,16.786633758744543
Cundinamarca,2024-08-01,0.0094431262013528,17.07856935828031
Cundinamarca,2024-08-02,6.7472758453369845,17.50155091304726
Cundinamarca,2024-08-03,0.9964194049868422,17.689772577227345
Cundinamarca,2024-08-04,11.690880866616045,17.570180129972215
Cundinamarca,2024-08-05,18.297239488344548,17.418917980330725
Cundinamarca,2024-08-06,0.7494081540384031,17.401830222337917
Cundinamarca,2024-08-07,1.0369032758083332,17.574847619751065
Cundinamarca,2024-08-08,5.285678467753218,17.519639399849304
Cundinamarca,2024-08-09,8.65573298402985,17.32667221085045
Cundinamarca,2024-08-10,6.588769223890163,16.724626908113606
Cundinamarca,2024-08-11,3.332700130739582,16.83479478069574
Cundinamarca,2024-08-12,1.4985257618356589,17.428319404131276
Cundinamarca,2024-08-13,8.144030237740026,17.05532398327758
Cundinamarca,2024-08-14,0.0,17.200072341654618
Cundinamarca,2024-08-15,0.0,17.90418085807994
Cundinamarca,2024-08-16,0.8084496669336735,17.571271939892977
Cundinamarca,2024-08-17,0.7919454524997018,17.475090711420187
Cundinamarca,2024-08-18,0.0,17.205131491729773
Cundinamarca,2024-08-19,1.28693735045517,17.683142976357257
Cundinamarca,2024-08-20,0.0,17.776200172123033
Cundinamarca,2024-08-21,0.0882947488911058,17.670274016086204
Cundinamarca,2024-08-22,0.0655916165310996,18.06235467362833
Cundinamarca,2024-08-23,1.966445912834992,17.6164770224414
Cundinamarca,2024-08-24,15.731905447045454,17.031319676176
Cundinamarca,2024-08-25,2.1922878390291425,16.992391701976455
Cundinamarca,2024-08-26,16.02422500797052,17.11385780047218
Cundinamarca,2024-08-27,1.199518719197466,17.091228840059642
Cundinamarca,2024-08-28,12.7236879964559,17.788205325566214
Cundinamarca,2024-08-29,1.2962999677866465,17.874735107382655
Cundinamarca,2024-08-30,0.2685179089344726,17.379891091729615
Cundinamarca,2024-08-31,0.3200949065974772,17.58661142713474
Cundinamarca,2024-09-01,7.839057156251608,17.72296510218167
Cundinamarca,2024-09-02,4.935183562929462,18.14090583085087
Cundinamarca,2024-09-03,5.97642292574362,18.252831832262217
Cundinamarca,2024-09-04,2.1205959725616177,18.664484051497872
Cundinamarca,2024-09-05,5.0048101991686265,18.538782463530183
Cundinamarca,2024-09-06,0.1018893322309211,18.501373662801
Cundinamarca,2024-09-07,8.59409514979764,17.762909791076922
Cundinamarca,2024-09-08,0.0,18.103807281287423
Cundinamarca,2024-09-09,0.0,18.2525771144938
Cundinamarca,2024-09-10,0.0,18.09762742846454
Cundinamarca,2024-09-11,0.239042033385147,18.578357769215167
Cundinamarca,2024-09-12,7.374775350463325,18.948672430631586
Cundinamarca,2024-09-13,1.0629181359084807,18.68866014153829
Cundinamarca,2024-09-14,10.122045172314651,19.023682745118865
Cundinamarca,2024-09-15,3.3422831089541813,19.090942018879417
Cundinamarca,2024-09-16,0.5664660102526681,19.192615429153456
Cundinamarca,2024-09-17,3.8784921299998425,18.881379291736163
Cundinamarca,2024-09-18,0.0730057780869726,18.81029233047084
Cundinamarca,2024-09-19,0.9599949857693368,19.212516994501726
Cundinamarca,2024-09-20,6.006354420495096,18.658059920881904
Cundinamarca,2024-09-21,2.6325590849318017,18.47046474373526
Cundinamarca,2024-09-22,2.038737534880221,18.16249097263568
Cundinamarca,2024-09-23,8.852359690267635,17.8275920650676
Cundinamarca,2024-09-24,0.4891886524674642,18.2761823436522
Cundinamarca,2024-09-25,1.7493918456459672,18.402977668503464
Cundinamarca,2024-09-26,12.2218126461053,17.854567233256258
Cundinamarca,2024-09-27,13.199428744070076,17.781216167631737
Cundinamarca,2024-09-28,3.1372988599419918,17.492933164088083
Cundinamarca,2024-09-29,9.464976284906712,16.481235996205296
Cundinamarca,2024-09-30,0.950653251571836,16.641691185261642
Cundinamarca,2024-10-01,1.4617093106029742,17.304393393286187
Cundinamarca,2024-10-02,6.073531171301122,17.620101099911203
Cundinamarca,2024-10-03,8.506879711898252,17.40160711190223
Cundinamarca,2024-10-04,6.352410661498472,17.745478093588893
Cundinamarca,2024-10-05,10.261683514727933,17.81789190586087
Cundinamarca,2024-10-06,5.753326400477094,17.339650126197597
Cundinamarca,2024-10-07,11.385555651244928,17.559110201985327
Cundinamarca,2024-10-08,8.633333711566712,16.655284280767603
Cundinamarca,2024-10-09,4.307218441025603,17.411867155023348
Cundinamarca,2024-10-10,5.129938992779371,16.831126376816698
Cundinamarca,2024-10-11,0.0,17.35647158287187
Cundinamarca,2024-10-12,0.0086103784596834,17.50755056924912
Cundinamarca,2024-10-13,12.370795887003524,17.774178145975615
Cundinamarca,2024-10-14,0.0,17.355100895204302
Cundinamarca,2024-10-15,5.380334326168958,17.1053799263471
Cundinamarca,2024-10-16,4.687268998479343,17.79463876652022
Cundinamarca,2024-10-17,2.16009579598801,18.09688280675617
Cundinamarca,2024-10-18,0.7584032684282777,18.152074815266023
Cundinamarca,2024-10-19,11.690077905856471,17.91951978897694
Cundinamarca,2024-10-20,6.647786548129241,17.499557134881165
Cundinamarca,2024-10-21,9.23221348327372,17.830393426455863
Cundinamarca,2024-10-22,8.647557701290484,17.48281854874658
Cundinamarca,2024-10-23,0.8867215941812309,17.54928219110333
Cundinamarca,2024-10-24,2.0465665721953363,17.750519548942368
Cundinamarca,2024-10-25,1.4228055706930085,18.37620225120584
Cundinamarca,2024-10-26,5.472411005999647,18.29488554417596
Cundinamarca,2024-10-27,10.678864575527706,18.325582976402437
Cundinamarca,2024-10-28,0.5664242797338036,17.956837020825635
Cundinamarca,2024-10-29,1.7723850180148892,17.61801193952513
Cundinamarca,2024-10-30,3.104261180164856,18.009619190372003
Cundinamarca,2024-10-31,19.56176733748713,17.801255518916033
Cundinamarca,2024-11-01,9.386786607979335,16.877350580269564
Cundinamarca,2024-11-02,0.4807842455751635,17.10105783567305
Cundinamarca,2024-11-03,6.754495600351612,17.26378126844159
Cundinamarca,2024-11-04,30.442589137797395,16.909388731585153
Cundinamarca,2024-11-05,1.5894914562370996,17.0325293132927
Cundinamarca,2024-11-06,6.172629587476387,17.17163331025953
Cundinamarca,2024-11-07,8.466377658049364,17.291323707960448
Cundinamarca,2024-11-08,12.20712938733008,16.713789477115856
Cundinamarca,2024-11-09,12.96411304917663,16.853537916285493
Cundinamarca,2024-11-10,16.019575701086534,16.413824343684446
Cundinamarca,2024-11-11,10.76816782864178,16.47677204512096
Cundinamarca,2024-11-12,5.434407861893684,16.570519670092008
Cundinamarca,2024-11-13,1.1668254581307238,16.73389741380731
Cundinamarca,2024-11-14,17.81764569596563,16.34590215299782
Cundinamarca,2024-11-15,8.167713141283924,16.56449268420734
Cundinamarca,2024-11-16,14.94502771605104,16.610325595501262
Cundinamarca,2024-11-17,0.1141085109543284,16.507950194065366
Cundinamarca,2024-11-18,1.2427227306748825,16.806159898924918
Cundinamarca,2024-11-19,18.347246419474505,16.861181665212246
Cundinamarca,2024-11-20,6.278906100837603,16.710787825979306
Cundinamarca,2024-11-21,18.7820042131933,16.65626022001555
Cundinamarca,2024-11-22,7.994686925505877,16.533116969230452
Cundinamarca,2024-11-23,8.79975397158401,16.562661498960654
Cundinamarca,2024-11-24,0.4759007914042925,16.507430278588835
Cundinamarca,2024-11-25,0.0,17.086653485108627
Cundinamarca,2024-11-26,1.5178310430738784,17.531731628047645
Cundinamarca,2024-11-27,1.8136687348868596,17.255051791434354
Cundinamarca,2024-11-28,3.73322022527412,17.136840329811722
Cundinamarca,2024-11-29,0.0471018509790252,17.072709637178217
Cundinamarca,2024-11-30,0.0,16.88325219471108
Cundinamarca,2024-12-01,0.0,17.31773967769915
Cundinamarca,2024-12-02,3.2459945654043056,17.691882727053038
Cundinamarca,2024-12-03,0.8270521823439497,17.517816869232803
Cundinamarca,2024-12-04,0.0285204403923267,17.56845487480669
Cundinamarca,2024-12-05,1.0888573892539122,17.46861683519862
Cundinamarca,2024-12-06,0.2160861525528403,17.196860056574995
Cundinamarca,2024-12-07,0.0,17.196014038597045
Cundinamarca,2024-12-08,0.0,17.438092323334995
Cundinamarca,2024-12-09,0.0,16.91509641991448
Cundinamarca,2024-12-10,0.0099199498186174,16.811724019644682
Cundinamarca,2024-12-11,0.4523200672057723,16.96136589150085
Cundinamarca,2024-12-12,0.8262415692157556,17.691155337784362
Cundinamarca,2024-12-13,1.1100599493017524,17.490136540505084
Cundinamarca,2024-12-14,0.0,17.328847775888125
Cundinamarca,2024-12-15,0.0077530122267551,17.30562986850517
Cundinamarca,2024-12-16,0.3347391620668228,17.371821196000877
Cundinamarca,2024-12-17,1.6609667486941262,16.99183184405618
Cundinamarca,2024-12-18,0.0494747737847774,17.54509622816048
Cundinamarca,2024-12-19,0.1868701164735743,17.467453933480957
Cundinamarca,2024-12-20,2.732753395859466,17.594329688653264
Cundinamarca,2024-12-21,5.671246320776068,17.200964450398615
Cundinamarca,2024-12-22,5.306661082664895,16.927612725058378
Cundinamarca,2024-12-23,5.722022552749885,16.955558550777564
Cundinamarca,2024-12-24,14.353433039206704,17.31749315069218
Cundinamarca,2024-12-25,0.8046178390407136,17.39688585444062
Cundinamarca,2024-12-26,0.8545863382389037,17.472240181268646
Cundinamarca,2024-12-27,12.2939911990222,17.14511810218327
Cundinamarca,2024-12-28,4.455082189083252,16.644298413992107
Cundinamarca,2024-12-29,27.67816405812016,16.615517668006568
Cundinamarca,2024-12-30,12.793833037503466,16.70518170094236
Cundinamarca,2024-12-31,2.4330329788981686,16.796395209334694
Cundinamarca,2025-01-01,1.666783023428807,17.148775474669115
Cundinamarca,2025-01-02,0.3692279443330862,17.060321289109
Cundinamarca,2025-01-03,15.009472922228335,16.02549800152203
Cundinamarca,2025-01-04,0.5609823566775299,16.24913356651284
Cundinamarca,2025-01-05,23.22833939671045,16.147560715676427
Cundinamarca,2025-01-06,3.9683533844991294,16.28362592768061
Cundinamarca,2025-01-07,3.6699396339056496,17.21960049016621
Cundinamarca,2025-01-08,1.4933302348046376,17.271275470438756
Cundinamarca,2025-01-09,0.1757602428514671,17.364613623394003
Cundinamarca,2025-01-10,0.0243289300542867,17.495235676849113
Cundinamarca,2025-01-11,0.0070842386229268,17.464022208198752
Cundinamarca,2025-01-12,0.0,16.924883969142314
Cundinamarca,2025-01-13,0.0,16.93076553527949
Cundinamarca,2025-01-14,0.0193026223264458,17.385303422898527
Cundinamarca,2025-01-15,0.4235212686479931,17.46472546309051
Cundinamarca,2025-01-16,0.0,17.250693633034032
Cundinamarca,2025-01-17,0.0595816747244838,17.000770270349566
Cundinamarca,2025-01-18,0.0,17.06290227429601
Cundinamarca,2025-01-19,1.330660868475063,17.236612315447665
Cundinamarca,2025-01-20,0.0236931691083735,16.604392318074545
Cundinamarca,2025-01-21,0.7651605217006974,17.263484645866274
Cundinamarca,2025-01-22,0.0124723025266468,16.595890309736127
Cundinamarca,2025-01-23,0.0070124672982239,16.28080593676619
Cundinamarca,2025-01-24,2.221123284226281,16.43418830488136
Cundinamarca,2025-01-25,2.881778355865892,16.865014101220954
Cundinamarca,2025-01-26,2.0890403404293925,17.038742194762005
Cundinamarca,2025-01-27,0.7768128927960598,17.077330247077576
Cundinamarca,2025-01-28,0.0360645908073483,17.048602814148683
Cundinamarca,2025-01-29,1.0076232869228454,17.52693592001029
Cundinamarca,2025-01-30,0.5510577120499098,17.636134955120223
Cundinamarca,2025-01-31,0.5899983740353533,17.814199984084418
Cundinamarca,2025-02-01,0.0,17.909270111938614
Cundinamarca,2025-02-02,9.578148277989367,17.737616278153006
Cundinamarca,2025-02-03,0.7099941207462921,17.779491811510496
Cundinamarca,2025-02-04,5.7535214325104045,17.73459245210717
Cundinamarca,2025-02-05,3.597735120738754,17.29466144352871
Cundinamarca,2025-02-06,0.537157135255648,17.64898538658596
Cundinamarca,2025-02-07,1.157333276974179,17.49015856005533
Cundinamarca,2025-02-08,6.151051828641219,17.501974454456363
Cundinamarca,2025-02-09,7.275435297561205,17.397102024463315
Cundinamarca,2025-02-10,12.91276128824334,16.730518153887648
Cundinamarca,2025-02-11,7.605987557390914,16.90816855923618
Cundinamarca,2025-02-12,1.0996742012178682,17.370613750482512
Cundinamarca,2025-02-13,20.482400459963536,17.2515005479194
Cundinamarca,2025-02-14,1.9860277800447432,16.79385244658323
Cundinamarca,2025-02-15,0.0807576241133024,17.189520284463875
Cundinamarca,2025-02-16,0.0965227525833781,17.177637186643036
Cundinamarca,2025-02-17,1.8543728911632336,17.266456254777296
Cundinamarca,2025-02-18,5.0705251070894,16.94790851034043
Cundinamarca,2025-02-19,3.718283404072695,17.658532821813683
Cundinamarca,2025-02-20,4.40263043075246,17.57257316409741
Cundinamarca,2025-02-21,0.2726042685838429,17.325631971337636
Cundinamarca,2025-02-22,10.14116928083338,16.90529984486005
Cundinamarca,2025-02-23,0.4963411691297218,16.947596406676976
Cundinamarca,2025-02-24,4.897422314113045,17.812856618541904
Cundinamarca,2025-02-25,16.640937041439404,17.505262302392318
Cundinamarca,2025-02-26,11.85632386375165,17.592284132928356
Cundinamarca,2025-02-27,3.0807290837984054,17.57593251610353
Cundinamarca,2025-02-28,0.7408120262591273,17.94740242453611
Cundinamarca,2025-03-01,2.4202568910684685,17.60449105077946
Cundinamarca,2025-03-02,3.793076130448125,17.570458017752784
Cundinamarca,2025-03-03,2.491021926196201,17.358585106559225
Cundinamarca,2025-03-04,5.882792053375236,17.21419443639008
Cundinamarca,2025-03-05,15.707133605401618,17.121345961444113
Cundinamarca,2025-03-06,11.75243121897524,16.50934920799084
Cundinamarca,2025-03-07,9.728663009331056,16.672418778363635
Cundinamarca,2025-03-08,5.012679016351768,17.299615282815925
Cundinamarca,2025-03-09,1.1589284638891246,17.524414877280364
Cundinamarca,2025-03-10,0.5761336926770956,17.60223511468846
Cundinamarca,2025-03-11,2.3373544315519545,17.599261571845823
Cundinamarca,2025-03-12,11.662947439456747,17.088640251619402
Cundinamarca,2025-03-13,10.109043712650168,17.484859152072122
Cundinamarca,2025-03-14,20.956981197187652,16.945277516629996
Cundinamarca,2025-03-15,2.40309845564759,17.22092326786005
Cundinamarca,2025-03-16,6.41724410805221,17.302176979824367
Cundinamarca,2025-03-17,19.840599288898574,16.21469873640766
Cundinamarca,2025-03-18,9.472910649508146,16.515679794832423
Cundinamarca,2025-03-19,4.795307612431795,17.05559720020926
Cundinamarca,2025-03-20,2.40861572861445,17.038042666066676
Cundinamarca,2025-03-21,2.870072895410398,17.286095316769266
Cundinamarca,2025-03-22,2.668085820949679,17.78064909427513
Cundinamarca,2025-03-23,0.0,17.56509439931421
Cundinamarca,2025-03-24,0.1201272016586038,17.44933994489031
Cundinamarca,2025-03-25,0.7228863908012925,18.04436579997561
Cundinamarca,2025-03-26,0.7013243610872593,17.879417271076115
Cundinamarca,2025-03-27,4.772971136745994,18.12196695517606
Cundinamarca,2025-03-28,3.2718155637358084,17.753378002798716
Cundinamarca,2025-03-29,5.16912861421617,17.199158740423012
Cundinamarca,2025-03-30,8.701176887854496,17.022374852825592
Cundinamarca,2025-03-31,2.2131975209144423,16.661853462650146
Cundinamarca,2025-04-01,0.0,16.96447849447907
Cundinamarca,2025-04-02,16.793537830947283,17.08445449154142
Cundinamarca,2025-04-03,3.827173780230885,17.235515817779422
Cundinamarca,2025-04-04,8.323750083665077,16.86854255283989
Cundinamarca,2025-04-05,9.495502421010414,16.77731654758836
Cundinamarca,2025-04-06,16.840564676655124,16.960620957373017
Cundinamarca,2025-04-07,10.616754955139015,17.352502298921557
Cundinamarca,2025-04-08,18.84638179154029,17.203586279969223
Cundinamarca,2025-04-09,3.6910796494641054,17.374891249882754
Cundinamarca,2025-04-10,15.822632318521109,16.768666342228176
Cundinamarca,2025-04-11,9.334527175891733,17.11592255558038
Cundinamarca,2025-04-12,1.0415872473506018,17.441237076609244
Cundinamarca,2025-04-13,0.1505045176812153,17.94601996867714
Cundinamarca,2025-04-14,0.9759579715166988,18.069424323147388
Cundinamarca,2025-04-15,1.5453503632906975,17.913050902109152
Cundinamarca,2025-04-16,0.9130477000550128,17.98161171293522
Cundinamarca,2025-04-17,9.819718116904754,17.908695625924548
Cundinamarca,2025-04-18,4.77103168006362,17.843378213034853
Cundinamarca,2025-04-19,2.567100364060298,17.876546107434997
Cundinamarca,2025-04-20,18.328868659688,17.337326644985193
Cundinamarca,2025-04-21,3.7829675542055377,17.350934502301364
Cundinamarca,2025-04-22,6.135952804930065,17.072074141151305
Cundinamarca,2025-04-23,4.753305560826121,17.123543378354853
Cundinamarca,2025-04-24,22.506424601736867,17.007477448132743
Cundinamarca,2025-04-25,7.120627538739043,17.1844806380448
Cundinamarca,2025-04-26,9.295673702667964,16.69210266819329
Cundinamarca,2025-04-27,6.663300374191414,17.020358640267645
Cundinamarca,2025-04-28,27.96971034122517,17.068900983162568
Cundinamarca,2025-04-29,5.65810124903838,17.30590678676797
Cundinamarca,2025-04-30,17.00671586144023,16.622224991202682
Cundinamarca,2025-05-01,2.851454522719524,17.040573987981723
Cundinamarca,2025-05-02,5.873956092267579,17.01724430368711
Cundinamarca,2025-05-03,21.18556773352431,16.280436723785158
Cundinamarca,2025-05-04,0.5851301971116362,16.42009163532646
Cundinamarca,2025-05-05,16.023756613504187,16.09193843452381
Cundinamarca,2025-05-06,8.06606186746473,16.16391639974487
Cundinamarca,2025-05-07,17.559302217092647,16.37435132220569
Cundinamarca,2025-05-08,6.118964192426327,16.51674576082132
Cundinamarca,2025-05-09,4.556885868708569,16.98449990719817
Cundinamarca,2025-05-10,3.785225733134324,17.506728952017646
Cundinamarca,2025-05-11,0.3964571885584325,17.38671799036505
Cundinamarca,2025-05-12,0.0,17.17755978799125
Cundinamarca,2025-05-13,7.064902135168308,17.16770319064904
Cundinamarca,2025-05-14,11.84775708953555,16.929135755366136
Cundinamarca,2025-05-15,4.4240606902104975,16.769327393356836
Cundinamarca,2025-05-16,6.367413624552951,16.714786597397143
Cundinamarca,2025-05-17,12.950813406807246,16.51126143130257
Cundinamarca,2025-05-18,9.551507732043325,16.849148963271617
Cundinamarca,2025-05-19,16.518861590921535,16.66351682937059
Cundinamarca,2025-05-20,20.64987395577534,16.94235628941823
Cundinamarca,2025-05-21,4.704550664089585,17.052402300785413
Cundinamarca,2025-05-22,12.909084593816068,16.690984004384013
Cundinamarca,2025-05-23,0.0765706679222533,16.983039122725092
Cundinamarca,2025-05-24,2.12017353685929,17.407305697371584
Cundinamarca,2025-05-25,0.3199278386270795,17.220685539636634
Cundinamarca,2025-05-26,0.822926760386104,17.213756214195715
Cundinamarca,2025-05-27,7.017483946281886,16.923723066742152
Cundinamarca,2025-05-28,2.40472582655642,17.145106083506683
Cundinamarca,2025-05-29,0.0,17.86038546125216
Cundinamarca,2025-05-30,13.911341630381092,17.419367013647747
Cundinamarca,2025-05-31,5.687519982048816,17.227834239403382
Cundinamarca,2025-06-01,5.385130034543423,16.639790175743183
Cundinamarca,2025-06-02,5.062541836838514,16.473093470564436
Cundinamarca,2025-06-03,0.0,16.466867189134604
Cundinamarca,2025-06-04,0.9765712200488592,16.818241337332445
Cundinamarca,2025-06-05,3.643193855933741,16.379343226540936
Cundinamarca,2025-06-06,10.899078452116402,16.1970532340289
Cundinamarca,2025-06-07,2.7557136298174885,16.123147836912022
Cundinamarca,2025-06-08,0.00909726906093,17.27658392536772
Cundinamarca,2025-06-09,25.36246260008255,16.70340942899099
Cundinamarca,2025-06-10,4.840898569360001,16.33257021779464
Cundinamarca,2025-06-11,5.568858760273509,16.37873579478655
Cundinamarca,2025-06-12,4.611326586454849,16.725831641678138
Cundinamarca,2025-06-13,11.556630373181733,16.52692811677133
Cundinamarca,2025-06-14,8.694610963161185,15.871001861011544
Cundinamarca,2025-06-15,16.444173018835144,16.198954076099156
Cundinamarca,2025-06-16,1.3382769282891298,16.691643342031615
Cundinamarca,2025-06-17,11.804253499490477,16.87923055138658
Cundinamarca,2025-06-18,1.441146645527637,16.713439746998905
Cundinamarca,2025-06-19,0.0,16.55061311740208
Cundinamarca,2025-06-20,9.275300358299363,16.821866039837435
Cundinamarca,2025-06-21,0.0,16.960341693134378
Cundinamarca,2025-06-22,2.3240328590977977,16.59031173015392
Cundinamarca,2025-06-23,1.3293498342431722,16.830184194703186
Cundinamarca,2025-06-24,37.745757261645366,15.895965400986032
Cundinamarca,2025-06-25,3.1904762384830003,16.316349848149343
Cundinamarca,2025-06-26,9.481989339698838,16.544246288973415
Cundinamarca,2025-06-27,3.2510556575592253,17.006923077330324
Cundinamarca,2025-06-28,8.384740124427562,16.70217178893075
Cundinamarca,2025-06-29,0.7173100625589269,16.76494290674015
Cundinamarca,2025-06-30,3.0547599201905977,16.62668251791087
Cundinamarca,2025-07-01,9.047337251230854,16.43920072124249
Cundinamarca,2025-07-02,4.798274791879218,16.7750296122194
Cundinamarca,2025-07-03,17.360480770706975,15.97224631171077
Cundinamarca,2025-07-04,3.180781789061036,15.542991824133551
Cundinamarca,2025-07-05,1.1796706557879753,15.848876599236176
Cundinamarca,2025-07-06,0.3952152061699813,15.86400647096529
Cundinamarca,2025-07-07,0.0,16.516431385974244
Cundinamarca,2025-07-08,0.5787070610324073,16.537163781541107
Cundinamarca,2025-07-09,0.4551676640581734,16.457791648726392
Cundinamarca,2025-07-10,0.9897091701983216,16.709068298683412
Cundinamarca,2025-07-11,15.822269812107674,16.005613540851645
Cundinamarca,2025-07-12,0.6922474926102579,15.849404321043457
Cundinamarca,2025-07-13,0.9684227192410332,16.15424138802887
Cundinamarca,2025-07-14,0.5557623217507235,15.899689631493022
Cundinamarca,2025-07-15,0.0,16.5039113566297
Cundinamarca,2025-07-16,0.0,16.870752770359196
Cundinamarca,2025-07-17,0.022070910948369,16.86833202956379
Cundinamarca,2025-07-18,0.0043135683834631,16.730716006836346
Cundinamarca,2025-07-19,0.1272965968637556,16.35248928767773
Cundinamarca,2025-07-20,0.1289591450833576,16.998071789247735
Cundinamarca,2025-07-21,13.736241818582243,16.741688476219664
Cundinamarca,2025-07-22,3.73624487981731,16.849541469806148
Cundinamarca,2025-07-23,4.629420482625194,16.9573062344621
Cundinamarca,2025-07-24,0.6902796635275472,17.390086208258307
Cundinamarca,2025-07-25,1.9145550516278795,17.53924217107977
Cundinamarca,2025-07-26,3.912155305228212,17.178073877838223
Cundinamarca,2025-07-27,1.8925353084117116,17.053344303148986
Cundinamarca,2025-07-28,8.064030503580717,16.91056532552875
Cundinamarca,2025-07-29,15.004508187960072,16.704639499578796
Cundinamarca,2025-07-30,5.481719609941036,16.848134865550843
Cundinamarca,2025-07-31,0.0,17.191999640874407
Cundinamarca,2025-08-01,4.75184274991186,17.311377306245067
Cundinamarca,2025-08-02,5.079981364263968,17.433647954297854
Cundinamarca,2025-08-03,12.311175388640674,16.756611412179566
Cundinamarca,2025-08-04,3.8138038147222937,16.726856383335104
Cundinamarca,2025-08-05,0.567538902478012,16.18769233409489
Cundinamarca,2025-08-06,0.051501245441134,16.642138225117513
Cundinamarca,2025-08-07,10.8727809286712,16.632543604494305
Cundinamarca,2025-08-08,6.344602988721049,16.488024054404264
Cundinamarca,2025-08-09,23.729355235327777,15.80608749028124
Cundinamarca,2025-08-10,1.2205798284654334,16.289692985668523
Cundinamarca,2025-08-11,6.229887493373704,16.413541674240793
Cundinamarca,2025-08-12,1.2154195571903128,16.90462268530149
Cundinamarca,2025-08-13,6.1473386973252,16.582673520464038
Cundinamarca,2025-08-14,1.974909233426896,16.410713932500833
Cundinamarca,2025-08-15,0.9812359394580156,16.2944264281261
Cundinamarca,2025-08-16,3.965779641668366,16.46550306399288
Cundinamarca,2025-08-17,0.6565129982668446,16.473049069657414
Cundinamarca,2025-08-18,0.7059466800526978,16.966941142976875
Cundinamarca,2025-08-19,5.121512310689,16.651474781609803
Cundinamarca,2025-08-20,0.7450389733266795,17.251931556771382
Cundinamarca,2025-08-21,4.607381859588966,17.375010863961414
Cundinamarca,2025-08-22,3.753049531125748,17.024199380812913
Cundinamarca,2025-08-23,2.1435790470043874,16.918858795152985
Cundinamarca,2025-08-24,0.0747498798279337,17.163557188766223
Cundinamarca,2025-08-25,14.440506720831694,16.7454461312549
Cundinamarca,2025-08-26,4.294351417090344,16.30644806703569
Cundinamarca,2025-08-27,1.1013133661504098,16.323198665892278
Cundinamarca,2025-08-28,0.0660189607771206,16.78528825450792
Cundinamarca,2025-08-29,0.0254024713259379,16.561874706059452
Cundinamarca,2025-08-30,5.91773672554378,16.975337834883565
Cundinamarca,2025-08-31,15.152068027127678,16.949924672120797
Cundinamarca,2025-09-01,5.3850932438604495,16.987529176749472
Cundinamarca,2025-09-02,3.332465296832461,16.795693996407703
Cundinamarca,2025-09-03,0.8621385217740484,16.901790036835788
Cundinamarca,2025-09-04,12.802774131791317,16.88981459276663
Cundinamarca,2025-09-05,1.444212544740198,16.25156747360033
Cundinamarca,2025-09-06,0.4437821649525856,16.605866782864368
Cundinamarca,2025-09-07,1.8190470544002253,16.241767375786896
Cundinamarca,2025-09-08,2.217401914018557,16.72377635066389
Cundinamarca,2025-09-09,2.543640105484505,17.24775762856943
Cundinamarca,2025-09-10,6.173257838800095,17.194303752474354
Cundinamarca,2025-09-11,2.8685948812866204,17.34218067543972
Cundinamarca,2025-09-12,0.0220708543055113,17.265490154026097
Cundinamarca,2025-09-13,0.3878109097840879,17.521568086052362
Cundinamarca,2025-09-14,0.0029357500329377,17.473715900054934
Cundinamarca,2025-09-15,7.608828273512891,17.082579718090503
Cundinamarca,2025-09-16,0.0624880121147168,16.961488515491645
Cundinamarca,2025-09-17,5.051044275590355,16.907068660043645
Cundinamarca,2025-09-18,9.508024558392828,16.126444392087972
Cundinamarca,2025-09-19,1.632799357796628,16.179076927267232
Cundinamarca,2025-09-20,21.61247207048229,16.12494695045014
Cundinamarca,2025-09-21,0.1005400361436394,16.48177562252145
Cundinamarca,2025-09-22,0.8566480196109151,16.993564628451587
Cundinamarca,2025-09-23,3.6329828113709546,17.296767922221584
Cundinamarca,2025-09-24,6.62104698989489,16.709631216279156
Cundinamarca,2025-09-25,1.2820421180982309,17.216406559082277
Cundinamarca,2025-09-26,0.3790423939022995,16.503704552237622
Cundinamarca,2025-09-27,8.232338458489362,16.46479131041891
Cundinamarca,2025-09-28,4.17169244921238,16.194137467826433
Cundinamarca,2025-09-29,0.9054281588285916,16.175816129884613
Cundinamarca,2025-09-30,15.32171301038406,15.682926588844966
Cundinamarca,2025-10-01,2.075531503482999,15.805182786901714
Cundinamarca,2025-10-02,0.904613416633776,16.551069008487673
Cundinamarca,2025-10-03,10.747239021734178,16.52018983337831
Cundinamarca,2025-10-04,0.4238751815782328,16.297364875148634
Cundinamarca,2025-10-05,5.8960606114341125,16.406529597401004
Cundinamarca,2025-10-06,7.43907636983404,16.139838196187537
Cundinamarca,2025-10-07,21.1955136516654,16.008521730040286
Cundinamarca,2025-10-08,8.27936548747084,15.587575868601448
Cundinamarca,2025-10-09,3.728588333991229,16.027537689739045
Cundinamarca,2025-10-10,4.90836036984583,16.241874710299648
Cundinamarca,2025-10-11,7.904142798497602,16.21362245499905
Cundinamarca,2025-10-12,13.011511168145947,16.02605409758383
Cundinamarca,2025-10-13,9.880400081686512,15.701967650458975
Cundinamarca,2025-10-14,12.282441692789158,16.104823360756413
Cundinamarca,2025-10-15,0.7790965243859788,16.260151636783032
Cundinamarca,2025-10-16,13.142101414503044,16.57187753082976
Cundinamarca,2025-10-17,7.672072010290644,16.416676234589634
Cundinamarca,2025-10-18,7.615336661562652,16.347585580635187
Cundinamarca,2025-10-19,0.8742343089950939,16.755878163942242
Cundinamarca,2025-10-20,3.6719150971387577,16.782633423626354
Cundinamarca,2025-10-21,0.9697670304275186,16.827379592711672
Cundinamarca,2025-10-22,12.818391253285258,17.00433394903491
Cundinamarca,2025-10-23,6.906044615668773,16.935321317671388
Cundinamarca,2025-10-24,18.59602188382521,17.121741130218222
Cundinamarca,2025-10-25,6.289195612511495,17.10860956889639
Cundinamarca,2025-10-26,5.401760005089014,17.31538813885589
Cundinamarca,2025-10-27,4.729710848790628,17.030497598772868
Cundinamarca,2025-10-28,2.2146707169473245,17.176721963163107
Cundinamarca,2025-10-29,5.93465534883484,17.106241425625875
Cundinamarca,2025-10-30,2.383154774755761,16.956695594920145
Cundinamarca,2025-10-31,8.121354820355785,16.808619547015027
Cundinamarca,2025-11-01,0.1171093562878868,17.03565563028669
Cundinamarca,2025-11-02,1.718979394188734,17.418758733184966
Cundinamarca,2025-11-03,1.9533756438530825,17.36218094920015
Cundinamarca,2025-11-04,1.3373126351896325,17.25089269113195
Cundinamarca,2025-11-05,4.174133676281889,17.053994304104585
Cundinamarca,2025-11-06,6.511496332779824,16.29743049039542
Cundinamarca,2025-11-07,0.1473549606093261,16.953521995457773
Cundinamarca,2025-11-08,0.5289203269846526,17.216311216417804
Cundinamarca,2025-11-09,2.359458503255217,17.39423954942954
Cundinamarca,2025-11-10,3.308618086937329,17.451716076515442
Cundinamarca,2025-11-11,10.950050190628206,17.33568196558639
Cundinamarca,2025-11-12,9.376484387798016,17.20694022876149
Cundinamarca,2025-11-13,14.428637038618728,16.906603019403907
Cundinamarca,2025-11-14,5.149733849852394,16.719148470150152
Cundinamarca,2025-11-15,6.27181812061314,16.50687373500067
Cundinamarca,2025-11-16,6.74721700771998,16.155630020641553
Cundinamarca,2025-11-17,2.470513133076073,16.31063882227479
Cundinamarca,2025-11-18,3.45721434522859,16.678488324812086
Cundinamarca,2025-11-19,2.062316139693134,16.74240923266895
Cundinamarca,2025-11-20,19.463924000060484,16.84159320350518
Cundinamarca,2025-11-21,2.101257125351905,16.542474774301333
Cundinamarca,2025-11-22,2.96354001640208,17.16756776825808
Cundinamarca,2025-11-23,5.32407624943233,17.330230081655536
Cundinamarca,2025-11-24,9.053216075671774,16.84877308161278
Cundinamarca,2025-11-25,13.178127514195111,16.957849774724068
Cundinamarca,2025-11-26,2.957883381444987,16.988201169167336
Cundinamarca,2025-11-27,8.673779048102954,17.094357912848935
Cundinamarca,2025-11-28,8.693810104242875,16.073332587269583
Cundinamarca,2025-11-29,6.258839258270904,16.191980597259157
Cundinamarca,2025-11-30,7.470317895424943,16.151433895102457
Cundinamarca,2025-12-01,22.51695720853194,16.281685484590056
Cundinamarca,2025-12-02,10.824823372978376,16.15510750178426
Cundinamarca,2025-12-03,7.536516855143287,16.47513508232523
Cundinamarca,2025-12-04,13.53958742818367,16.532697707745175
Cundinamarca,2025-12-05,5.647257145467719,16.01406760463394
Cundinamarca,2025-12-06,3.3104628057830534,16.358537500351154
Cundinamarca,2025-12-07,3.841688177206469,16.34160710194956
Cundinamarca,2025-12-08,2.08875856814632,16.24238264001336
Cundinamarca,2025-12-09,0.2371696638675531,16.36258885705754
Cundinamarca,2025-12-10,0.0,16.444492814540805
Cundinamarca,2025-12-11,0.1011571339937166,16.952409350687528
Cundinamarca,2025-12-12,7.845628690482192,17.16184504013428
Cundinamarca,2025-12-13,0.1603071685523724,16.84108491658178
Cundinamarca,2025-12-14,0.3394627538966167,16.787911825287658
Cundinamarca,2025-12-15,2.086637305259038,16.392290186353463
Cundinamarca,2025-12-16,0.0957834737479095,16.782472027824006
Cundinamarca,2025-12-17,0.84451624440162,17.062113387392834
Cundinamarca,2025-12-18,0.1635871525115954,17.151066818999663
Cundinamarca,2025-12-19,0.7055159957288624,16.998501456649354
Cundinamarca,2025-12-20,5.070979092933276,16.683460461330142
Cundinamarca,2025-12-21,0.0,16.81072377716478
Cundinamarca,2025-12-22,0.0207815380111637,16.74393366824255
Cundinamarca,2025-12-23,0.0538110069122733,17.269008623796633
Cundinamarca,2025-12-24,0.0,17.33962604343253
Cundinamarca,2025-12-25,0.1131730098793993,16.928073940214166
Cundinamarca,2025-12-26,0.0076218275348272,16.811568026336367
Cundinamarca,2025-12-27,0.2788489019896915,16.573288217771406
Cundinamarca,2025-12-28,0.0,16.216368518637807
Cundinamarca,2025-12-29,0.0227881432245845,16.55590081706694
Cundinamarca,2025-12-30,0.0532596432718948,17.041255576132414
Cundinamarca,2025-12-31,0.0433527156368259,17.24669351993683
Cundinamarca,2026-01-01,0.5486402909062633,17.205637954815987
Cundinamarca,2026-01-02,8.728123657750015,16.81246702417595
Cundinamarca,2026-01-03,0.52330164089024,16.691223039279084
Cundinamarca,2026-01-04,12.0675830247276,16.294242192104033
Cundinamarca,2026-01-05,6.862291664634944,16.529993630985157
Cundinamarca,2026-01-06,13.00721299309761,16.108026432309106
Cundinamarca,2026-01-07,1.1038756699425951,16.014947962674057
Cundinamarca,2026-01-08,2.511547636519634,16.147584605899
Cundinamarca,2026-01-09,7.630751996155343,16.332111227314552
Cundinamarca,2026-01-10,10.316474589097886,16.59998503910383
Cundinamarca,2026-01-11,7.119553120329167,16.121930436488096
Cundinamarca,2026-01-12,8.993667984386722,15.776365103133363
Cundinamarca,2026-01-13,0.3141582079318172,15.689318111038087
Cundinamarca,2026-01-14,6.601956881651867,16.068105814596926
Cundinamarca,2026-01-15,0.1634726304347965,16.25073894383116
Cundinamarca,2026-01-16,0.3171990559870558,16.32998435861576
Cundinamarca,2026-01-17,0.8624286270578889,16.67503332205708
Cundinamarca,2026-01-18,0.0,17.409837663167078
Cundinamarca,2026-01-19,0.7241609567175586,17.080873657024384
Cundinamarca,2026-01-20,0.3317119235990272,17.56526799964492
Cundinamarca,2026-01-21,1.9768188011513836,17.386860457357866
Cundinamarca,2026-01-22,11.327407220057689,17.0711639386139
Cundinamarca,2026-01-23,0.198583324077362,16.818126471201463
Cundinamarca,2026-01-24,0.090764431878406,16.819018461393558
Cundinamarca,2026-01-25,0.0,17.075534926414182
Cundinamarca,2026-01-26,0.9703106458593728,16.803539802531354
Cundinamarca,2026-01-27,6.6279950143220425,16.57665790135973
Cundinamarca,2026-01-28,1.1831510328186372,16.921884663948845
Cundinamarca,2026-01-29,1.2821893148760335,16.72524395500228
Cundinamarca,2026-01-30,15.930396742664447,16.692984662942873
Cundinamarca,2026-01-31,3.708918226781149,16.651207388786265
Cundinamarca,2026-02-01,8.35213901081472,16.51953000966315
Cundinamarca,2026-02-02,7.598713387672713,16.351386863708196
Cundinamarca,2026-02-03,6.921895947664114,16.443581249973725
Cundinamarca,2026-02-04,1.427944599731708,17.115104468845573
Cundinamarca,2026-02-05,0.0097094577548366,16.759195339177253
Cundinamarca,2026-02-06,3.2032749205474347,16.93546862405729
Cundinamarca,2026-02-07,3.6754099149157775,16.70266213841771
Cundinamarca,2026-02-08,2.8798458297395597,16.86548763981684
Cundinamarca,2026-02-09,1.0331870256733673,16.897134829829206
Cundinamarca,2026-02-10,0.8950286845924693,17.01783467545575
Cundinamarca,2026-02-11,1.550241153762346,17.51610852101692
Cundinamarca,2026-02-12,4.093259082428744,17.24372255821075
Cundinamarca,2026-02-13,10.673120477510652,16.872822857733325
Cundinamarca,2026-02-14,0.338475709824616,16.65491210385885
Cundinamarca,2026-02-15,9.739144157750566,16.704253159393854
Cundinamarca,2026-02-16,8.435299734400838,16.038413940643043
Cundinamarca,2026-02-17,0.7675837205805236,16.255772068081463
Cundinamarca,2026-02-18,11.093739644613027,16.101557724275185
Cundinamarca,2026-02-19,3.578059900341739,16.200907717610384
Cundinamarca,2026-02-20,1.8246776334074328,16.22888368560522
Cundinamarca,2026-02-21,1.1035694057021128,16.65513759557258
Cundinamarca,2026-02-22,2.4053619004513527,16.9843355584285
Cundinamarca,2026-02-23,11.2106762760213,16.68237837033995
Cundinamarca,2026-02-24,16.617318537494263,16.506479409929184
Cundinamarca,2026-02-25,1.912486007032962,16.58291081799427
Cundinamarca,2026-02-26,0.2309555368002875,17.144617476308564
Cundinamarca,2026-02-27,3.1817537529694992,17.764741847312614
Cundinamarca,2026-02-28,9.274902027770134,18.030480776856013
Cundinamarca,2026-03-01,8.276565398746026,17.90968971057778
Cundinamarca,2026-03-02,4.676756889948493,17.85571810047846
Cundinamarca,2026-03-03,3.02307707319977,17.926012400075038
Cundinamarca,2026-03-04,0.0446920484135225,17.84355528848784
Cundinamarca,2026-03-05,3.287163679900737,17.555705352823157
Cundinamarca,2026-03-06,4.079490523827615,17.295513969934113
Cundinamarca,2026-03-07,3.44359771970568,17.368858688837452
Cundinamarca,2026-03-08,11.987568825714687,17.678880424749824
Cundinamarca,2026-03-09,5.8683406010552055,16.97896644238613
Cundinamarca,2026-03-10,0.1477589797191955,17.170867107922568
Cundinamarca,2026-03-11,8.186346363623185,17.144410217143186
Cundinamarca,2026-03-12,4.1507315466654,16.98055352242452
Cundinamarca,2026-03-13,1.2956859755205672,16.786018180217393
Cundinamarca,2026-03-14,0.1820340015984656,17.35774828332836
Cundinamarca,2026-03-15,0.0385190132704033,17.44662260954214
Cundinamarca,2026-03-16,0.3586236364118033,17.75753445460291
Cundinamarca,2026-03-17,7.548597903636336,17.572043254143516
Cundinamarca,2026-03-18,17.679699024050073,16.61974233961616
Cundinamarca,2026-03-19,1.2957946089154633,16.424931132208133
Cundinamarca,2026-03-20,0.066275660716416,17.29526629770004
Cundinamarca,2026-03-21,0.0062201250050938,16.840765410288814
Cundinamarca,2026-03-22,2.1965375306207964,17.145182474933783
Cundinamarca,2026-03-23,0.1246049234014546,17.40563950598553
Cundinamarca,2026-03-24,0.7722732341970201,17.195315584017308
Cundinamarca,2026-03-25,2.3663380068474704,17.401992116722266
Cundinamarca,2026-03-26,0.2564742780034145,17.770007181014268
Cundinamarca,2026-03-27,20.40249853936524,17.068382693958633
Cundinamarca,2026-03-28,3.126198274468824,17.18920315706057
Cundinamarca,2026-03-29,4.706772254412988,17.304144043576674
Cundinamarca,2026-03-30,26.101900015111767,16.482027795113506
Cundinamarca,2026-03-31,3.514730287902094,16.764580178858964
Cundinamarca,2026-04-01,6.53869326209033,16.96985868785002
Cundinamarca,2026-04-02,8.383023901124787,16.490892424314143
Cundinamarca,2026-04-03,0.0956212630909217,16.828995451294777
Cundinamarca,2026-04-04,2.9403281796023,17.350655850894285
Cundinamarca,2026-04-05,23.882944536831484,16.9054051804642
Cundinamarca,2026-04-06,0.0490674144606197,16.68155713474177
Cundinamarca,2026-04-07,9.266542228010673,17.42792009281418
Cundinamarca,2026-04-08,9.551521197107297,17.668621433627294
Cundinamarca,2026-04-09,4.319623584490618,17.34279851222708
Cundinamarca,2026-04-10,2.810773319213056,17.394833219956766
Cundinamarca,2026-04-11,2.967848253880132,17.36593822585745
Cundinamarca,2026-04-12,0.9638442409955932,17.632081683000358
Cundinamarca,2026-04-13,4.848146386511061,17.27005884492886
Cundinamarca,2026-04-14,3.43547203464992,17.7618850297567
Cundinamarca,2026-04-15,21.362909802512736,16.93577092864862
Cundinamarca,2026-04-16,4.806844158956816,16.867740280306485
Cundinamarca,2026-04-17,9.538896791125298,16.291777770153967
Cundinamarca,2026-04-18,0.1300926090611104,16.831492728128648
Cundinamarca,2026-04-19,1.009600334069231,16.928060987387447
Cundinamarca,2026-04-20,1.4028618373095172,16.68471625757607
Cundinamarca,2026-04-21,7.292948737724536,16.697115631672848
Cundinamarca,2026-04-22,4.1767837945593085,16.830752049550053
Cundinamarca,2026-04-23,10.451507479794309,16.54263107912936
Cundinamarca,2026-04-24,4.250590272967636,16.709452195181697
Cundinamarca,2026-04-25,21.992920827398287,16.382227731709104
Cundinamarca,2026-04-26,4.583072034879279,16.9800872509095
Cundinamarca,2026-04-27,11.473033824939057,16.763974832403722
Cundinamarca,2026-04-28,3.676890756506337,17.314675268486276
Cundinamarca,2026-04-29,20.756483671387866,17.3747088731146
Cundinamarca,2026-04-30,0.7387306019831692,17.59540482063057
Cundinamarca,2026-05-01,0.6962838372737736,17.892266228372954
Cundinamarca,2026-05-02,26.2940501346817,17.302749955042245
Cundinamarca,2026-05-03,9.12916984751906,17.35999277918823
Cundinamarca,2026-05-04,1.9763181588432852,16.94317903978772
Cundinamarca,2026-05-05,3.7514032799729327,17.252512946702055
Cundinamarca,2026-05-06,9.284004051073454,17.479507539992014
Cundinamarca,2026-05-07,4.688473459469137,17.39730138382399
Cundinamarca,2026-05-08,3.0629630829299823,17.439755764602268
Cundinamarca,2026-05-09,0.4132928863849705,17.875916812536385
Cundinamarca,2026-05-10,0.1216825867894724,17.49804412511028
Cundinamarca,2026-05-11,7.794000676427579,17.38724041641916
Cundinamarca,2026-05-12,3.259523936077805,16.91740293131059
Cundinamarca,2026-05-13,0.9061299176817816,17.41164604653895
Cundinamarca,2026-05-14,7.162283391314949,17.486784837687555
Cundinamarca,2026-05-15,2.969200474024815,17.808469803993095
Cundinamarca,2026-05-16,8.688171395004124,17.718070405915704
Cundinamarca,2026-05-17,9.941241007695323,17.198369736636543
Cundinamarca,2026-05-18,0.1705071189253649,17.27494568163265
Cundinamarca,2026-05-19,13.24335126183057,16.97021967758115
Cundinamarca,2026-05-20,1.1173415310492232,17.920865746841724
Cundinamarca,2026-05-21,12.24890282112348,17.538531090684753
Cundinamarca,2026-05-22,5.09322295264831,17.22335542231997
Cundinamarca,2026-05-23,0.8896675850972777,17.184228417685194
Cundinamarca,2026-05-24,1.2587545319168376,17.390931845208225
Cundinamarca,2026-05-25,0.2852141742892614,17.525156129544023
Cundinamarca,2026-05-26,18.735000790539345,17.569952786447836
Cundinamarca,2026-05-27,5.038563558323925,17.426371997431037
Cundinamarca,2026-05-28,0.6302653804462747,17.751356425748124
Cundinamarca,2026-05-29,4.379158144895803,17.734931170314216
Cundinamarca,2026-05-30,3.2269846728531086,17.16836481996141
Cundinamarca,2026-05-31,1.9054382342013247,17.46117842637576
Huila,2018-01-01,26.031841209681897,17.654671391946923
Huila,2018-01-02,3.211867853472996,18.148885082843588
Huila,2018-01-03,1.264606556679793,17.944348561793177
Huila,2018-01-04,1.8700215657718249,18.48569762827176
Huila,2018-01-05,11.33749061372488,18.015051061682392
Huila,2018-01-06,7.533081737673309,17.885239453507424
Huila,2018-01-07,0.1562737712545976,18.483897637129147
Huila,2018-01-08,6.398907714879006,18.08763982442597
Huila,2018-01-09,0.8098544970101401,17.47595572736942
Huila,2018-01-10,11.15625173881828,17.457014656758123
Huila,2018-01-11,1.6593528336139258,17.420253675371224
Huila,2018-01-12,1.406628099122152,17.088883420790168
Huila,2018-01-13,1.3835684118874054,17.3121055139965
Huila,2018-01-14,12.881884461638812,17.742231393498802
Huila,2018-01-15,3.575248155060824,17.177213860968187
Huila,2018-01-16,8.550739689209916,17.401162467261887
Huila,2018-01-17,0.5824077414708454,17.510915558140375
Huila,2018-01-18,0.3155166379929826,17.215336746786498
Huila,2018-01-19,0.0791083601560724,17.51784943073115
Huila,2018-01-20,2.801422486606372,17.492072579936305
Huila,2018-01-21,0.0563239056309411,17.581220839316938
Huila,2018-01-22,0.2672888088354895,17.884477906125337
Huila,2018-01-23,4.881899571199423,17.653058479037206
Huila,2018-01-24,0.4699319814107927,18.09249187892972
Huila,2018-01-25,0.0369877458335933,17.91567901866008
Huila,2018-01-26,1.29629364915174,17.66503235156036
Huila,2018-01-27,0.0872721298608213,18.76569377624038
Huila,2018-01-28,0.2410009313280084,18.787687196407926
Huila,2018-01-29,0.1558894945464983,19.230017224907645
Huila,2018-01-30,0.147106335086665,18.90024559350562
Huila,2018-01-31,0.3114151167620773,19.24963588523832
Huila,2018-02-01,7.964864383896009,18.98231070434506
Huila,2018-02-02,0.2066472226379923,19.27013162465714
Huila,2018-02-03,4.837281887129599,18.75034511120876
Huila,2018-02-04,1.1779399916340534,18.884044003882128
Huila,2018-02-05,0.1837930631770964,19.310249732067064
Huila,2018-02-06,7.642216575833846,18.97471901335389
Huila,2018-02-07,0.4062216638659918,19.19737515687003
Huila,2018-02-08,0.0,19.25194621562754
Huila,2018-02-09,0.1117014654277258,19.29154491066327
Huila,2018-02-10,0.0,19.27216621679831
Huila,2018-02-11,0.0,18.777504130676306
Huila,2018-02-12,0.0,18.917689293182487
Huila,2018-02-13,0.0,18.80043799394864
Huila,2018-02-14,0.5754354918685118,18.508180007694467
Huila,2018-02-15,2.223136232256825,18.590950577835404
Huila,2018-02-16,2.0895336959489925,18.576419670430635
Huila,2018-02-17,0.0,18.78799566347248
Huila,2018-02-18,25.564403551610468,18.298069063391942
Huila,2018-02-19,13.57650532603159,18.19372068293261
Huila,2018-02-20,15.060024579390603,18.45764465739644
Huila,2018-02-21,1.1956958212439202,18.57510062160425
Huila,2018-02-22,7.035346632543411,18.297164925120704
Huila,2018-02-23,0.8852039598297009,18.160396178185284
Huila,2018-02-24,5.322774355158532,17.872328391956636
Huila,2018-02-25,0.0205972719948382,17.87829302269406
Huila,2018-02-26,0.5824058542815399,17.909640200785734
Huila,2018-02-27,0.0069159657148414,18.36749366702908
Huila,2018-02-28,0.2269795793016906,18.674665696555163
Huila,2018-03-01,0.4960995949432414,18.511279149045745
Huila,2018-03-02,14.50093688708599,18.022422219906616
Huila,2018-03-03,9.198524740654475,18.146236417695025
Huila,2018-03-04,0.0,18.28061330832853
Huila,2018-03-05,6.355252811470339,18.234508012903287
Huila,2018-03-06,1.229824874749876,18.268081074077383
Huila,2018-03-07,0.0,18.556752823785075
Huila,2018-03-08,2.420092571259691,18.62454125126558
Huila,2018-03-09,3.908199471022271,19.16658621680183
Huila,2018-03-10,0.0041771115036151,18.42125183766335
Huila,2018-03-11,0.0146111917178819,18.859894321483797
Huila,2018-03-12,0.0117076471023223,19.154870549264587
Huila,2018-03-13,0.0,19.450350854203844
Huila,2018-03-14,0.0,19.594498879666016
Huila,2018-03-15,2.5189487701076327,19.384782735873557
Huila,2018-03-16,4.645865054233957,19.18297805385637
Huila,2018-03-17,1.607116355873681,19.436429293795403
Huila,2018-03-18,0.9712513085983304,19.311923373162497
Huila,2018-03-19,6.149500403613898,19.140441239110498
Huila,2018-03-20,1.0440168685353932,18.92639413572034
Huila,2018-03-21,4.317277782120009,18.75629769603893
Huila,2018-03-22,1.5240218249200568,18.59363798023901
Huila,2018-03-23,9.538992096625288,18.724903323046064
Huila,2018-03-24,14.026601836335164,18.316167250886416
Huila,2018-03-25,0.2518326185452112,18.552461389802072
Huila,2018-03-26,0.9660701847390216,18.79190748554832
Huila,2018-03-27,4.370296628493985,18.665884522944868
Huila,2018-03-28,3.325682677405098,18.40875951850664
Huila,2018-03-29,5.8463183180621785,17.54800304340091
Huila,2018-03-30,6.289676405340456,18.10047407292264
Huila,2018-03-31,21.654918970144905,17.839288312580997
Huila,2018-04-01,7.661058949254272,17.72486050741193
Huila,2018-04-02,12.044692087323284,17.543657094581
Huila,2018-04-03,9.08633443133094,17.52204506091989
Huila,2018-04-04,25.628936458549177,17.453936600948296
Huila,2018-04-05,9.95261037481888,17.610134580385136
Huila,2018-04-06,3.377657840554829,16.93091388602152
Huila,2018-04-07,3.541402261746314,17.084997016284458
Huila,2018-04-08,5.131502105503651,17.7272341778826
Huila,2018-04-09,5.603080773445481,17.962110890514943
Huila,2018-04-10,12.902439736089992,17.392206437284983
Huila,2018-04-11,8.171018522420736,17.37112196382994
Huila,2018-04-12,4.8680756266526615,17.414415498202604
Huila,2018-04-13,0.8723204487452835,17.43515879544607
Huila,2018-04-14,27.142357501471835,16.453650237262366
Huila,2018-04-15,0.0,17.3483477552083
Huila,2018-04-16,0.191741518913953,17.88908867903246
Huila,2018-04-17,1.2158509182791657,17.54837993728392
Huila,2018-04-18,5.439865418021565,17.728582766855364
Huila,2018-04-19,0.2596088967561,17.29129626051014
Huila,2018-04-20,7.9050557825168655,16.809760687853903
Huila,2018-04-21,0.0,17.380944289469188
Huila,2018-04-22,0.012563406327582,17.89518827588564
Huila,2018-04-23,0.928372332522884,17.88646994279902
Huila,2018-04-24,0.4135390321971831,18.169767834679096
Huila,2018-04-25,1.9954179792375135,18.020864871940017
Huila,2018-04-26,10.727108369684508,17.76104004945971
Huila,2018-04-27,0.1845250846862839,17.640274538830656
Huila,2018-04-28,0.9143963812671576,17.705626951872834
Huila,2018-04-29,20.12432188142957,16.6735624410557
Huila,2018-04-30,0.8700399042332038,16.94094282478374
Huila,2018-05-01,0.0546669546739124,17.597168844271675
Huila,2018-05-02,0.8341584778128837,17.863615000495102
Huila,2018-05-03,0.2279291780539104,18.06166283323365
Huila,2018-05-04,31.13900256292439,18.183182728744075
Huila,2018-05-05,5.802919776931415,17.865124013440685
Huila,2018-05-06,6.021647668955493,17.75310902858277
Huila,2018-05-07,2.347202723093297,17.64569802090019
Huila,2018-05-08,1.495505983613087,17.392890953392126
Huila,2018-05-09,2.161785341226873,17.161536281285787
Huila,2018-05-10,13.723924713544406,17.355120442956412
Huila,2018-05-11,0.968758231635408,18.030766210378125
Huila,2018-05-12,7.671227479962192,18.14365019505907
Huila,2018-05-13,7.730747418982478,17.69697194611015
Huila,2018-05-14,4.575147263776668,17.785555866645375
Huila,2018-05-15,1.1360919105376568,17.487950667660378
Huila,2018-05-16,17.08213999794321,18.00425734571209
Huila,2018-05-17,1.1136904808839596,17.55204102771585
Huila,2018-05-18,2.593905220672013,17.619505526130823
Huila,2018-05-19,2.726275236723805,17.74287393229526
Huila,2018-05-20,6.444860233862292,17.462945465560612
Huila,2018-05-21,3.569589876324157,17.577621233279913
Huila,2018-05-22,0.3208814214819966,17.748619725357592
Huila,2018-05-23,7.491156822773974,16.648474497444703
Huila,2018-05-24,0.526889765647269,17.336156585510743
Huila,2018-05-25,0.0,17.375980297208
Huila,2018-05-26,1.0666934564636128,17.226126668281967
Huila,2018-05-27,0.0,17.501671787138836
Huila,2018-05-28,0.988817910061523,17.118331698810923
Huila,2018-05-29,0.0,17.713750565037497
Huila,2018-05-30,7.99526129930435,17.949288694482046
Huila,2018-05-31,1.5413096326951634,18.1810578014024
Huila,2018-06-01,20.46367672828702,17.44082244573187
Huila,2018-06-02,0.0812675078724553,17.821238828100878
Huila,2018-06-03,16.637960193656664,17.63926817503023
Huila,2018-06-04,11.64423615672015,17.57837143898586
Huila,2018-06-05,0.116672148556327,16.880709663706018
Huila,2018-06-06,0.4188807011967547,17.521932169231434
Huila,2018-06-07,0.0,17.619111783191865
Huila,2018-06-08,4.043470972354121,17.369772300420863
Huila,2018-06-09,0.0,17.46370762933257
Huila,2018-06-10,3.812856648167686,17.630576782714787
Huila,2018-06-11,5.959120399479507,17.22087942955499
Huila,2018-06-12,2.153617938093838,17.789238056521697
Huila,2018-06-13,8.138167099964427,17.31552074145866
Huila,2018-06-14,0.2776897526516045,16.615769321686315
Huila,2018-06-15,0.0230017992770909,17.09396282950519
Huila,2018-06-16,0.0087846875245252,16.898217339642194
Huila,2018-06-17,0.0049932790716882,15.983275980701688
Huila,2018-06-18,0.0,16.13456789367341
Huila,2018-06-19,0.009195271233658,15.938151302931317
Huila,2018-06-20,0.0,15.996640048434186
Huila,2018-06-21,0.0,16.374191115638205
Huila,2018-06-22,0.0,16.969086002454866
Huila,2018-06-23,0.138712661975801,17.08216215597642
Huila,2018-06-24,10.383317402204382,17.0486740697492
Huila,2018-06-25,1.020229880898754,17.15518416243008
Huila,2018-06-26,2.7059162338261564,17.275203063000188
Huila,2018-06-27,0.0,17.25062167292932
Huila,2018-06-28,6.5713413864762416,16.70777498960809
Huila,2018-06-29,1.1988328776117223,16.994388136526332
Huila,2018-06-30,3.964355710492007,16.506832095897426
Huila,2018-07-01,2.307848295232105,16.976791917565095
Huila,2018-07-02,0.0,17.657907335984003
Huila,2018-07-03,6.762371065277177,17.12433555198426
Huila,2018-07-04,2.9583725239596466,16.528648891734584
Huila,2018-07-05,1.8068024107350575,16.58086884531718
Huila,2018-07-06,0.0,16.944435710021885
Huila,2018-07-07,0.0,16.904589237755765
Huila,2018-07-08,0.645099732127183,17.514185393232097
Huila,2018-07-09,3.5425158066340674,16.695267061087137
Huila,2018-07-10,0.8172037011396618,16.598259875298034
Huila,2018-07-11,0.0357631350729558,16.227535597066666
Huila,2018-07-12,0.0,16.670813349386382
Huila,2018-07-13,0.4270599610587263,16.789271424952307
Huila,2018-07-14,0.0,17.159968977513056
Huila,2018-07-15,0.0070737517566598,16.92658540233143
Huila,2018-07-16,0.0,16.82668302696808
Huila,2018-07-17,0.0069851685840209,17.169805080054196
Huila,2018-07-18,0.692120652980696,17.45960379691746
Huila,2018-07-19,0.0155745165555544,17.69677114022807
Huila,2018-07-20,0.2070507144128772,17.821530632890724
Huila,2018-07-21,2.277776898077559,17.973396001795567
Huila,2018-07-22,17.071259396021752,17.20761469123563
Huila,2018-07-23,0.0164154498342382,17.54123673165019
Huila,2018-07-24,1.3791225954658652,16.641993374423762
Huila,2018-07-25,0.0,16.813725820780256
Huila,2018-07-26,1.5875427124133832,16.912966175264614
Huila,2018-07-27,1.715639987810548,16.373168244233245
Huila,2018-07-28,0.0,16.656453400193808
Huila,2018-07-29,0.0,17.26138210131931
Huila,2018-07-30,1.3251239465271394,17.02818343472256
Huila,2018-07-31,21.219792885850048,16.69678099077471
Huila,2018-08-01,0.5339844478423413,17.229787035721714
Huila,2018-08-02,0.9181583105260008,17.691970196119065
Huila,2018-08-03,2.7391733086638563,17.422993230810842
Huila,2018-08-04,8.766497435026777,17.067978244860605
Huila,2018-08-05,2.963369682837713,16.753648815473813
Huila,2018-08-06,0.1465608474558622,16.9398156204093
Huila,2018-08-07,5.375735468560878,16.79173954620872
Huila,2018-08-08,0.0010613169510008,17.456618843742977
Huila,2018-08-09,0.4109786500606291,17.12651264527747
Huila,2018-08-10,0.0,17.178680854933745
Huila,2018-08-11,0.0,16.66706596812614
Huila,2018-08-12,4.165646330841611,16.377109669453187
Huila,2018-08-13,0.0,17.291768618078923
Huila,2018-08-14,0.4194825038818949,17.806662783943
Huila,2018-08-15,0.0736358455305175,18.07640553517264
Huila,2018-08-16,1.859866789241608,17.664856057464203
Huila,2018-08-17,10.322840010979805,16.90302581993286
Huila,2018-08-18,2.2456287887115804,17.213984642701096
Huila,2018-08-19,2.4631795274927875,17.63443450913521
Huila,2018-08-20,3.9907279492639542,17.82385456600012
Huila,2018-08-21,0.0573027958708988,17.183749824636617
Huila,2018-08-22,0.2418055725243792,16.91836922412481
Huila,2018-08-23,0.0,17.345179527557498
Huila,2018-08-24,3.139947296469708,17.965995750767746
Huila,2018-08-25,0.0,17.63200637213242
Huila,2018-08-26,2.0120500895054225,17.814648035989553
Huila,2018-08-27,5.101557113717744,16.62733609501146
Huila,2018-08-28,0.0,17.21023673166788
Huila,2018-08-29,0.0,17.311648588095075
Huila,2018-08-30,0.0,18.033056510348228
Huila,2018-08-31,0.3011858870127262,18.227868839401463
Huila,2018-09-01,0.0,18.46918861209215
Huila,2018-09-02,1.923157720119011,18.316920329760663
Huila,2018-09-03,3.112902640085682,18.53066121133157
Huila,2018-09-04,5.348405006912871,17.480509805956814
Huila,2018-09-05,0.0,17.18582241745364
Huila,2018-09-06,0.0,17.615732708420897
Huila,2018-09-07,0.036107752295269,17.837696745695315
Huila,2018-09-08,0.1152949167047985,17.996860384624668
Huila,2018-09-09,0.1739438206518339,17.86951046586004
Huila,2018-09-10,0.0095838693119572,18.38711027252941
Huila,2018-09-11,1.3810099566067295,18.316440092781463
Huila,2018-09-12,0.0211705980416961,18.886945863469307
Huila,2018-09-13,1.4514796006171968,19.10167376709084
Huila,2018-09-14,23.881121753916357,17.65284903370434
Huila,2018-09-15,3.8557568536340407,17.28785378131711
Huila,2018-09-16,2.621830911142896,17.45910133893764
Huila,2018-09-17,0.4921450740559486,17.882532840878955
Huila,2018-09-18,9.457725248629012,18.55824438676766
Huila,2018-09-19,0.0176335782294649,18.1138088169522
Huila,2018-09-20,0.2580493224613693,18.340271373874497
Huila,2018-09-21,2.33283286052298,17.84559749754863
Huila,2018-09-22,0.5083052242261227,18.078741088016933
Huila,2018-09-23,0.0,17.977774117468968
Huila,2018-09-24,0.0039935752116388,18.04896500260373
Huila,2018-09-25,0.0117839771210281,17.836644761856782
Huila,2018-09-26,0.0627060320239556,18.201659173162312
Huila,2018-09-27,0.3608106592816479,18.67679767517407
Huila,2018-09-28,1.4492591855083772,18.962777263961083
Huila,2018-09-29,1.3022039737069089,19.615066403146518
Huila,2018-09-30,6.148378942350246,19.71911232636223
Huila,2018-10-01,6.679503428776776,19.735455743872212
Huila,2018-10-02,7.095536922161129,19.60766516536566
Huila,2018-10-03,1.8235450718993105,18.980921019594664
Huila,2018-10-04,7.082138099543878,18.54563175388714
Huila,2018-10-05,2.3940846735037304,17.880568996793716
Huila,2018-10-06,3.083757790933724,17.602411732524867
Huila,2018-10-07,0.8273554399003601,17.631933073322053
Huila,2018-10-08,5.690659481925531,18.08140622763211
Huila,2018-10-09,4.097758134404857,18.10964397063022
Huila,2018-10-10,15.269853650791864,18.02250397588921
Huila,2018-10-11,50.5258964437334,17.22100937331385
Huila,2018-10-12,1.7993692311812344,17.560242967577373
Huila,2018-10-13,8.849759701806097,17.55669540335288
Huila,2018-10-14,2.148093487477502,17.578261819701147
Huila,2018-10-15,6.019169650894676,17.90892267677639
Huila,2018-10-16,3.692801432197186,18.347707204887293
Huila,2018-10-17,0.9008838771536846,18.430027473757686
Huila,2018-10-18,5.178910815635289,18.101986030170565
Huila,2018-10-19,6.439004049860142,18.253657074371198
Huila,2018-10-20,13.975287247430254,18.458912618973283
Huila,2018-10-21,3.660304970958806,18.084871453254063
Huila,2018-10-22,0.816405025750454,18.26547707957805
Huila,2018-10-23,11.862104475691147,18.223813069754705
Huila,2018-10-24,2.521996712662119,18.43242893213072
Huila,2018-10-25,6.955101310777415,18.44872624217036
Huila,2018-10-26,0.7907758055781089,18.480118917346093
Huila,2018-10-27,19.311114207964124,18.572073684167574
Huila,2018-10-28,0.107000524999368,18.552942925955406
Huila,2018-10-29,4.165420282744537,18.512945563181344
Huila,2018-10-30,0.5638123773633434,18.4004865533204
Huila,2018-10-31,0.1473315508746218,18.38863379386092
Huila,2018-11-01,4.178404641468906,18.32649769513359
Huila,2018-11-02,0.1048569531327481,17.94466590825265
Huila,2018-11-03,3.1128372330571903,18.6265442450728
Huila,2018-11-04,6.200477521990091,18.53478858497335
Huila,2018-11-05,16.17625936062334,18.3267179587286
Huila,2018-11-06,4.212883339842642,17.987167584273806
Huila,2018-11-07,8.171920880701784,18.45741147437893
Huila,2018-11-08,2.5701358314208216,18.59495288681964
Huila,2018-11-09,10.504133246789808,18.38966212335349
Huila,2018-11-10,6.972493441785677,18.33386389320863
Huila,2018-11-11,7.595281241717799,18.90890297220733
Huila,2018-11-12,3.417354072123937,19.25476564189842
Huila,2018-11-13,3.1613478406476734,19.47330881553125
Huila,2018-11-14,3.497328265085663,19.360745714185345
Huila,2018-11-15,4.4137858688576825,19.309993432652416
Huila,2018-11-16,8.890335059879781,19.213729365981724
Huila,2018-11-17,3.415612668007685,19.383271590367528
Huila,2018-11-18,4.50325668433245,19.17562207124053
Huila,2018-11-19,17.1421683810823,18.976624304154576
Huila,2018-11-20,10.688327631591928,18.79070110213221
Huila,2018-11-21,7.898080872778259,18.46792814309229
Huila,2018-11-22,6.410819559433575,18.92278367488644
Huila,2018-11-23,3.23727843648884,18.74696574518706
Huila,2018-11-24,7.532938828842643,19.249194351823206
Huila,2018-11-25,4.826140843044319,18.806586490392625
Huila,2018-11-26,10.39449381768127,18.686306304506694
Huila,2018-11-27,15.03254981990857,18.294709694137985
Huila,2018-11-28,10.5387979638905,17.826771755273445
Huila,2018-11-29,4.081562703283565,18.500275921466663
Huila,2018-11-30,11.206670475594048,18.48828856712356
Huila,2018-12-01,17.270635718763952,18.23953118400215
Huila,2018-12-02,5.875273404548279,18.25323017466597
Huila,2018-12-03,1.3221390710967738,18.51628580997272
Huila,2018-12-04,1.2414265941715017,18.571261469507338
Huila,2018-12-05,9.18954123553827,18.178996905655328
Huila,2018-12-06,3.3721394660431527,17.931371433960923
Huila,2018-12-07,0.0904521733359041,18.212136292957737
Huila,2018-12-08,0.2147604138033083,17.86819715163958
Huila,2018-12-09,0.0,18.25491540796685
Huila,2018-12-10,0.0,18.43091214673256
Huila,2018-12-11,0.0821792823145386,18.24022827555261
Huila,2018-12-12,0.0,18.358756174905643
Huila,2018-12-13,0.7243547352121116,17.962754885367506
Huila,2018-12-14,1.838698551761033,17.583368159431576
Huila,2018-12-15,0.0,17.95041218325714
Huila,2018-12-16,0.0,17.65856679224517
Huila,2018-12-17,0.8216318125344482,17.858665099057827
Huila,2018-12-18,0.2383511098651478,18.31674904719923
Huila,2018-12-19,0.6988538833773276,18.2822746719064
Huila,2018-12-20,0.0002809443448525604,18.56665778938879
Huila,2018-12-21,8.351106877327567,18.58829456241744
Huila,2018-12-22,2.5934247490296367,18.70310342350324
Huila,2018-12-23,0.2456757945281567,17.839669635339312
Huila,2018-12-24,2.135708432877966,18.435266891924694
Huila,2018-12-25,0.12644626111455,18.599131818080483
Huila,2018-12-26,0.0213183035532399,18.215838989507784
Huila,2018-12-27,3.670855860836429,18.354728480659773
Huila,2018-12-28,1.3481424346601345,18.279873066051596
Huila,2018-12-29,0.0,18.30731625107967
Huila,2018-12-30,0.0584804309213738,18.50662708552238
Huila,2018-12-31,0.0,18.26072380682233
Huila,2019-01-01,0.0,18.081236647745968
Huila,2019-01-02,0.0,18.402753903373068
Huila,2019-01-03,0.0455840129226862,18.30328930068042
Huila,2019-01-04,0.0196045041002867,18.94862272532697
Huila,2019-01-05,0.0,19.02769457519729
Huila,2019-01-06,0.2441531186823987,19.119390419886216
Huila,2019-01-07,11.963484249558723,18.84476878263031
Huila,2019-01-08,17.033905005547204,18.06780669502313
Huila,2019-01-09,1.9932186715001967,18.298304726977744
Huila,2019-01-10,2.305163712184365,17.3753538206482
Huila,2019-01-11,1.1976028629661437,17.572179864963744
Huila,2019-01-12,1.2209626654422687,17.575957209975428
Huila,2019-01-13,0.0527174092788561,17.44706726191924
Huila,2019-01-14,1.5916571575410206,17.677147514455644
Huila,2019-01-15,0.0,18.17213314521913
Huila,2019-01-16,0.0577284321411509,18.252290306005246
Huila,2019-01-17,0.0,18.305406060323214
Huila,2019-01-18,0.0,18.298478575302457
Huila,2019-01-19,0.0645827767432245,18.381998664652357
Huila,2019-01-20,0.0,18.126325873936047
Huila,2019-01-21,0.0,18.7899959831367
Huila,2019-01-22,0.0,18.622082385217865
Huila,2019-01-23,1.2175900273339184,18.62903411802676
Huila,2019-01-24,0.4924717548599829,18.663420729056494
Huila,2019-01-25,0.0212636434683051,19.0531208515928
Huila,2019-01-26,0.0,19.45517606513853
Huila,2019-01-27,0.0396736929143943,19.378027697903644
Huila,2019-01-28,17.071331376107477,19.18581261623869
Huila,2019-01-29,48.39893920123204,18.419194498698268
Huila,2019-01-30,0.396386988273969,19.41333294283305
Huila,2019-01-31,0.0,19.27141361907629
Huila,2019-02-01,27.964388321085966,18.505054429119006
Huila,2019-02-02,0.0,18.63271200881484
Huila,2019-02-03,0.0814922879476303,18.7587315929257
Huila,2019-02-04,0.1785431973681597,18.66311892631726
Huila,2019-02-05,0.2377170583678746,18.514561290685315
Huila,2019-02-06,1.4505358553667105,18.14574732102988
Huila,2019-02-07,0.0105614816914293,18.8665368645519
Huila,2019-02-08,4.8487672869535885,18.85364662383382
Huila,2019-02-09,1.971505402146544,18.754452216699057
Huila,2019-02-10,0.0,18.913808503093406
Huila,2019-02-11,0.0,19.56630819127582
Huila,2019-02-12,0.0,19.329389469127563
Huila,2019-02-13,0.0,19.474428056327262
Huila,2019-02-14,1.0480404709040123,19.41029541538726
Huila,2019-02-15,0.0616144095738136,19.892058057007592
Huila,2019-02-16,2.2260561981451312,19.601862721153783
Huila,2019-02-17,1.23419404082381,19.41422451703615
Huila,2019-02-18,0.1809942672688666,19.258574670360087
Huila,2019-02-19,5.168631697000401,19.27382565758424
Huila,2019-02-20,0.6066879129277538,18.861356753034748
Huila,2019-02-21,6.702938713757146,18.94597193547788
Huila,2019-02-22,0.2056504544016607,19.171179277288523
Huila,2019-02-23,0.7078540627827296,19.35035031431177
Huila,2019-02-24,8.751120401251066,19.32087727097398
Huila,2019-02-25,12.850819098058116,19.353015082062875
Huila,2019-02-26,4.103826671108267,19.20593893523498
Huila,2019-02-27,3.448475544829802,19.21162470691001
Huila,2019-02-28,0.0,19.443683324003683
Huila,2019-03-01,0.0132472031035956,19.34518495969555
Huila,2019-03-02,7.753643699568316,18.04160768858424
Huila,2019-03-03,0.6340325920622504,18.010890595140975
Huila,2019-03-04,1.1758762732404924,18.82581186089374
Huila,2019-03-05,6.554698651269305,18.845992279574133
Huila,2019-03-06,7.85371731322737,19.00041952020025
Huila,2019-03-07,7.220122875546431,18.702189867532717
Huila,2019-03-08,4.209249372955145,18.98901841975952
Huila,2019-03-09,0.0103771719717404,18.73934596019189
Huila,2019-03-10,0.2814244620082985,18.518894517212157
Huila,2019-03-11,0.1588167834667507,18.766075681026148
Huila,2019-03-12,2.332864185136901,18.60572053565248
Huila,2019-03-13,1.713822370146984,18.895425597870634
Huila,2019-03-14,2.3074577332120727,18.527534819197346
Huila,2019-03-15,20.61263407891759,17.994687453404655
Huila,2019-03-16,0.0,18.714813039945238
Huila,2019-03-17,8.720166559083317,19.19618981906393
Huila,2019-03-18,0.8661001308032965,19.01981693381656
Huila,2019-03-19,1.4761661833186248,18.38242668046325
Huila,2019-03-20,6.3250791516288425,18.001387361293204
Huila,2019-03-21,1.7070630998821767,18.58638495609781
Huila,2019-03-22,17.24912939747046,17.857589123371575
Huila,2019-03-23,10.054169602540837,17.897260657156863
Huila,2019-03-24,2.4310691702836085,18.463528637079254
Huila,2019-03-25,0.8067509678020711,18.7640346133552
Huila,2019-03-26,2.1434643693649447,18.912634288624137
Huila,2019-03-27,0.3280613505854676,19.21383497742894
Huila,2019-03-28,20.913461750888768,19.09954538905604
Huila,2019-03-29,1.833716802807865,18.679448222077266
Huila,2019-03-30,8.484441384778883,18.42203697789464
Huila,2019-03-31,4.32820666966823,19.000698806106445
Huila,2019-04-01,0.9828583502183098,19.00259012820789
Huila,2019-04-02,17.416636786096767,18.35791613414948
Huila,2019-04-03,0.6520689588825285,18.435459554201127
Huila,2019-04-04,4.343523483072009,18.721558057412985
Huila,2019-04-05,26.30831090276419,18.302565877086256
Huila,2019-04-06,19.27081481144118,18.755398232156185
Huila,2019-04-07,0.957183138439212,18.463668554733857
Huila,2019-04-08,1.6551702344317265,17.925866817314738
Huila,2019-04-09,0.00021647062319251183,18.66420373684586
Huila,2019-04-10,7.36010112255286,18.915631262901773
Huila,2019-04-11,5.245090505583486,18.64749794039528
Huila,2019-04-12,2.732947748338112,18.83080330805821
Huila,2019-04-13,3.046414637619282,18.947103836951587
Huila,2019-04-14,0.4868839260613835,19.49299343178885
Huila,2019-04-15,21.0257944404513,17.84904647332333
Huila,2019-04-16,2.0037170420671715,18.428776655370783
Huila,2019-04-17,0.8954393163917876,19.011414660140844
Huila,2019-04-18,2.423804524844446,18.777147086829725
Huila,2019-04-19,6.082024959666826,18.39508724573257
Huila,2019-04-20,0.7410081259429228,18.66086178291601
Huila,2019-04-21,5.918319491987474,18.07179103450112
Huila,2019-04-22,7.863559019894747,18.03318408831697
Huila,2019-04-23,4.890479044628608,18.280501510153467
Huila,2019-04-24,14.24481504161191,17.51226654639663
Huila,2019-04-25,7.370046252143628,18.347086822948366
Huila,2019-04-26,0.1073298521517827,18.59917207411285
Huila,2019-04-27,4.473190450843077,18.64117707573634
Huila,2019-04-28,2.297810086531593,18.500846556644024
Huila,2019-04-29,2.563878098938373,18.21885837689935
Huila,2019-04-30,0.5074466619502287,18.518055914225048
Huila,2019-05-01,0.0074801685081243,18.418386608285825
Huila,2019-05-02,2.7935928882526704,18.731297373751463
Huila,2019-05-03,1.1148651898165338,18.07886851901745
Huila,2019-05-04,7.388947450209317,19.07730079345649
Huila,2019-05-05,1.960551416623083,18.864236290311556
Huila,2019-05-06,3.154881974130836,18.55375579405364
Huila,2019-05-07,3.0658193011161865,18.347044140261097
Huila,2019-05-08,0.4131869840293149,17.729927369437497
Huila,2019-05-09,0.5693197910236726,17.31704684032357
Huila,2019-05-10,0.3008968060311636,18.405386274793248
Huila,2019-05-11,0.8018876998679746,18.74291818269665
Huila,2019-05-12,7.883072291697178,18.38270994699352
Huila,2019-05-13,18.01976705416648,18.29171400876525
Huila,2019-05-14,14.90724732033839,17.45140599649737
Huila,2019-05-15,0.1712726427489203,16.929059326168105
Huila,2019-05-16,0.0916020851134801,17.61290523566738
Huila,2019-05-17,0.0,18.046051531220577
Huila,2019-05-18,0.0,18.462833481354792
Huila,2019-05-19,14.36269617312069,17.44472129767118
Huila,2019-05-20,9.18226579314062,17.60379769294707
Huila,2019-05-21,3.243858375293922,18.1398814039872
Huila,2019-05-22,0.107409159708728,18.213886789092587
Huila,2019-05-23,10.641417259151046,18.206064412201428
Huila,2019-05-24,2.762135496078413,18.23213533005457
Huila,2019-05-25,0.9933098365705578,18.014317950506104
Huila,2019-05-26,24.513820266711765,18.12805544279384
Huila,2019-05-27,2.731112433171168,18.746819994658043
Huila,2019-05-28,2.55344755252186,18.34937557965296
Huila,2019-05-29,12.819619448228543,18.144115371405544
Huila,2019-05-30,6.143693270004362,18.165381112416405
Huila,2019-05-31,29.885208582491703,18.005949091314452
Huila,2019-06-01,11.490325679328532,17.972161846591845
Huila,2019-06-02,3.0797563698645365,18.224613999022004
Huila,2019-06-03,24.52921673889776,17.860686124342052
Huila,2019-06-04,0.0,17.870792851259786
Huila,2019-06-05,0.0041104271392765,17.866866158610687
Huila,2019-06-06,0.1950817832255982,17.35499377401061
Huila,2019-06-07,0.9738763768031587,17.999725134350857
Huila,2019-06-08,0.0,17.62322221033862
Huila,2019-06-09,0.419881532459733,17.469468178466414
Huila,2019-06-10,0.2226562842226407,17.111463832268722
Huila,2019-06-11,4.353447106541863,16.905074897986218
Huila,2019-06-12,4.257541269138118,17.381526582259017
Huila,2019-06-13,4.573996298095972,18.05069130841856
Huila,2019-06-14,10.63956570803761,18.224296471587365
Huila,2019-06-15,2.366105740843877,18.295805358041537
Huila,2019-06-16,2.9571732943266653,17.469803126912765
Huila,2019-06-17,0.0377415881829904,16.615587050551763
Huila,2019-06-18,0.0,16.98319744044468
Huila,2019-06-19,11.635476603012023,17.204563445067
Huila,2019-06-20,5.1126195775253365,16.8565381572912
Huila,2019-06-21,4.0035476476555365,16.733409678253476
Huila,2019-06-22,0.5101998029428458,16.964478964026657
Huila,2019-06-23,0.0,17.141966178541608
Huila,2019-06-24,0.1031059766955499,17.238797839477733
Huila,2019-06-25,0.1002282877310101,17.986946786758594
Huila,2019-06-26,0.0,18.05195800273481
Huila,2019-06-27,2.9455362655511705,18.356276892395314
Huila,2019-06-28,0.752421338978858,17.66950366651826
Huila,2019-06-29,0.1674109493327233,17.84338115429013
Huila,2019-06-30,0.9644510260544248,17.731821092283834
Huila,2019-07-01,5.364296047020202,17.259571056038585
Huila,2019-07-02,0.6089190280918004,17.723263299291194
Huila,2019-07-03,0.1006046948148952,18.163741739611226
Huila,2019-07-04,0.8365694063148825,18.38968921034248
Huila,2019-07-05,7.195768016589055,17.688422262005343
Huila,2019-07-06,0.0836753288148193,17.509065547707046
Huila,2019-07-07,3.481927043525547,16.993301786681993
Huila,2019-07-08,5.749116942669444,16.787110826624627
Huila,2019-07-09,0.0,16.757910444522683
Huila,2019-07-10,0.0,16.83496703606273
Huila,2019-07-11,0.0249583558558033,17.28876722021856
Huila,2019-07-12,0.0,17.683799171728197
Huila,2019-07-13,0.0,17.24306191070382
Huila,2019-07-14,3.8408911725575066,17.415416929027757
Huila,2019-07-15,6.495105180496182,17.58908547872651
Huila,2019-07-16,2.7573247704725508,16.56875725172444
Huila,2019-07-17,1.970972382100686,17.153533802552676
Huila,2019-07-18,0.0,17.227129609985088
Huila,2019-07-19,0.7228217202877325,17.089756838508322
Huila,2019-07-20,1.1978909942354448,17.144880546861657
Huila,2019-07-21,0.4227658866318723,17.586774539570342
Huila,2019-07-22,1.076403845970176,17.413185635333107
Huila,2019-07-23,8.87247269072216,17.35326838736948
Huila,2019-07-24,0.0268045342231705,17.51385190806986
Huila,2019-07-25,11.549628723266045,17.071630046866872
Huila,2019-07-26,1.767572233922466,16.299366299182005
Huila,2019-07-27,6.151196861198276,16.965134857462782
Huila,2019-07-28,2.919243097703205,16.69048037574318
Huila,2019-07-29,0.0,17.351782584349877
Huila,2019-07-30,0.0,17.35550505818292
Huila,2019-07-31,0.0,17.20214681096703
Huila,2019-08-01,0.0,17.760107380584884
Huila,2019-08-02,0.1180466650676061,17.757046059842747
Huila,2019-08-03,0.2273063315175915,17.578992174422748
Huila,2019-08-04,8.078530045357878,17.198859351098676
Huila,2019-08-05,0.2472463266320674,16.72458182407163
Huila,2019-08-06,0.0,16.512542706985855
Huila,2019-08-07,0.0,17.56942721173331
Huila,2019-08-08,0.0,17.505094776902848
Huila,2019-08-09,4.467776412800913,17.666762149895586
Huila,2019-08-10,1.6126712072512364,17.58759543349432
Huila,2019-08-11,2.4009684304107344,16.903317034558828
Huila,2019-08-12,0.0,17.425668810860085
Huila,2019-08-13,0.0,17.317770955351843
Huila,2019-08-14,2.0923159399202027,16.729426894600984
Huila,2019-08-15,0.0240285190217709,16.702679742880814
Huila,2019-08-16,0.0,16.77773680283986
Huila,2019-08-17,0.0,17.293346489781968
Huila,2019-08-18,0.7166956956441329,17.847335485266584
Huila,2019-08-19,0.565041153848286,17.847524023860828
Huila,2019-08-20,0.8376639763046445,17.477969028110916
Huila,2019-08-21,2.290754003062759,17.370348796199536
Huila,2019-08-22,0.2272490509282607,17.302496611865397
Huila,2019-08-23,0.0080494024317277,17.174863382807825
Huila,2019-08-24,0.2203605612925942,17.137582314675324
Huila,2019-08-25,0.00958114561854,17.587613998101578
Huila,2019-08-26,3.229983217266445,17.570465812494334
Huila,2019-08-27,0.0347445186429411,17.654454581612296
Huila,2019-08-28,7.968744870483838,17.05042199952831
Huila,2019-08-29,4.567946771587249,17.60644220111758
Huila,2019-08-30,0.0,17.95840788087233
Huila,2019-08-31,0.3701349928114958,17.99103184436354
Huila,2019-09-01,0.0,18.44084740399169
Huila,2019-09-02,0.2373617435960019,18.356913034339943
Huila,2019-09-03,0.0,18.72273964742969
Huila,2019-09-04,1.4239272072236615,18.11551337916641
Huila,2019-09-05,0.1354396544576669,18.434828289067003
Huila,2019-09-06,0.3193362249068846,18.2712584157352
Huila,2019-09-07,0.0,18.227638602266182
Huila,2019-09-08,0.0,18.666888307829492
Huila,2019-09-09,1.3786871228280475,18.48441145424276
Huila,2019-09-10,0.3585449413661025,18.90346061615072
Huila,2019-09-11,3.317682845397753,19.095609978870623
Huila,2019-09-12,5.975877204134127,18.97396597863729
Huila,2019-09-13,1.1318262059803377,18.6293497820334
Huila,2019-09-14,4.366872979092924,18.31377106046249
Huila,2019-09-15,0.1183931134426244,18.629047360850475
Huila,2019-09-16,0.3315604234068724,19.458961081135065
Huila,2019-09-17,0.560718257836548,19.620681458402714
Huila,2019-09-18,6.103401498334039,19.69038438552317
Huila,2019-09-19,7.229695060617622,19.38078148260409
Huila,2019-09-20,23.5633684029376,18.962129722082256
Huila,2019-09-21,0.8694558148501034,18.7652774020062
Huila,2019-09-22,0.4930684971957081,19.081143574259396
Huila,2019-09-23,2.52561696453611,18.90690341108261
Huila,2019-09-24,1.317516341335779,19.202174966704774
Huila,2019-09-25,0.1805288871088762,18.9934750647098
Huila,2019-09-26,0.0185089757010004,19.04406670337758
Huila,2019-09-27,6.205647456112906,18.87759633891044
Huila,2019-09-28,0.0452027075520261,19.381889954074637
Huila,2019-09-29,8.625035259663928,19.08378928495491
Huila,2019-09-30,1.331076074690586,19.52609837239315
Huila,2019-10-01,5.2113643349491126,19.243498474016544
Huila,2019-10-02,7.768586315628868,18.61282871627328
Huila,2019-10-03,11.705459612800794,17.571749692815274
Huila,2019-10-04,0.0511786101009143,18.298980537200208
Huila,2019-10-05,1.0909591066203006,19.15608340544567
Huila,2019-10-06,4.739238705531619,19.254688663233487
Huila,2019-10-07,1.5275218722640045,19.16604528852708
Huila,2019-10-08,20.60639545015516,18.51560504927789
Huila,2019-10-09,0.0473809711252209,18.545879496083707
Huila,2019-10-10,0.4266830827366699,18.48504799901707
Huila,2019-10-11,0.4199160487738589,18.426347869551115
Huila,2019-10-12,0.6632128501547173,18.68040610463883
Huila,2019-10-13,1.6872715891855825,18.38521458474778
Huila,2019-10-14,0.2844208017110298,18.74285482452556
Huila,2019-10-15,1.046870623404586,18.738044411094734
Huila,2019-10-16,1.5364207481431846,18.467403839649176
Huila,2019-10-17,0.0356158062200312,18.31787566362165
Huila,2019-10-18,1.7247293860081512,18.41933736444692
Huila,2019-10-19,14.612248988008568,17.746503726940077
Huila,2019-10-20,8.947658361715355,17.687253310271576
Huila,2019-10-21,1.408256253466006,18.464272411057568
Huila,2019-10-22,2.5819104372109485,18.549904066908464
Huila,2019-10-23,18.68484041996137,18.32903784620193
Huila,2019-10-24,11.061496171957764,18.334816569633865
Huila,2019-10-25,1.3709931910725133,18.15775078255716
Huila,2019-10-26,0.0016995252699912,18.68854982121306
Huila,2019-10-27,0.1712048682841611,18.38268575248684
Huila,2019-10-28,0.0913700527059619,18.79069300635734
Huila,2019-10-29,1.1259370510100013,18.890615383030624
Huila,2019-10-30,1.4289333908731692,18.62044383031617
Huila,2019-10-31,7.588192547572907,18.655832235622277
Huila,2019-11-01,0.757085691077028,18.72919517775088
Huila,2019-11-02,7.08108726717348,18.80086042492611
Huila,2019-11-03,8.490896335314153,18.56381715102814
Huila,2019-11-04,5.908216323669081,18.934569931820253
Huila,2019-11-05,1.101829996430222,18.915080274035443
Huila,2019-11-06,5.294884857360329,19.18395615507969
Huila,2019-11-07,4.683391878380325,19.27145835110384
Huila,2019-11-08,10.884783104295826,18.99047957733545
Huila,2019-11-09,4.145730540717735,18.001987323767743
Huila,2019-11-10,15.779669178023497,18.02278113128888
Huila,2019-11-11,5.826480851933471,17.927387672718694
Huila,2019-11-12,16.282084809558572,17.647406957878804
Huila,2019-11-13,22.08783162033046,17.511733347443794
Huila,2019-11-14,4.958119423268042,18.07849575932278
Huila,2019-11-15,2.6237172265074054,17.901114010787687
Huila,2019-11-16,26.06606136417997,17.57095574523154
Huila,2019-11-17,9.127114121981643,17.93752370347237
Huila,2019-11-18,12.463265440498882,18.01898546706467
Huila,2019-11-19,1.704128844690529,18.3009337692765
Huila,2019-11-20,14.972097607469642,17.889956256529747
Huila,2019-11-21,0.5185751194388104,18.09265850116357
Huila,2019-11-22,13.609983312848671,17.954902276263898
Huila,2019-11-23,4.7275899903757335,17.849074437856185
Huila,2019-11-24,7.546163820110093,18.16131546303468
Huila,2019-11-25,0.4389979620732227,18.663884889817115
Huila,2019-11-26,0.4085633160917569,18.672615260516665
Huila,2019-11-27,0.3635124839882723,18.97030174787952
Huila,2019-11-28,0.0842596669308694,19.13832133538965
Huila,2019-11-29,16.790985028209104,19.07464391886076
Huila,2019-11-30,9.98073347999816,19.128469991596116
Huila,2019-12-01,4.876507956367205,18.21785655845086
Huila,2019-12-02,2.514104193555189,18.40820611412353
Huila,2019-12-03,0.3164107208974244,18.306859726546534
Huila,2019-12-04,2.5667292124294567,18.574529511712704
Huila,2019-12-05,9.338661496286427,18.95676761030088
Huila,2019-12-06,3.04975695622536,18.771215869430986
Huila,2019-12-07,16.324653154437037,18.81458657714919
Huila,2019-12-08,4.6674698626711,18.5818296458366
Huila,2019-12-09,0.8396343629932891,18.727940570774223
Huila,2019-12-10,0.0834987929205899,19.142928406837328
Huila,2019-12-11,5.930575636744715,18.98458008967709
Huila,2019-12-12,8.051322443224675,18.775214883695696
Huila,2019-12-13,0.9281519582133648,18.42765836009298
Huila,2019-12-14,9.975718439628954,17.717722194743004
Huila,2019-12-15,22.85027000774674,17.868443848548605
Huila,2019-12-16,16.56465586577394,18.42209175582093
Huila,2019-12-17,2.5994093804627063,18.466512602829248
Huila,2019-12-18,0.9758770847641152,18.837820867441444
Huila,2019-12-19,0.507277870201446,18.798033599725613
Huila,2019-12-20,4.336159651466837,18.585648951530796
Huila,2019-12-21,1.4418499876143875,18.274149968546094
Huila,2019-12-22,0.0,18.424777773183948
Huila,2019-12-23,0.1802950335302563,18.86703301379767
Huila,2019-12-24,0.4147354581253233,18.94081869964088
Huila,2019-12-25,2.667429107507852,18.9243955211012
Huila,2019-12-26,0.3185118070691425,19.128683669188312
Huila,2019-12-27,0.8059871993476754,19.203017923720463
Huila,2019-12-28,0.9134510034460488,19.18719577675954
Huila,2019-12-29,1.331488809469967,19.597599837838835
Huila,2019-12-30,2.208394546340736,19.45179980559375
Huila,2019-12-31,28.90230237591932,19.013000433886027
Huila,2020-01-01,18.51385623126323,18.88963495259143
Huila,2020-01-02,7.084033167609811,19.30276685446423
Huila,2020-01-03,0.4964603462225813,19.14774416543386
Huila,2020-01-04,0.0,18.78623309532286
Huila,2020-01-05,0.0070002677693815,18.7207448508651
Huila,2020-01-06,0.0136128034711244,18.841243184216413
Huila,2020-01-07,0.002993184873853,18.81160356177553
Huila,2020-01-08,0.0,18.742907386868783
Huila,2020-01-09,0.0,18.59869879697537
Huila,2020-01-10,0.0,18.391893168888625
Huila,2020-01-11,0.0,18.408568970029627
Huila,2020-01-12,0.0,18.596096546307177
Huila,2020-01-13,0.0,18.78927782212008
Huila,2020-01-14,0.0071361107519265,18.73145622428314
Huila,2020-01-15,0.0,18.70918198015752
Huila,2020-01-16,0.0,18.80755114866107
Huila,2020-01-17,0.0,18.88596954660103
Huila,2020-01-18,0.0,19.213624407103627
Huila,2020-01-19,0.0,19.60915295109415
Huila,2020-01-20,0.4588092646575965,19.1175656535918
Huila,2020-01-21,11.136696994183948,19.095869703028857
Huila,2020-01-22,1.8666590860506809,18.362077482500467
Huila,2020-01-23,0.2573285630429122,18.553306237538138
Huila,2020-01-24,11.994527403634065,18.948089449434
Huila,2020-01-25,17.929264091612616,19.50552078587221
Huila,2020-01-26,15.357220062114472,19.431754846306884
Huila,2020-01-27,1.944289013142208,19.569405081299287
Huila,2020-01-28,0.68286127780775,18.608916285351487
Huila,2020-01-29,0.0472724153473692,19.390565252239927
Huila,2020-01-30,0.1094284707915329,19.1000002070432
Huila,2020-01-31,0.7830179529754046,19.30489657997795
Huila,2020-02-01,0.7555535615211628,19.37864513309141
Huila,2020-02-02,1.760451420184654,19.323478903474943
Huila,2020-02-03,2.2712047199692025,19.49439502345667
Huila,2020-02-04,0.0,19.455784889392348
Huila,2020-02-05,0.0,19.362636075917727
Huila,2020-02-06,0.0,18.960843785785567
Huila,2020-02-07,0.0,19.143399507493744
Huila,2020-02-08,0.1421670074527916,19.747420299136923
Huila,2020-02-09,0.4975585880179062,20.101516311355464
Huila,2020-02-10,0.0282037969349833,19.819561885255453
Huila,2020-02-11,0.0,19.38271741938757
Huila,2020-02-12,0.0,19.71753754411292
Huila,2020-02-13,0.0,19.911574484581138
Huila,2020-02-14,0.0053983891089086,20.0123336682744
Huila,2020-02-15,0.3001795142393237,19.84373816322137
Huila,2020-02-16,0.0,20.05303111129581
Huila,2020-02-17,0.0,20.06314259301792
Huila,2020-02-18,0.0259734540913128,20.201555614886587
Huila,2020-02-19,0.0,20.31147222519521
Huila,2020-02-20,2.93778860990907,20.265201960879665
Huila,2020-02-21,10.683604885238422,20.22671564265733
Huila,2020-02-22,11.473780590070543,18.981762451355493
Huila,2020-02-23,20.038866883578947,18.78261287166509
Huila,2020-02-24,10.206582360796366,18.804320561796743
Huila,2020-02-25,24.51127967913999,18.7365681300464
Huila,2020-02-26,20.532292705977262,19.358300004383945
Huila,2020-02-27,0.0406750873952624,18.777050827121816
Huila,2020-02-28,4.368348006145906,19.483433541854478
Huila,2020-02-29,0.2414637751716103,19.38946816059957
Huila,2020-03-01,2.2816059489909817,19.47900116665265
Huila,2020-03-02,0.2205509822430121,19.364075992650065
Huila,2020-03-03,0.0409626429275427,19.6460946774128
Huila,2020-03-04,0.0,19.60034119015403
Huila,2020-03-05,0.0,19.618683759639584
Huila,2020-03-06,0.488749919864419,19.82356759647002
Huila,2020-03-07,5.238849512758475,19.880156834319923
Huila,2020-03-08,2.5121687095645915,19.79570551386424
Huila,2020-03-09,0.8806027398982085,19.4513046969354
Huila,2020-03-10,0.5777590018537477,19.39269692910193
Huila,2020-03-11,9.44104228674856,19.165023651560716
Huila,2020-03-12,9.502795025039967,19.136834683461466
Huila,2020-03-13,2.7348120364962383,19.43296460173815
Huila,2020-03-14,29.67632218092473,18.74180876870964
Huila,2020-03-15,0.0065411474178955,19.299290435556284
Huila,2020-03-16,0.1071811636540779,19.758344892416645
Huila,2020-03-17,7.757773942728077,19.60766197096845
Huila,2020-03-18,15.79243520859414,20.029592577304385
Huila,2020-03-19,2.6720264219702354,19.820542231408105
Huila,2020-03-20,12.97513094488496,18.860705882587485
Huila,2020-03-21,0.0,18.22619288872018
Huila,2020-03-22,0.0,18.578005802847905
Huila,2020-03-23,3.027340895849053,18.8062583967261
Huila,2020-03-24,1.8944763636686917,18.879934119858348
Huila,2020-03-25,0.4918836945956306,18.902229722844503
Huila,2020-03-26,3.736762597080836,19.459502109653137
Huila,2020-03-27,2.7337574491086203,19.797325732846204
Huila,2020-03-28,0.4988827885134297,19.57885383720029
Huila,2020-03-29,0.0464706576661863,19.91365369515657
Huila,2020-03-30,0.0168748958870467,19.239205471134493
Huila,2020-03-31,0.0,18.76604560573523
Huila,2020-04-01,0.0381297603474433,18.862979983305937
Huila,2020-04-02,20.650586175072945,18.372387849129574
Huila,2020-04-03,0.0128049870883036,18.62678377628184
Huila,2020-04-04,0.0,19.526015605603877
Huila,2020-04-05,1.2148729846808175,19.524368868112933
Huila,2020-04-06,4.599670023861542,19.74849447372139
Huila,2020-04-07,8.207296835988982,19.066462922628016
Huila,2020-04-08,0.9158451623266848,19.356447638429746
Huila,2020-04-09,7.518334139767742,18.6756651952276
Huila,2020-04-10,0.0747914549232067,18.989275037203864
Huila,2020-04-11,4.14628117159879,19.207404175692616
Huila,2020-04-12,20.167414833239945,18.570041363379197
Huila,2020-04-13,0.1339988253270403,19.279639113277472
Huila,2020-04-14,2.9999236662854547,19.298841444282026
Huila,2020-04-15,1.837835650122848,18.346991956535927
Huila,2020-04-16,1.276737777420344,18.5030781784006
Huila,2020-04-17,0.8098456411343969,18.146200338310248
Huila,2020-04-18,0.1264898947342443,17.871523482657715
Huila,2020-04-19,0.0,17.950315826307687
Huila,2020-04-20,0.0,18.530677882374636
Huila,2020-04-21,0.0,18.72192956027428
Huila,2020-04-22,4.019392206103139,18.75314729471782
Huila,2020-04-23,0.6922146213764023,18.81251943728514
Huila,2020-04-24,1.136252432350222,18.76869043912385
Huila,2020-04-25,0.3172316596224128,19.104143252849397
Huila,2020-04-26,0.3867804855592369,19.3516940403374
Huila,2020-04-27,17.418622343435032,19.060366212727526
Huila,2020-04-28,5.7794534240961415,18.9261658932615
Huila,2020-04-29,1.0315776756437929,19.171724944371327
Huila,2020-04-30,0.0,19.438861268996156
Huila,2020-05-01,12.840778998160232,18.13336887561452
Huila,2020-05-02,0.0503279168162686,18.56140087516576
Huila,2020-05-03,1.308947349230323,18.36605501487155
Huila,2020-05-04,0.1909565707161182,18.578954335684504
Huila,2020-05-05,5.249106720283999,18.54489333001166
Huila,2020-05-06,0.5844423224571411,19.193155908396022
Huila,2020-05-07,21.64189149483772,18.86683942389524
Huila,2020-05-08,2.696702725060154,18.35758032672281
Huila,2020-05-09,5.769040000345165,17.425312285687827
Huila,2020-05-10,0.6971124654108751,18.368902108737004
Huila,2020-05-11,1.8549464024788929,19.367131406066
Huila,2020-05-12,9.175962122234717,19.22232821118686
Huila,2020-05-13,21.65149886771634,18.16797039843808
Huila,2020-05-14,0.0,18.05304612014799
Huila,2020-05-15,0.1323398843421526,18.66309983138409
Huila,2020-05-16,4.883703063443301,18.194649652243854
Huila,2020-05-17,1.6887286161456136,18.232593263721437
Huila,2020-05-18,0.1437378817595667,17.712298390812578
Huila,2020-05-19,0.6725429857971122,17.648968106797735
Huila,2020-05-20,0.0,18.46254237372613
Huila,2020-05-21,0.6034908841901203,18.83391248428856
Huila,2020-05-22,1.1631036680110671,18.91942069679345
Huila,2020-05-23,2.2498047436126423,18.49108469132199
Huila,2020-05-24,7.4338719115519645,18.458578512879036
Huila,2020-05-25,2.3080000827056413,18.262764392827613
Huila,2020-05-26,0.0854596732597628,17.88681625223552
Huila,2020-05-27,1.016574893753988,17.165594230336392
Huila,2020-05-28,0.0253926674833166,17.972758795683795
Huila,2020-05-29,8.113911420206904,18.10752308742376
Huila,2020-05-30,18.075268257446712,17.901941379964942
Huila,2020-05-31,4.138561632870667,17.71854559269649
Huila,2020-06-01,5.010579067081258,17.858981542379368
Huila,2020-06-02,4.806235858773374,18.385572526953176
Huila,2020-06-03,6.76672051837167,17.86864881654337
Huila,2020-06-04,11.47726506325547,17.892282768870924
Huila,2020-06-05,4.172796460628929,18.67564580959663
Huila,2020-06-06,7.264373299284981,17.619610238626766
Huila,2020-06-07,3.454366597202569,18.0183916364172
Huila,2020-06-08,1.8619426817416815,18.0137993785486
Huila,2020-06-09,0.0,18.23573201781778
Huila,2020-06-10,0.0289212770589649,18.16685657145356
Huila,2020-06-11,2.888425532429675,17.732331085062917
Huila,2020-06-12,8.236064320518393,17.352461850044566
Huila,2020-06-13,7.949754849088047,18.089947988129385
Huila,2020-06-14,18.057500989816997,17.32657904485024
Huila,2020-06-15,3.895493506009936,17.00960015646506
Huila,2020-06-16,0.0,17.654894934107215
Huila,2020-06-17,1.367115223782499,17.503792130540088
Huila,2020-06-18,0.9847392154324334,18.043928654325093
Huila,2020-06-19,3.938852861730461,18.006210034112485
Huila,2020-06-20,0.268209708040637,17.873203456224893
Huila,2020-06-21,3.133733731491017,17.106875528403272
Huila,2020-06-22,0.5232974270180807,17.378722016924122
Huila,2020-06-23,1.0829868021096385,17.538652697186393
Huila,2020-06-24,4.797843811598672,18.122212081725632
Huila,2020-06-25,0.6428900766375233,18.29241037207037
Huila,2020-06-26,0.6876351916846865,18.07203411151196
Huila,2020-06-27,9.545660506975864,18.11802237699224
Huila,2020-06-28,2.41897183727388,17.851782840685264
Huila,2020-06-29,7.158976468855212,17.81303665686603
Huila,2020-06-30,0.0,18.160683511719544
Huila,2020-07-01,0.5677957777469459,18.369912021775463
Huila,2020-07-02,34.72120792772821,17.589286747592183
Huila,2020-07-03,4.259874363288692,17.884993424057868
Huila,2020-07-04,24.621824605988127,17.580040791459773
Huila,2020-07-05,5.41872284933498,17.75086762697914
Huila,2020-07-06,5.47588208348715,17.553452088744955
Huila,2020-07-07,0.0396286786764069,18.012125038475155
Huila,2020-07-08,0.0,18.03149069363677
Huila,2020-07-09,1.3287892654556663,17.690188956641354
Huila,2020-07-10,0.0922553256961995,17.12687475709993
Huila,2020-07-11,4.928716820123125,17.460765029045596
Huila,2020-07-12,0.9646856686094876,17.643108542765184
Huila,2020-07-13,3.685403003445165,17.71357212372755
Huila,2020-07-14,9.034893938487462,17.47827397654754
Huila,2020-07-15,0.7592973433999922,16.969054379316788
Huila,2020-07-16,1.1279542563771496,17.212111999827094
Huila,2020-07-17,1.2822642485649645,16.736416544233652
Huila,2020-07-18,0.485784819089927,17.22388920263133
Huila,2020-07-19,2.719319334904591,17.530383273536252
Huila,2020-07-20,1.889077910904227,17.517233646477607
Huila,2020-07-21,0.0392108732098753,17.565434249353764
Huila,2020-07-22,0.015894543742204,17.876585230851354
Huila,2020-07-23,8.916970093855733,17.505282476502284
Huila,2020-07-24,4.660697259801908,16.845360139581945
Huila,2020-07-25,18.012262753943123,16.384966844605078
Huila,2020-07-26,0.1451143986045794,16.869629467375724
Huila,2020-07-27,0.0383851213398162,17.621364422436557
Huila,2020-07-28,0.0,17.834038956144475
Huila,2020-07-29,1.712522497801369,17.745256539944958
Huila,2020-07-30,1.939414879409272,17.16516023653919
Huila,2020-07-31,0.0,17.612289527366517
Huila,2020-08-01,0.0,17.236035614549266
Huila,2020-08-02,0.0,17.170830189081524
Huila,2020-08-03,0.0,16.956817839241516
Huila,2020-08-04,0.0,16.87997211334573
Huila,2020-08-05,0.2137091069074202,16.877996641310265
Huila,2020-08-06,0.0,17.148774146374116
Huila,2020-08-07,0.0,16.869115442231532
Huila,2020-08-08,0.0,16.786460169579545
Huila,2020-08-09,0.0,17.2550646232499
Huila,2020-08-10,0.0,17.79206587676964
Huila,2020-08-11,0.0,18.508206950479988
Huila,2020-08-12,1.161585930495852,18.821039068888744
Huila,2020-08-13,4.685257571002739,18.566769901604363
Huila,2020-08-14,0.7654286436021271,18.579582574046604
Huila,2020-08-15,13.440411247610443,18.136168965428183
Huila,2020-08-16,4.296000203075768,17.88855289389638
Huila,2020-08-17,8.757279666757686,17.93793970639546
Huila,2020-08-18,0.2550886263248854,18.385370377067854
Huila,2020-08-19,3.282316638265043,18.4156324745901
Huila,2020-08-20,0.2719658142084317,18.47007251665329
Huila,2020-08-21,1.83971608290655,18.662167534254817
Huila,2020-08-22,9.946263412322187,17.461194451106937
Huila,2020-08-23,0.1850207409287846,17.928272108909184
Huila,2020-08-24,0.5865570174697653,18.362748299791235
Huila,2020-08-25,1.4583741547326166,17.93550958933011
Huila,2020-08-26,0.1657390013286601,18.316064624383927
Huila,2020-08-27,4.498798143535799,17.98128240806949
Huila,2020-08-28,2.778636143262792,18.513003246900407
Huila,2020-08-29,11.574274294801375,18.708018374813843
Huila,2020-08-30,15.263968698249364,18.111796092353188
Huila,2020-08-31,4.678880509093952,18.12723043885368
Huila,2020-09-01,1.713517604878825,18.001460390339236
Huila,2020-09-02,0.1180252029250766,17.762767120725993
Huila,2020-09-03,0.0,18.26880150668379
Huila,2020-09-04,11.910718566746018,18.422323367569582
Huila,2020-09-05,0.0690946191935701,18.773261812806563
Huila,2020-09-06,0.4245984616928912,18.433309249497214
Huila,2020-09-07,0.0,18.65342487817784
Huila,2020-09-08,7.732872895878519,18.465060293919628
Huila,2020-09-09,0.5929569843088401,18.202050167387988
Huila,2020-09-10,0.2806322030986965,18.66043957410903
Huila,2020-09-11,0.046630508187949,18.89751246232869
Huila,2020-09-12,0.2901438773982896,18.69415492449437
Huila,2020-09-13,1.6403154711818464,18.11225984562352
Huila,2020-09-14,0.1629212539676659,18.59525918245877
Huila,2020-09-15,0.0,19.07946986380728
Huila,2020-09-16,1.0434001621553808,18.82811426649048
Huila,2020-09-17,10.321483557819477,18.490504722731924
Huila,2020-09-18,7.000844154525447,18.72554658270185
Huila,2020-09-19,13.723669764045018,17.983188377467773
Huila,2020-09-20,10.174206165984168,18.0599070444641
Huila,2020-09-21,0.0,18.724409450485144
Huila,2020-09-22,0.0,18.907930692799287
Huila,2020-09-23,8.325672725025646,18.117322484039573
Huila,2020-09-24,1.3331710507998007,17.233668349856707
Huila,2020-09-25,0.5440828503486255,17.797303072244198
Huila,2020-09-26,0.231173331731387,18.36477762027061
Huila,2020-09-27,5.089286866521585,18.745309915373
Huila,2020-09-28,2.321709419797667,18.67422376674836
Huila,2020-09-29,5.150416400863333,18.242071598633856
Huila,2020-09-30,0.0394229027317708,17.869191454168394
Huila,2020-10-01,0.0,18.14880982932774
Huila,2020-10-02,0.0,18.69443570828402
Huila,2020-10-03,2.704618056728951,18.201462433810217
Huila,2020-10-04,1.2777080905840978,17.08970482505462
Huila,2020-10-05,0.0,17.506401005799642
Huila,2020-10-06,0.0075206890774907,18.332297165538854
Huila,2020-10-07,0.7086457555397173,18.06395428481714
Huila,2020-10-08,0.7215449164247081,17.486644578938368
Huila,2020-10-09,0.0,18.096088705090363
Huila,2020-10-10,0.0,18.34730348193056
Huila,2020-10-11,0.0223506750463685,18.34856587368288
Huila,2020-10-12,0.0732048415223506,18.371671683855823
Huila,2020-10-13,0.3151704601492976,17.69131285215638
Huila,2020-10-14,0.0,18.34045872597948
Huila,2020-10-15,0.9631174196994956,18.415290547540973
Huila,2020-10-16,2.5383949916291173,17.930371117345516
Huila,2020-10-17,0.0,17.895726618332656
Huila,2020-10-18,1.4008692475157545,18.417531922128664
Huila,2020-10-19,4.878940649052591,18.7453531415387
Huila,2020-10-20,1.59067932927344,18.95788402090126
Huila,2020-10-21,14.262673733008151,18.40156098767651
Huila,2020-10-22,0.5556556600501728,17.88242868979307
Huila,2020-10-23,4.226626875573714,18.23308644555916
Huila,2020-10-24,0.4466166043146893,18.71831357365496
Huila,2020-10-25,0.3079073804455042,18.913057979515763
Huila,2020-10-26,3.469220048492162,19.402173953228075
Huila,2020-10-27,6.581642635167668,19.76322329970008
Huila,2020-10-28,27.40196418662521,19.00061887488431
Huila,2020-10-29,3.7261191543260432,18.71422340182314
Huila,2020-10-30,17.720590594160793,18.52140841495428
Huila,2020-10-31,11.530644878300718,18.171057599220504
Huila,2020-11-01,15.861685687649103,18.000804206955777
Huila,2020-11-02,2.2681717999581004,18.87521404818448
Huila,2020-11-03,0.142724959802492,18.55245346911729
Huila,2020-11-04,3.513056731990278,18.51380052633083
Huila,2020-11-05,4.790992308022357,18.86297842360971
Huila,2020-11-06,10.155322247301848,18.878825720272253
Huila,2020-11-07,18.56122067711955,18.708747264237005
Huila,2020-11-08,0.6267360624701273,18.52551572792222
Huila,2020-11-09,0.2298148822146078,18.69468367273007
Huila,2020-11-10,3.4202321488077163,18.222637746802697
Huila,2020-11-11,7.928900897414759,18.66124744485196
Huila,2020-11-12,11.046619675906571,17.91859701244737
Huila,2020-11-13,26.251722533955014,18.70074258804996
Huila,2020-11-14,12.067528392412871,18.12411120673185
Huila,2020-11-15,10.595463340409651,18.36811638391092
Huila,2020-11-16,26.517444939471787,17.90891899407803
Huila,2020-11-17,5.113486407630393,17.983975276815556
Huila,2020-11-18,12.240652531048951,17.60364839736668
Huila,2020-11-19,1.9322567012818652,18.14883303336867
Huila,2020-11-20,1.6416399067611958,18.32395234665772
Huila,2020-11-21,12.11441186259288,18.63847915169293
Huila,2020-11-22,1.1811077026248904,18.56799971166639
Huila,2020-11-23,5.867253061637149,18.26977895502203
Huila,2020-11-24,0.0,18.55815532668766
Huila,2020-11-25,0.2030693591733137,18.653591582762868
Huila,2020-11-26,8.109898381985673,18.98482168152256
Huila,2020-11-27,10.44248277841065,18.05478945871921
Huila,2020-11-28,7.512094830487639,18.04212769349212
Huila,2020-11-29,6.603715276812452,17.997590706919226
Huila,2020-11-30,1.0220982689229934,18.4060856789313
Huila,2020-12-01,0.8025403922483983,18.56139934449982
Huila,2020-12-02,38.51706501656669,17.945570541500025
Huila,2020-12-03,1.4708455345862332,18.108205768422263
Huila,2020-12-04,0.5974826237155808,18.574326356510785
Huila,2020-12-05,1.0489014804541323,18.261135263682565
Huila,2020-12-06,0.5596239085947128,17.93635916442015
Huila,2020-12-07,2.5291620300418685,18.28298522173657
Huila,2020-12-08,9.605080586066943,18.13557006858217
Huila,2020-12-09,3.042414291283748,18.21697697197597
Huila,2020-12-10,1.389306760913448,18.353516660444942
Huila,2020-12-11,1.885059005491075,18.86735079756775
Huila,2020-12-12,2.8473492588894875,18.65251431611784
Huila,2020-12-13,3.174964641628516,18.24385689516229
Huila,2020-12-14,0.0842603633378162,18.51539078175881
Huila,2020-12-15,2.968137879725399,18.320522713185788
Huila,2020-12-16,2.8379297877456047,18.29974360695385
Huila,2020-12-17,0.8295268993731244,18.4950313080644
Huila,2020-12-18,2.9198012709367696,18.42402099249481
Huila,2020-12-19,4.6208552629501325,18.41621240490761
Huila,2020-12-20,0.4552642530891732,18.341902922683488
Huila,2020-12-21,2.174290525406372,18.45948792893413
Huila,2020-12-22,0.0793655081500075,18.72962619157998
Huila,2020-12-23,0.8505124922525023,18.848373331319337
Huila,2020-12-24,8.29911700572078,18.922317795928198
Huila,2020-12-25,25.278678078921647,18.485255567256026
Huila,2020-12-26,16.541316414224074,16.926550745430397
Huila,2020-12-27,5.892043658006799,17.41055518275519
Huila,2020-12-28,12.7080296661355,17.50315039752151
Huila,2020-12-29,4.3088454266818434,17.907534183728863
Huila,2020-12-30,7.564361616379245,18.061462682922443
Huila,2020-12-31,0.804758175098348,18.33231770116389
Huila,2021-01-01,2.329099933905595,18.423409267148376
Huila,2021-01-02,1.2242512887592365,18.312019519119083
Huila,2021-01-03,21.75618417263415,18.18601651781505
Huila,2021-01-04,7.261091419545854,18.377038002579017
Huila,2021-01-05,4.870638869308056,17.724631071670352
Huila,2021-01-06,3.521468176728088,17.620661077803366
Huila,2021-01-07,4.911784246388415,17.681945225341885
Huila,2021-01-08,8.966646930816863,17.36540834409859
Huila,2021-01-09,0.7787417670462117,17.186251433960003
Huila,2021-01-10,0.0708250586436881,17.619179729450565
Huila,2021-01-11,2.330170082798581,17.610289056547362
Huila,2021-01-12,1.4998324956458418,18.18081500446464
Huila,2021-01-13,0.0003759770408919607,18.569401716393617
Huila,2021-01-14,0.0109903174670502,18.50712481954497
Huila,2021-01-15,0.0,18.76114068093028
Huila,2021-01-16,0.2463772158771681,18.81229880040416
Huila,2021-01-17,0.0645537708066622,18.759663705683064
Huila,2021-01-18,0.3831425393169563,18.657129564269724
Huila,2021-01-19,0.1144934586572208,18.93804061707017
Huila,2021-01-20,0.0,18.559955846181406
Huila,2021-01-21,0.0250139227529199,18.28528924169339
Huila,2021-01-22,12.466240152957637,18.58994139264728
Huila,2021-01-23,0.3373984066934838,17.86587989118938
Huila,2021-01-24,1.6891374454849144,17.999870204860418
Huila,2021-01-25,1.4950711414156987,18.27459063310667
Huila,2021-01-26,5.722912746316584,18.526533186621624
Huila,2021-01-27,0.4847869708886388,18.99622496891098
Huila,2021-01-28,0.9238146933697274,18.86166515753609
Huila,2021-01-29,0.4239377469062814,19.47658340732321
Huila,2021-01-30,0.843257337282023,19.156571328813584
Huila,2021-01-31,0.0,18.392016190446373
Huila,2021-02-01,0.0,19.22021769530556
Huila,2021-02-02,0.0,19.536978418886196
Huila,2021-02-03,0.0001838992165094356,19.614445686154717
Huila,2021-02-04,0.2781727272774696,19.502998672521404
Huila,2021-02-05,0.9264303734155388,19.33345216666302
Huila,2021-02-06,1.2662099473960178,19.399011408718675
Huila,2021-02-07,0.0527017434516423,19.66856016484634
Huila,2021-02-08,2.9788542258239,19.761931256143427
Huila,2021-02-09,7.462886880431687,19.084665469831425
Huila,2021-02-10,21.601046213512756,18.915406215630103
Huila,2021-02-11,4.409911697241972,19.00205198166592
Huila,2021-02-12,0.200070890284387,19.120194260515373
Huila,2021-02-13,0.3464348794485468,19.32479226947595
Huila,2021-02-14,0.0160811149924826,19.33858790237587
Huila,2021-02-15,22.1889716619796,18.907228812951036
Huila,2021-02-16,13.74198725148337,18.590732213531627
Huila,2021-02-17,0.5905704545671421,18.930576499268664
Huila,2021-02-18,2.2258312763932087,18.43135163511253
Huila,2021-02-19,27.310400697706097,18.13808190466096
Huila,2021-02-20,13.337640302334234,18.370996533114447
Huila,2021-02-21,5.258714969513133,17.938873490546502
Huila,2021-02-22,7.62782896699062,17.580541265940752
Huila,2021-02-23,1.6081534057212918,18.44591620859716
Huila,2021-02-24,12.478711388488652,18.29616238885408
Huila,2021-02-25,4.950612289870111,18.67336055702458
Huila,2021-02-26,0.887621945052085,18.853443585424447
Huila,2021-02-27,0.7236909268824514,18.633246654147072
Huila,2021-02-28,0.0816620402115758,18.561305610584267
Huila,2021-03-01,15.922042591823825,18.01398305593363
Huila,2021-03-02,9.090060561970246,17.618217353080677
Huila,2021-03-03,0.4409147900432968,17.86144447811686
Huila,2021-03-04,1.215760519448034,17.802957629100955
Huila,2021-03-05,1.1512069770146265,17.85116011827385
Huila,2021-03-06,1.057111114161404,18.52690922077389
Huila,2021-03-07,0.5946840619735884,17.95303582695077
Huila,2021-03-08,23.884731191198014,17.297856616644093
Huila,2021-03-09,1.5032275990188455,18.32354944713402
Huila,2021-03-10,26.00250728384479,17.98678773601673
Huila,2021-03-11,9.626770196259024,17.215133452041766
Huila,2021-03-12,8.063208113498558,16.945263400862544
Huila,2021-03-13,13.962265153425164,16.725420803938956
Huila,2021-03-14,2.159967760077089,17.385707281246624
Huila,2021-03-15,19.93440708329397,17.320995589902868
Huila,2021-03-16,19.079522282437587,17.11875509398866
Huila,2021-03-17,11.392156786449402,17.815490924359455
Huila,2021-03-18,9.09359065516845,17.15260547589677
Huila,2021-03-19,7.339212935660368,17.69081544066612
Huila,2021-03-20,8.275448714802984,17.978694248620148
Huila,2021-03-21,4.035283990690257,17.877980767869193
Huila,2021-03-22,3.5958716406991797,17.600309552481068
Huila,2021-03-23,1.5624687501964216,18.405892418591662
Huila,2021-03-24,17.301331900572396,17.744606075645137
Huila,2021-03-25,0.1522549299720805,18.163649080210995
Huila,2021-03-26,4.599087107345884,18.533800475175937
Huila,2021-03-27,15.206055853901852,17.444777113578063
Huila,2021-03-28,1.1839257127998484,18.14463684161184
Huila,2021-03-29,1.313372385754553,18.25489496105205
Huila,2021-03-30,0.0466807016575377,17.935167222403095
Huila,2021-03-31,0.0658976193827978,17.59872338641237
Huila,2021-04-01,1.574533764960346,18.16595191687783
Huila,2021-04-02,4.9016668520314175,18.36832928092431
Huila,2021-04-03,2.28502165194389,17.8425603329616
Huila,2021-04-04,22.114928613769184,17.41255884805055
Huila,2021-04-05,1.6032658271720004,17.87732759771031
Huila,2021-04-06,1.186243898760051,17.634880388955903
Huila,2021-04-07,2.0277432283489785,17.898493334146675
Huila,2021-04-08,0.0,18.423071782166524
Huila,2021-04-09,1.0478536065437838,17.718268084430825
Huila,2021-04-10,1.761153189431099,18.136761522535046
Huila,2021-04-11,2.696938639097897,18.161250324853206
Huila,2021-04-12,24.67119689735711,17.405211166238434
Huila,2021-04-13,0.1317537357764807,17.63334870118939
Huila,2021-04-14,4.522738263954677,17.968602432957535
Huila,2021-04-15,4.272158077003303,17.613130436305827
Huila,2021-04-16,0.6458345974134763,17.99973995966059
Huila,2021-04-17,14.907942118662486,17.90325304178977
Huila,2021-04-18,1.4784846669002527,18.53251811560721
Huila,2021-04-19,12.766364585007295,18.326362156667084
Huila,2021-04-20,0.2038357824184673,18.29349316367136
Huila,2021-04-21,0.8832430997553494,18.468534293282104
Huila,2021-04-22,0.1802482974507956,18.739850878557057
Huila,2021-04-23,0.2359442972672304,18.47972031209198
Huila,2021-04-24,5.557826515197667,18.85799644829483
Huila,2021-04-25,13.499790911530887,18.454619342100717
Huila,2021-04-26,11.966443508181465,18.83348223567395
Huila,2021-04-27,16.021587646585786,17.95119079787646
Huila,2021-04-28,10.75279068832141,17.836690118647553
Huila,2021-04-29,6.123673653625403,17.923350801626132
Huila,2021-04-30,13.534992868644249,16.666212262955465
Huila,2021-05-01,8.456160885598752,17.27667364664875
Huila,2021-05-02,14.726506870307574,17.309284417398388
Huila,2021-05-03,18.76015766595979,16.935318335871507
Huila,2021-05-04,1.9950716641181063,17.098946107943913
Huila,2021-05-05,2.697022326865385,17.335156317950638
Huila,2021-05-06,19.443346314503007,17.695618743771707
Huila,2021-05-07,12.992650180352904,17.576595577179912
Huila,2021-05-08,10.724048645133545,17.31499081202625
Huila,2021-05-09,0.4298857183216435,17.289662638070226
Huila,2021-05-10,0.4605676563280684,16.415758530463787
Huila,2021-05-11,0.0,16.621551997225524
Huila,2021-05-12,0.0,17.295968994501177
Huila,2021-05-13,0.9304833996000058,17.999574641775006
Huila,2021-05-14,1.5858677359860016,17.99886307576653
Huila,2021-05-15,7.892032813053352,17.99452113091342
Huila,2021-05-16,4.678948874593116,18.00694205912183
Huila,2021-05-17,20.10999563819045,17.62654986474256
Huila,2021-05-18,2.022696061693982,17.327737958979625
Huila,2021-05-19,0.0,17.517866016816214
Huila,2021-05-20,0.1351433706354655,18.130889384599623
Huila,2021-05-21,0.0062569482065207,18.43138864939082
Huila,2021-05-22,4.453037313771224,18.701681349017885
Huila,2021-05-23,2.1550894514496304,18.412972788836324
Huila,2021-05-24,0.9533967290025248,18.29172676826444
Huila,2021-05-25,0.3946429707476372,18.29342576555174
Huila,2021-05-26,0.4554119893257607,17.986014568860288
Huila,2021-05-27,0.0,18.000144009099337
Huila,2021-05-28,0.1865670642384588,18.42561402282257
Huila,2021-05-29,9.137202427857384,18.350976634779496
Huila,2021-05-30,3.4497985178443957,18.043181899233257
Huila,2021-05-31,7.224416660406245,18.10682972205789
Huila,2021-06-01,3.0186367423768448,18.08153488438189
Huila,2021-06-02,0.2395277979773665,18.415534209818038
Huila,2021-06-03,0.2671955583279226,18.255687905649484
Huila,2021-06-04,10.082175718876428,17.536765798865108
Huila,2021-06-05,8.233400253353203,17.684833135504373
Huila,2021-06-06,0.5492154658522198,18.030857413603723
Huila,2021-06-07,4.626638163596788,17.552138454441003
Huila,2021-06-08,11.37750758298276,16.772927653193907
Huila,2021-06-09,0.6111859661192496,16.98507883573079
Huila,2021-06-10,7.27878366996784,17.25979628519385
Huila,2021-06-11,1.3186403534881963,17.601773009571122
Huila,2021-06-12,0.7710346262456309,17.588909406484877
Huila,2021-06-13,19.829307046123425,16.67100676487014
Huila,2021-06-14,5.371888964750706,17.137193588050216
Huila,2021-06-15,13.73794825621338,16.556152347770823
Huila,2021-06-16,20.910008939513,16.55579981953493
Huila,2021-06-17,4.6235203062365615,16.876848766626093
Huila,2021-06-18,0.0011847049512783,17.05903643114997
Huila,2021-06-19,0.1989888225015312,17.26576404373658
Huila,2021-06-20,2.744540400232652,17.083319284210383
Huila,2021-06-21,0.1554093886021868,16.935611357484245
Huila,2021-06-22,0.1755842188562083,17.097888410906815
Huila,2021-06-23,1.1883010557644598,17.025307905599238
Huila,2021-06-24,0.1773750773899082,17.575207267635342
Huila,2021-06-25,2.6144156278749056,17.01249999988944
Huila,2021-06-26,0.2972136436291031,17.359307717835616
Huila,2021-06-27,1.8427700729675316,17.261569682546284
Huila,2021-06-28,3.263360882845355,17.006248299655073
Huila,2021-06-29,4.317135421041338,16.99705284349159
Huila,2021-06-30,4.038942398109558,15.686336985365312
Huila,2021-07-01,0.0,15.633575563544754
Huila,2021-07-02,0.029937537966491,16.17314734296889
Huila,2021-07-03,0.0094719938657502,16.000514482945825
Huila,2021-07-04,0.0,16.0218030840974
Huila,2021-07-05,0.0698423748039127,16.930545233617725
Huila,2021-07-06,0.0,16.744560223957226
Huila,2021-07-07,0.0,16.76047314903773
Huila,2021-07-08,0.0813782972850832,17.039602536148617
Huila,2021-07-09,0.0,16.21941046204387
Huila,2021-07-10,0.0,16.98915145277465
Huila,2021-07-11,0.0389733827372318,17.117026607190134
Huila,2021-07-12,9.032231395796616,16.628782986712878
Huila,2021-07-13,0.6553850497201789,16.528428237672404
Huila,2021-07-14,0.0086360247306176,17.084844003722303
Huila,2021-07-15,0.0702784162777233,17.513951840680864
Huila,2021-07-16,0.0,17.790025789611207
Huila,2021-07-17,0.4522897025422468,17.669611005010353
Huila,2021-07-18,7.257734062871737,16.74819099875907
Huila,2021-07-19,0.7013436822168326,16.65366410699796
Huila,2021-07-20,0.0,17.006629087940254
Huila,2021-07-21,0.0362630450652134,16.02950695662134
Huila,2021-07-22,0.3781414355007448,16.03201185173793
Huila,2021-07-23,3.3745393629842915,16.919308068431373
Huila,2021-07-24,1.0915675335005308,16.47975936137313
Huila,2021-07-25,2.2032637648962514,16.60138157475665
Huila,2021-07-26,0.4807833910658189,17.446709090236418
Huila,2021-07-27,14.26298027042936,17.537003732618775
Huila,2021-07-28,9.20569580268848,17.770151948222857
Huila,2021-07-29,1.8589007254899936,17.368410416132896
Huila,2021-07-30,6.011839720880441,16.21319390420744
Huila,2021-07-31,0.0,17.12696390194047
Huila,2021-08-01,0.0,16.6256788305881
Huila,2021-08-02,0.3246808734023588,15.549439452090544
Huila,2021-08-03,0.0471992498764715,15.6130328640738
Huila,2021-08-04,0.0,15.904502997325633
Huila,2021-08-05,0.0,16.036796172832204
Huila,2021-08-06,0.0,16.115804577875064
Huila,2021-08-07,0.0028314306171689,17.032915126526245
Huila,2021-08-08,0.4700145989886733,17.587654584565655
Huila,2021-08-09,4.677140866700276,17.64863104794879
Huila,2021-08-10,7.750729625815318,17.511701293235674
Huila,2021-08-11,1.707632826680907,17.43271783796075
Huila,2021-08-12,0.1469672982713719,17.567104405196226
Huila,2021-08-13,5.179893083481938,17.574059079108196
Huila,2021-08-14,3.3008239917105024,17.54017384628987
Huila,2021-08-15,18.198021292912337,17.677135422771354
Huila,2021-08-16,0.6482959273193248,17.50115025930642
Huila,2021-08-17,1.4009010469319962,17.384395339980703
Huila,2021-08-18,16.976561496254813,17.68096228846389
Huila,2021-08-19,6.79701086375148,17.34573953595406
Huila,2021-08-20,1.568446456659948,18.19632969856443
Huila,2021-08-21,9.23133875959483,18.149566078269025
Huila,2021-08-22,0.0,18.09628048528069
Huila,2021-08-23,0.0709618234752497,18.3310994858746
Huila,2021-08-24,7.2227306948663665,18.62258590377056
Huila,2021-08-25,0.5529139450411462,18.291954451722525
Huila,2021-08-26,12.209519253263888,18.12810446158653
Huila,2021-08-27,1.063367282333011,18.120753085937917
Huila,2021-08-28,16.177881115210216,18.029937985182823
Huila,2021-08-29,23.78971479023185,17.497588996305055
Huila,2021-08-30,2.493709187519214,16.866677769314993
Huila,2021-08-31,0.6287497285943529,17.64020031255219
Huila,2021-09-01,6.141233383453391,17.42535223024702
Huila,2021-09-02,0.0700464062109284,18.079855502755983
Huila,2021-09-03,13.451315545907486,18.005787512923874
Huila,2021-09-04,1.745241570548192,18.47158949333536
Huila,2021-09-05,0.6573047275846134,18.20760834750729
Huila,2021-09-06,9.283340151085063,16.84023803396071
Huila,2021-09-07,0.0,17.572551138940042
Huila,2021-09-08,0.0037376417504446,18.1919734761457
Huila,2021-09-09,0.1506545034352575,18.375553457656675
Huila,2021-09-10,3.281330718119376,18.091392682060864
Huila,2021-09-11,4.950161648368994,17.79938366789971
Huila,2021-09-12,1.3199271024678534,17.578567700779963
Huila,2021-09-13,0.0,17.878582506917834
Huila,2021-09-14,1.4835937697349435,18.13933634642175
Huila,2021-09-15,3.99378179259154,17.63537568016932
Huila,2021-09-16,0.0074473492280222,16.84172240193657
Huila,2021-09-17,0.0,17.202274642190453
Huila,2021-09-18,0.0,17.775070077104992
Huila,2021-09-19,0.0,18.018412153004665
Huila,2021-09-20,0.0,18.350466902759468
Huila,2021-09-21,7.097424027167453,18.28732042781257
Huila,2021-09-22,1.5331099401198134,17.901464072911192
Huila,2021-09-23,1.1345197710721957,17.417891781872886
Huila,2021-09-24,0.0,17.82544136299357
Huila,2021-09-25,2.076255566687064,16.718367770264695
Huila,2021-09-26,0.0,17.691679636392532
Huila,2021-09-27,0.0239226762024044,18.200072681441014
Huila,2021-09-28,0.982245570107179,18.00068732935064
Huila,2021-09-29,0.5544538302370908,17.915555114660823
Huila,2021-09-30,5.776759410874325,16.95505530505933
Huila,2021-10-01,0.1727196430848589,17.6829109749908
Huila,2021-10-02,0.1106728108180958,18.13652443891436
Huila,2021-10-03,0.7617644845829411,18.46306469343349
Huila,2021-10-04,2.653039638954112,18.789914445888364
Huila,2021-10-05,2.0341482872487773,18.662791045855396
Huila,2021-10-06,2.475620020712507,18.10698703911933
Huila,2021-10-07,12.003621628627272,18.537786967673775
Huila,2021-10-08,1.264944660962459,18.56116273401345
Huila,2021-10-09,10.125658827717672,18.19853945163344
Huila,2021-10-10,7.848406385246433,18.262859814844084
Huila,2021-10-11,13.960260112396174,17.34347822017087
Huila,2021-10-12,2.338456309488621,18.294785614323377
Huila,2021-10-13,2.419506993477763,19.033457782438354
Huila,2021-10-14,3.1777550379657087,19.06006873506557
Huila,2021-10-15,12.598395053533704,18.769344603619174
Huila,2021-10-16,34.504522262917334,18.12381412798938
Huila,2021-10-17,1.878393879702616,17.51593868709598
Huila,2021-10-18,0.4762931668641078,18.00962003106865
Huila,2021-10-19,2.590788804881049,18.2254459196337
Huila,2021-10-20,0.6574123595848145,17.97376110298643
Huila,2021-10-21,15.858233810380954,18.048053125333823
Huila,2021-10-22,6.379848645193657,18.090910748054444
Huila,2021-10-23,15.494040056292,17.94571350930888
Huila,2021-10-24,2.6051998160886005,18.037720610615544
Huila,2021-10-25,3.5652425815974302,18.44144419908492
Huila,2021-10-26,16.139921588584375,17.760593310421743
Huila,2021-10-27,10.624920204584932,17.29587093862865
Huila,2021-10-28,0.1691472473313096,17.699100492836497
Huila,2021-10-29,0.9897544273354016,17.399130413354612
Huila,2021-10-30,0.4153540740873591,17.89962617122482
Huila,2021-10-31,14.749301587641598,17.795172649174322
Huila,2021-11-01,2.324347674846297,17.93638147733024
Huila,2021-11-02,12.512961475473537,17.62447581681729
Huila,2021-11-03,26.04449457694076,17.52491244469966
Huila,2021-11-04,8.948562800682826,17.655963842677913
Huila,2021-11-05,2.8896526124893995,18.158038106454143
Huila,2021-11-06,2.2369223328785868,18.33806653928534
Huila,2021-11-07,0.8080676148433971,18.115801735711923
Huila,2021-11-08,9.912065076385923,18.28352415521637
Huila,2021-11-09,10.47993034695992,17.9365871622347
Huila,2021-11-10,17.01704387113506,17.779793166624536
Huila,2021-11-11,12.881900186333269,18.058489280481584
Huila,2021-11-12,7.042043352754947,18.309849071508648
Huila,2021-11-13,2.1179773015355354,18.35140132320685
Huila,2021-11-14,1.1243181148037211,18.292305215272886
Huila,2021-11-15,6.395899051275303,18.42864356844227
Huila,2021-11-16,3.55731954309844,18.638398281430096
Huila,2021-11-17,1.0761514299459105,18.766749524575538
Huila,2021-11-18,0.3639201648250715,18.57658966298122
Huila,2021-11-19,4.852012748222541,18.23177638814117
Huila,2021-11-20,2.9308433165594634,18.21520583847188
Huila,2021-11-21,1.2227397038348955,18.15656782788032
Huila,2021-11-22,7.047180074203676,18.090588351076715
Huila,2021-11-23,15.600070867367927,17.43320644387592
Huila,2021-11-24,2.3082718679116803,17.375670530297878
Huila,2021-11-25,35.879893917231435,16.958999013520618
Huila,2021-11-26,2.7935032925059007,17.25541934107984
Huila,2021-11-27,6.004300481033187,17.6721061933493
Huila,2021-11-28,4.889541837718535,18.132099137542536
Huila,2021-11-29,7.06964785665944,18.130487461006787
Huila,2021-11-30,16.239206806608042,17.840529501446316
Huila,2021-12-01,0.2251658344309015,17.790671233133985
Huila,2021-12-02,0.0,18.185873728414062
Huila,2021-12-03,3.484006723080149,18.26675625541379
Huila,2021-12-04,3.613565693311074,18.0702523785985
Huila,2021-12-05,1.8052535615054952,18.230219591591872
Huila,2021-12-06,2.222709533524248,18.588551363562228
Huila,2021-12-07,3.5886006272900985,18.66853859752072
Huila,2021-12-08,0.0,18.567009611102737
Huila,2021-12-09,20.27146404016696,18.258392913239224
Huila,2021-12-10,16.896299727192975,18.599276645881066
Huila,2021-12-11,23.666148866430326,18.17682626928879
Huila,2021-12-12,3.7929060282798632,17.453263340453354
Huila,2021-12-13,0.0147721437646044,17.224427950277846
Huila,2021-12-14,0.0,18.25638389160049
Huila,2021-12-15,0.0,18.53244753260913
Huila,2021-12-16,0.5789295257048714,18.468229646641877
Huila,2021-12-17,2.088043527614875,18.263576570084208
Huila,2021-12-18,3.1041144813038355,18.08731148674704
Huila,2021-12-19,0.1919702119745312,18.595976507166345
Huila,2021-12-20,0.0422802751555422,18.6614389921681
Huila,2021-12-21,0.1076979524373277,18.743925757355928
Huila,2021-12-22,0.1951208276674628,18.48859003951001
Huila,2021-12-23,0.369741637797482,18.428271854272133
Huila,2021-12-24,3.590136235324335,18.944219595308088
Huila,2021-12-25,6.022986666254254,18.966044351642918
Huila,2021-12-26,1.1793942726923436,18.84486852411541
Huila,2021-12-27,1.6847699068527369,18.514341032185385
Huila,2021-12-28,9.168869001545328,18.706561555467683
Huila,2021-12-29,7.522738138314485,18.229231741052637
Huila,2021-12-30,4.171368310925753,18.16687219231145
Huila,2021-12-31,1.257027180464992,18.83870243800757
Huila,2022-01-01,0.3882345087724168,18.909159035785503
Huila,2022-01-02,0.9484576744205204,18.85075464804976
Huila,2022-01-03,10.796203412966662,18.32331579469493
Huila,2022-01-04,0.0,17.977595489456796
Huila,2022-01-05,0.0,17.640044737663025
Huila,2022-01-06,0.483470807875077,17.633957694727258
Huila,2022-01-07,0.0,17.952857545998558
Huila,2022-01-08,0.0,18.05822258775279
Huila,2022-01-09,0.0,18.347420749647345
Huila,2022-01-10,0.5037993313283184,18.088687273616312
Huila,2022-01-11,3.2001519195482846,17.571984806563634
Huila,2022-01-12,0.0025784478689204,17.641728111643594
Huila,2022-01-13,9.279568350925198,17.52923043961138
Huila,2022-01-14,19.80708355543134,17.028812961357616
Huila,2022-01-15,26.15959837143404,17.695433454593964
Huila,2022-01-16,6.913495717676604,17.676641805123957
Huila,2022-01-17,9.159707940101788,17.518087994698632
Huila,2022-01-18,0.4485341823961074,17.536571679189684
Huila,2022-01-19,0.0917557991198617,17.81010908340238
Huila,2022-01-20,1.4167813289112474,18.24750358072983
Huila,2022-01-21,0.0,18.35525896814501
Huila,2022-01-22,0.0938047728265021,18.877904651976262
Huila,2022-01-23,0.5022422697001322,18.84760110916761
Huila,2022-01-24,0.8587757159329836,19.05617024428668
Huila,2022-01-25,5.762210653961768,18.4654567197304
Huila,2022-01-26,31.07129125289064,17.833016381756796
Huila,2022-01-27,0.5035160269070211,18.324033416459272
Huila,2022-01-28,0.2922909046980824,18.461170214772935
Huila,2022-01-29,0.0,18.601410083676388
Huila,2022-01-30,0.0334519359845706,17.86036618222008
Huila,2022-01-31,0.0039068639684458,18.03413702080114
Huila,2022-02-01,0.0811933951928393,18.400484469854717
Huila,2022-02-02,0.8941052938256575,18.467586621400656
Huila,2022-02-03,0.0,18.212380465298832
Huila,2022-02-04,0.7411395376811636,18.58314845045313
Huila,2022-02-05,6.800620323056681,17.99196449886145
Huila,2022-02-06,1.0204408031112024,17.414200798942012
Huila,2022-02-07,5.955004559134974,17.525628427339374
Huila,2022-02-08,45.48926878919394,16.671820259153513
Huila,2022-02-09,0.680744692103267,16.640614457300394
Huila,2022-02-10,4.460037744379941,17.55944809647527
Huila,2022-02-11,19.494549573598164,18.05821364962583
Huila,2022-02-12,0.4707116015379933,18.06161653139865
Huila,2022-02-13,0.0379024047452695,18.308363838469937
Huila,2022-02-14,14.189391925694602,18.110653750721877
Huila,2022-02-15,3.265774918657769,18.210413329535307
Huila,2022-02-16,0.5987783881647705,18.40293642369408
Huila,2022-02-17,3.6311203981798057,18.36006641416773
Huila,2022-02-18,16.38928558922582,18.240825322794567
Huila,2022-02-19,24.299324651697397,17.99526732712298
Huila,2022-02-20,16.465073439398513,17.494532011422788
Huila,2022-02-21,2.1986673266470333,17.243849017963694
Huila,2022-02-22,0.082603909690924,17.90828714699543
Huila,2022-02-23,0.2571567046903634,18.410021857609475
Huila,2022-02-24,17.358592678824568,18.3156542028975
Huila,2022-02-25,4.456912629377254,18.2073047950914
Huila,2022-02-26,0.2360541838693804,18.072986609766318
Huila,2022-02-27,3.4995409629168117,17.437085303550134
Huila,2022-02-28,0.9628725589207068,17.089990362068782
Huila,2022-03-01,2.1351842694522403,17.420416849005296
Huila,2022-03-02,2.17733474494028,17.585892289340183
Huila,2022-03-03,24.043234845270245,17.100386367904996
Huila,2022-03-04,1.5207931078667454,17.770712127680845
Huila,2022-03-05,24.122056945599358,17.641089286985128
Huila,2022-03-06,20.345853181395125,17.273152709470885
Huila,2022-03-07,13.767056483769744,17.032829124815816
Huila,2022-03-08,0.7235337709178491,17.456489859681724
Huila,2022-03-09,1.228264760764613,17.75679349905418
Huila,2022-03-10,2.435976612538237,17.695028169966154
Huila,2022-03-11,1.620006143123886,17.77726876462125
Huila,2022-03-12,3.183245000350648,18.043038106135025
Huila,2022-03-13,19.863096837894183,18.032424550185738
Huila,2022-03-14,5.226232076692221,18.16825593841448
Huila,2022-03-15,9.51543764622544,17.57384066740803
Huila,2022-03-16,0.7489996344979848,17.80436049039916
Huila,2022-03-17,6.548263280055014,18.002174037325048
Huila,2022-03-18,4.582608700503772,17.861977746939885
Huila,2022-03-19,3.20947946062656,18.141957531862865
Huila,2022-03-20,12.018532311024762,18.010221677733856
Huila,2022-03-21,5.164275621111986,18.070183109111976
Huila,2022-03-22,8.089506978187067,18.07240343212564
Huila,2022-03-23,0.2353273118792128,18.168744548674344
Huila,2022-03-24,2.762481219022093,18.58242104307515
Huila,2022-03-25,0.1209595841505771,18.60042043483968
Huila,2022-03-26,15.129802720946108,17.979721282098307
Huila,2022-03-27,11.923989722153705,17.994468573546783
Huila,2022-03-28,11.651563507102315,17.244166883137
Huila,2022-03-29,4.476231830339618,17.572440329216377
Huila,2022-03-30,1.837469347292007,17.98018717310313
Huila,2022-03-31,4.851903391099922,18.196394162216485
Huila,2022-04-01,0.5507006102621987,18.36744813870292
Huila,2022-04-02,0.8789777186464474,18.21098816967959
Huila,2022-04-03,0.3188219039147364,18.16665126528564
Huila,2022-04-04,7.988002656421903,18.157722101904547
Huila,2022-04-05,0.1433003287454395,18.03448573441876
Huila,2022-04-06,4.539693228534525,18.151537305129644
Huila,2022-04-07,0.3513830387709353,18.555443383349377
Huila,2022-04-08,3.160191781155325,18.62267840020625
Huila,2022-04-09,2.142216223493436,18.01362036172819
Huila,2022-04-10,4.528533088409788,18.44610352922304
Huila,2022-04-11,6.468866104177531,18.53269266709665
Huila,2022-04-12,1.0117556268486576,18.749223842045414
Huila,2022-04-13,0.0794364926185905,18.91933022189214
Huila,2022-04-14,0.8350152211160642,18.570263753452085
Huila,2022-04-15,1.4053387995440163,18.186514616118263
Huila,2022-04-16,2.754033910273848,18.198072940960504
Huila,2022-04-17,9.210959466474767,17.81837295966221
Huila,2022-04-18,17.153867002318595,17.780556517991677
Huila,2022-04-19,17.901661894727305,16.963868521107642
Huila,2022-04-20,5.894873423474717,16.792960010811477
Huila,2022-04-21,5.69747096350147,16.71962726617747
Huila,2022-04-22,3.830040766724123,16.941118685084565
Huila,2022-04-23,2.4294293486403857,17.31893693908509
Huila,2022-04-24,4.165421851899618,17.512818766462832
Huila,2022-04-25,19.1225348911078,17.116076182764193
Huila,2022-04-26,0.0083699211001296,17.48053009531817
Huila,2022-04-27,2.550899900382062,17.932427038013603
Huila,2022-04-28,14.39616877189255,17.411552693189154
Huila,2022-04-29,8.52834635973721,17.43894347733766
Huila,2022-04-30,0.0,16.899245035168725
Huila,2022-05-01,0.0654385380854507,17.33407665593232
Huila,2022-05-02,0.0,17.916735561476983
Huila,2022-05-03,0.0,18.290349946021383
Huila,2022-05-04,0.0673232647740123,18.51567249945455
Huila,2022-05-05,21.500350131354505,17.557314524508723
Huila,2022-05-06,0.0104900090970879,17.823687982275846
Huila,2022-05-07,10.579915200291625,17.499312347508834
Huila,2022-05-08,0.1169461093981002,17.70544274969144
Huila,2022-05-09,2.866930026609191,18.074611343845465
Huila,2022-05-10,1.245812787136293,18.44941831337825
Huila,2022-05-11,14.89746052684815,18.112089761637392
Huila,2022-05-12,2.486258933368446,17.920617896450896
Huila,2022-05-13,4.3129545234046365,17.627035310938847
Huila,2022-05-14,1.1238474728568058,17.839779858019362
Huila,2022-05-15,4.280381329735575,18.47603866387725
Huila,2022-05-16,20.11098941904288,17.839632603800847
Huila,2022-05-17,15.891705415158413,17.17997764989802
Huila,2022-05-18,12.754306108250312,17.028738070542502
Huila,2022-05-19,0.7873405833864296,16.514850987323843
Huila,2022-05-20,0.9599056462758264,16.63830254158144
Huila,2022-05-21,1.2317391902148334,17.18375642865008
Huila,2022-05-22,0.1296847443951883,18.035848875066165
Huila,2022-05-23,3.1357570297974897,17.92152508558732
Huila,2022-05-24,5.997264263133189,17.8696804847156
Huila,2022-05-25,7.95587255679594,17.3895900423535
Huila,2022-05-26,0.0788761414554973,17.262305442311014
Huila,2022-05-27,1.689750225152827,17.150444303480487
Huila,2022-05-28,0.0,17.067519024342644
Huila,2022-05-29,1.2052507369728187,17.644923705250566
Huila,2022-05-30,0.4496082394769825,16.957431852489993
Huila,2022-05-31,6.00274602248655,17.585582536964925
Huila,2022-06-01,6.109646954504075,17.67010888035313
Huila,2022-06-02,2.9694057153421127,17.699472609638864
Huila,2022-06-03,5.516330064648989,17.142813406128663
Huila,2022-06-04,17.266293300284897,17.1514580356399
Huila,2022-06-05,16.149546345469822,17.28501289590284
Huila,2022-06-06,4.785918259739475,17.790553801504732
Huila,2022-06-07,15.175894415320316,17.349797405418247
Huila,2022-06-08,7.64209320486701,17.328476796112056
Huila,2022-06-09,1.4958567059764876,17.30973744696229
Huila,2022-06-10,9.80200541922939,17.790995148770595
Huila,2022-06-11,18.21060085786013,16.790114432484607
Huila,2022-06-12,0.2607376349995334,15.782071723984636
Huila,2022-06-13,0.0557085190298747,15.605203620158818
Huila,2022-06-14,0.0,16.46231368001431
Huila,2022-06-15,0.0,16.863822377608134
Huila,2022-06-16,0.3670597096012535,17.364994450827684
Huila,2022-06-17,2.6396318912313537,17.710572001817134
Huila,2022-06-18,6.053437011913514,17.334334561926084
Huila,2022-06-19,12.25412646047614,16.598685038676567
Huila,2022-06-20,9.623108750041142,16.88941123182578
Huila,2022-06-21,3.786459476239445,16.82342554732142
Huila,2022-06-22,0.3797198926939245,17.268396533371206
Huila,2022-06-23,11.350022717998751,16.317584827139786
Huila,2022-06-24,0.0,16.418041922214666
Huila,2022-06-25,7.211931526233635,15.894537790652423
Huila,2022-06-26,0.0289476027062964,15.202412701275174
Huila,2022-06-27,0.0,16.51255955809564
Huila,2022-06-28,0.0602169333481277,17.62632002360397
Huila,2022-06-29,4.254048038755704,17.286673013193024
Huila,2022-06-30,0.1912406160162363,17.527427147113723
Huila,2022-07-01,0.014191346510886,17.390851809658535
Huila,2022-07-02,0.0,17.208657809898156
Huila,2022-07-03,0.0,17.17827235296102
Huila,2022-07-04,14.03433868361974,17.33669597924887
Huila,2022-07-05,0.0,16.728370224840823
Huila,2022-07-06,0.0,17.371248745618622
Huila,2022-07-07,0.0505560101565061,17.1239597150404
Huila,2022-07-08,0.6337376000172887,17.099921775679356
Huila,2022-07-09,1.7576834031937167,17.23181152943318
Huila,2022-07-10,0.244046339801311,17.600505629350327
Huila,2022-07-11,0.2409269681444641,17.57614657792727
Huila,2022-07-12,0.1093392295580705,17.560542519936696
Huila,2022-07-13,7.136148767800236,17.385354820550553
Huila,2022-07-14,7.799043982215498,17.41663906893438
Huila,2022-07-15,14.145424762811736,17.725728328052618
Huila,2022-07-16,1.6318394293421663,18.163001523718297
Huila,2022-07-17,35.33365970672458,17.57427608886306
Huila,2022-07-18,3.916061318273066,17.07333476505462
Huila,2022-07-19,0.0,17.055711479089872
Huila,2022-07-20,0.2081844178448929,16.27512629185239
Huila,2022-07-21,0.0,16.19448419295909
Huila,2022-07-22,0.0177422885090583,17.42772628356193
Huila,2022-07-23,6.935204252755287,17.4601768202402
Huila,2022-07-24,0.850385384903416,17.4270079410172
Huila,2022-07-25,8.41637378473137,17.26256566338073
Huila,2022-07-26,0.021425514720314,17.51357394057282
Huila,2022-07-27,35.34994654600489,16.849519466793502
Huila,2022-07-28,3.912850591368628,16.98084627630077
Huila,2022-07-29,0.0183565585299217,17.64640140112018
Huila,2022-07-30,0.2146519659256135,17.5667842873917
Huila,2022-07-31,2.7399616342984534,17.509443335564665
Huila,2022-08-01,1.1995403594173657,17.90622299800067
Huila,2022-08-02,11.21783915939648,17.26207849314127
Huila,2022-08-03,0.56095024421739,17.201104591018787
Huila,2022-08-04,1.5906068450990212,17.412255787214068
Huila,2022-08-05,6.926416154197246,17.609536229308397
Huila,2022-08-06,4.6684162591821785,17.203754540095666
Huila,2022-08-07,0.0,17.664461097899792
Huila,2022-08-08,0.0,17.82632197567897
Huila,2022-08-09,2.9633878219070406,17.258341631783036
Huila,2022-08-10,0.384117623893927,17.12419367879468
Huila,2022-08-11,1.2311083526452065,17.290113386565107
Huila,2022-08-12,0.5783410284051641,17.465383359897192
Huila,2022-08-13,2.001851094258243,17.17136429417408
Huila,2022-08-14,3.5247143561244885,17.237661992334743
Huila,2022-08-15,0.3248313748475643,17.47056331824505
Huila,2022-08-16,0.1954380805290859,17.65711331576534
Huila,2022-08-17,6.150271230111253,18.08483358240481
Huila,2022-08-18,0.144919073480945,18.745540360578385
Huila,2022-08-19,4.452933608067119,18.654824736007228
Huila,2022-08-20,12.773519999252915,16.384031855282718
Huila,2022-08-21,0.2495040408875551,15.931681094071209
Huila,2022-08-22,0.4580454775236259,16.10275454063315
Huila,2022-08-23,0.0,16.688043475427087
Huila,2022-08-24,0.0,16.902157051443666
Huila,2022-08-25,0.0,17.309590817427996
Huila,2022-08-26,0.0,18.12895499542628
Huila,2022-08-27,0.0009644613980747096,17.886019453996784
Huila,2022-08-28,0.3440102180768901,17.251398504181047
Huila,2022-08-29,1.983475211824674,16.52465771698832
Huila,2022-08-30,0.7525382822900651,16.997254731116954
Huila,2022-08-31,0.0,17.360109390396595
Huila,2022-09-01,0.0,17.6896831832851
Huila,2022-09-02,1.9309437220755523,18.110897448862204
Huila,2022-09-03,3.298241197748187,17.25025487870042
Huila,2022-09-04,0.0,17.0430431969797
Huila,2022-09-05,0.0015799909432365,16.814436075054545
Huila,2022-09-06,0.0,17.335130836039912
Huila,2022-09-07,0.0110640049592438,17.87001674228933
Huila,2022-09-08,0.0,18.387963644503557
Huila,2022-09-09,0.8771744676142698,18.216533793037684
Huila,2022-09-10,0.1832695386268313,17.42560486584288
Huila,2022-09-11,0.0,17.963999488509746
Huila,2022-09-12,0.1001666849246928,18.42646057382637
Huila,2022-09-13,21.45951666022767,17.908259213230725
Huila,2022-09-14,1.5842524279757733,17.851667296142693
Huila,2022-09-15,8.08388814254326,18.41734492940669
Huila,2022-09-16,18.880547103469745,17.408366516531032
Huila,2022-09-17,0.0308377865480592,17.57496629048141
Huila,2022-09-18,0.0425096711099058,18.264292587362785
Huila,2022-09-19,3.631881559053921,18.20043030905293
Huila,2022-09-20,13.9025157247574,17.288838257194918
Huila,2022-09-21,11.607669854264524,17.54286479844498
Huila,2022-09-22,1.1904514929819363,17.396846531051235
Huila,2022-09-23,1.032846262149252,17.843883774365548
Huila,2022-09-24,16.181822359429173,17.486035689198594
Huila,2022-09-25,0.4061066223228385,18.06449820210479
Huila,2022-09-26,8.34762168228785,18.601363783895227
Huila,2022-09-27,2.117976849068044,18.61918653391117
Huila,2022-09-28,4.976038916741088,18.530971435261264
Huila,2022-09-29,8.177935000378822,17.820667098817673
Huila,2022-09-30,9.57538575826708,17.981851351709714
Huila,2022-10-01,12.195418833301408,16.630492726230614
Huila,2022-10-02,1.1827715249820616,16.88579024172913
Huila,2022-10-03,0.4450401275260211,17.642093182066333
Huila,2022-10-04,1.5087577982175029,18.28742029564855
Huila,2022-10-05,11.227887799250738,18.490655195203814
Huila,2022-10-06,10.75116328302546,17.98395491868996
Huila,2022-10-07,5.8691503967519445,17.929377844818955
Huila,2022-10-08,13.34188934335145,17.331221438525613
Huila,2022-10-09,0.0,17.737331845733667
Huila,2022-10-10,0.1204158605264069,17.887558131425248
Huila,2022-10-11,1.6124848979100772,18.26470830077301
Huila,2022-10-12,1.9350729143221432,18.24527988317324
Huila,2022-10-13,3.897080729932972,18.63746667688038
Huila,2022-10-14,11.3389037497469,18.810580158583225
Huila,2022-10-15,29.699679331092412,18.134988322391056
Huila,2022-10-16,6.231622955985472,17.999180608414775
Huila,2022-10-17,1.495112669355282,18.367681262435447
Huila,2022-10-18,28.557544078177585,18.27618273501839
Huila,2022-10-19,12.064582060922495,17.5441005750787
Huila,2022-10-20,20.243784388005285,17.41478529862558
Huila,2022-10-21,0.0031635347794053,17.925776257929407
Huila,2022-10-22,17.538941329714103,18.07073575274379
Huila,2022-10-23,22.934388527712542,17.972230426500584
Huila,2022-10-24,7.036437704197085,17.40065723730508
Huila,2022-10-25,6.786905577660105,18.07843584086465
Huila,2022-10-26,73.35040909974764,17.758706176974922
Huila,2022-10-27,17.684876772315647,17.82672522609384
Huila,2022-10-28,34.010180809193265,17.50899483630429
Huila,2022-10-29,75.78362388771023,17.259085955203826
Huila,2022-10-30,0.367016438771029,17.43864261569297
Huila,2022-10-31,2.046347617366692,17.861280962715426
Huila,2022-11-01,0.1932433919773907,18.067846441583956
Huila,2022-11-02,25.657896978036632,16.571371620460912
Huila,2022-11-03,0.0972602788061494,15.462889057909974
Huila,2022-11-04,0.242121085358441,16.684502946128077
Huila,2022-11-05,0.9958597123408728,17.077689643351647
Huila,2022-11-06,5.835673409576389,17.432588887669397
Huila,2022-11-07,2.43288079760727,17.837398696986046
Huila,2022-11-08,7.089628869845999,17.804055816624512
Huila,2022-11-09,22.96560903132793,17.348946058375216
Huila,2022-11-10,11.118342554860742,17.21326748862045
Huila,2022-11-11,4.011471389046897,17.664543250945524
Huila,2022-11-12,6.119309134843893,17.819896405396566
Huila,2022-11-13,9.204454048224331,17.8934221243726
Huila,2022-11-14,4.9838113996585856,17.985086400389772
Huila,2022-11-15,6.041879178672385,17.834718523280085
Huila,2022-11-16,8.898727023128794,18.058688378079815
Huila,2022-11-17,2.3232081896741743,17.566376979254674
Huila,2022-11-18,3.042291813271809,17.778198508902758
Huila,2022-11-19,5.075285618716327,18.403558928042667
Huila,2022-11-20,1.496552995622098,18.30982763274572
Huila,2022-11-21,10.579261258668716,18.640281205841788
Huila,2022-11-22,11.366345377544045,18.001765815148907
Huila,2022-11-23,0.5649309986731738,17.185094739639833
Huila,2022-11-24,4.841907899063152,17.36503594327349
Huila,2022-11-25,2.200257706434421,17.609460892572372
Huila,2022-11-26,0.9754175605223152,17.627884296773452
Huila,2022-11-27,12.107692147869392,17.399528542077622
Huila,2022-11-28,10.829992404573632,17.529310201351976
Huila,2022-11-29,28.79657888489512,17.24443156428465
Huila,2022-11-30,10.79151164608364,16.822810464415756
Huila,2022-12-01,4.483479828624994,17.15531532060256
Huila,2022-12-02,2.2872633217480933,17.29365920759041
Huila,2022-12-03,7.260683895242802,17.54092326221421
Huila,2022-12-04,17.814736291076475,17.47934031896
Huila,2022-12-05,13.041300565454131,16.76484447841913
Huila,2022-12-06,2.3001285615490645,16.712759455168026
Huila,2022-12-07,1.820809148413749,16.888513910101246
Huila,2022-12-08,0.0210346000136534,16.89254479586103
Huila,2022-12-09,0.2139396461306336,17.100127442138724
Huila,2022-12-10,0.0068325015995605,17.257841252410742
Huila,2022-12-11,1.1280598420857957,17.307348173525863
Huila,2022-12-12,3.006876303561963,17.349488808566612
Huila,2022-12-13,0.823228102946265,17.296940171272073
Huila,2022-12-14,1.7657944232746,17.006808091252715
Huila,2022-12-15,0.0158049384414714,17.323353598320328
Huila,2022-12-16,1.9343812957866005,17.494112015513068
Huila,2022-12-17,0.4467700917900732,17.94906485771378
Huila,2022-12-18,1.4173682547165882,17.607342265867857
Huila,2022-12-19,0.5696081717339395,17.685724788424952
Huila,2022-12-20,0.0175815503184387,17.94282049270043
Huila,2022-12-21,3.3873892905976657,17.885670297578518
Huila,2022-12-22,0.0,18.425166992375853
Huila,2022-12-23,0.4976790238127414,18.45620594208322
Huila,2022-12-24,8.377949543276987,18.30356251159572
Huila,2022-12-25,8.122409796506773,18.32827963951388
Huila,2022-12-26,9.54074977690225,18.278800734317173
Huila,2022-12-27,0.3273458508390929,17.672045561733686
Huila,2022-12-28,0.6349539527462822,18.276056970908886
Huila,2022-12-29,0.8273969569067672,18.183178885411493
Huila,2022-12-30,0.8080141589357677,18.34389449617608
Huila,2022-12-31,13.969620495614954,18.06782754923077
Huila,2023-01-01,0.5708685446952053,17.82361099665944
Huila,2023-01-02,6.152811708501354,17.652888917596165
Huila,2023-01-03,17.68556679849584,16.838945348894136
Huila,2023-01-04,14.47470474354182,16.993494155061345
Huila,2023-01-05,4.699220789226448,17.648640692874164
Huila,2023-01-06,0.7252302807013823,17.854078883713623
Huila,2023-01-07,15.021019762648212,17.483863515530633
Huila,2023-01-08,1.3562173775810795,16.796910970207254
Huila,2023-01-09,0.3857021337451237,17.05206289644292
Huila,2023-01-10,12.154633159087933,16.729386676248758
Huila,2023-01-11,2.61911692012328,16.6637603575394
Huila,2023-01-12,13.242084040336987,16.74677778076041
Huila,2023-01-13,9.448996214699523,17.142385160682355
Huila,2023-01-14,15.152930346287834,17.22114258785708
Huila,2023-01-15,6.788143299322794,16.911785912662364
Huila,2023-01-16,6.469056895640282,17.39095416694962
Huila,2023-01-17,28.823585835808,17.377559212381733
Huila,2023-01-18,5.428979384244298,17.307445555540436
Huila,2023-01-19,7.642089154883427,16.8958878060586
Huila,2023-01-20,11.351527566651963,16.71592656821407
Huila,2023-01-21,1.8472722260973573,16.780884722605244
Huila,2023-01-22,9.18966258662873,17.255534929424577
Huila,2023-01-23,0.0402700352418549,17.278664953418243
Huila,2023-01-24,0.0,17.64727354367835
Huila,2023-01-25,0.0,17.50628983005747
Huila,2023-01-26,0.0,18.21499604256384
Huila,2023-01-27,0.0118438139750861,17.902189673657848
Huila,2023-01-28,0.0017343342296087,17.86547801641481
Huila,2023-01-29,0.0,17.87434683137364
Huila,2023-01-30,0.0972758274171374,17.94271141029816
Huila,2023-01-31,3.36397195933452,18.129896751213167
Huila,2023-02-01,0.0,18.441859601535405
Huila,2023-02-02,0.0,18.66319464443612
Huila,2023-02-03,0.0,18.047437826537703
Huila,2023-02-04,0.302512955359301,17.768227131300453
Huila,2023-02-05,0.51842361746565,18.11431456230512
Huila,2023-02-06,0.0,18.38234140356191
Huila,2023-02-07,0.0101569442228603,18.32477774086752
Huila,2023-02-08,0.0,18.63234858470523
Huila,2023-02-09,0.1729122248690601,18.99064553708641
Huila,2023-02-10,0.0401926961692709,18.83433598448878
Huila,2023-02-11,0.0066831744774756,18.61965782648343
Huila,2023-02-12,0.656364035379395,18.811484778204164
Huila,2023-02-13,0.0566550267786958,18.951070657504903
Huila,2023-02-14,8.115551833163488,18.92296226344113
Huila,2023-02-15,1.805676979240112,18.66403390832625
Huila,2023-02-16,5.438762118189914,18.55415221907452
Huila,2023-02-17,5.241365273973851,18.202722045646645
Huila,2023-02-18,14.131993882967103,17.428614055983278
Huila,2023-02-19,0.8840657421470516,17.993977245499817
Huila,2023-02-20,6.608108744903439,18.256430740784644
Huila,2023-02-21,7.792822612598512,18.18236061535086
Huila,2023-02-22,17.790429131925283,17.540779680898794
Huila,2023-02-23,0.0,18.02343677447213
Huila,2023-02-24,0.0149145263811076,18.538448767685672
Huila,2023-02-25,0.0236831536712656,19.00101875348153
Huila,2023-02-26,0.0,18.895958493842137
Huila,2023-02-27,0.3787794478693461,18.91343413105304
Huila,2023-02-28,4.006064387695358,18.585217154634574
Huila,2023-03-01,5.9619619639079575,18.196372699952835
Huila,2023-03-02,0.0,18.32720208619978
Huila,2023-03-03,0.1586200058959033,18.50504883946699
Huila,2023-03-04,0.0,18.610808297267702
Huila,2023-03-05,1.180450543995873,18.132269152408924
Huila,2023-03-06,2.997738489905952,18.36230930863873
Huila,2023-03-07,8.692322612317847,17.894187611341394
Huila,2023-03-08,17.228919574031174,17.745801472976435
Huila,2023-03-09,63.12105568785334,16.83401012453441
Huila,2023-03-10,9.692987625344497,17.220301153765952
Huila,2023-03-11,41.818486261438345,16.60350259853286
Huila,2023-03-12,6.793414347456593,16.723228474409463
Huila,2023-03-13,8.461702687048563,16.983516769139058
Huila,2023-03-14,7.641408736803024,16.873093491065102
Huila,2023-03-15,12.644578723234126,17.06848471841934
Huila,2023-03-16,5.900204078733469,17.21125784640519
Huila,2023-03-17,10.57775482765875,17.395868440294613
Huila,2023-03-18,14.654403478335722,17.631988409538113
Huila,2023-03-19,9.285487194846937,17.50193707274825
Huila,2023-03-20,2.349623035261956,17.660101564607277
Huila,2023-03-21,1.1645224672627192,17.71660254049263
Huila,2023-03-22,0.7761039117573331,18.18182587933354
Huila,2023-03-23,2.154226757116987,18.198142523460564
Huila,2023-03-24,15.446251649917924,17.771086331148094
Huila,2023-03-25,5.182743140113929,17.548198721153184
Huila,2023-03-26,2.9185562187187624,17.614276702514985
Huila,2023-03-27,0.6839057899199851,17.543068049032087
Huila,2023-03-28,2.3771673280631447,17.88438684015174
Huila,2023-03-29,7.404431764102911,17.565697261793517
Huila,2023-03-30,0.00024823004929919184,17.94569812681526
Huila,2023-03-31,3.191257672533299,18.201186785733828
Huila,2023-04-01,4.725213490661559,17.999130255414084
Huila,2023-04-02,1.9367623013415984,17.21654694019977
Huila,2023-04-03,0.63006447227459,17.80570517833425
Huila,2023-04-04,4.892444712658982,17.930718194998267
Huila,2023-04-05,8.913024962703497,18.49675612997768
Huila,2023-04-06,15.07996637449022,17.882973718446724
Huila,2023-04-07,2.080630720911716,17.75931119186356
Huila,2023-04-08,16.441813833614944,17.475700800988285
Huila,2023-04-09,0.8321902304272689,17.3198852943828
Huila,2023-04-10,0.6658675631583807,17.391374715027126
Huila,2023-04-11,0.4959167308299192,18.07677151209055
Huila,2023-04-12,2.401910309759819,18.1170463117987
Huila,2023-04-13,5.8933097858510175,18.533545708876037
Huila,2023-04-14,3.326977154262129,18.425665691744115
Huila,2023-04-15,0.764738157514832,18.528097706094275
Huila,2023-04-16,14.296769534637908,18.16764928590212
Huila,2023-04-17,10.915782703019074,17.457579308577586
Huila,2023-04-18,6.3195723029713085,17.416458580022024
Huila,2023-04-19,0.4620639608469231,18.41033136798673
Huila,2023-04-20,14.229342519411794,18.414259169395063
Huila,2023-04-21,17.35307441323402,17.643677419142062
Huila,2023-04-22,9.397196880844492,17.49102285793179
Huila,2023-04-23,16.33380645458983,16.840670978402162
Huila,2023-04-24,2.277585180515571,17.37307479378751
Huila,2023-04-25,4.012886548542015,17.481033701396175
Huila,2023-04-26,14.013935430305455,17.59822989306196
Huila,2023-04-27,1.894678519843368,17.883418935034136
Huila,2023-04-28,0.5199900339534644,17.97835011459829
Huila,2023-04-29,2.2875215813951506,17.651077730758246
Huila,2023-04-30,0.6909699932129908,18.201404110042635
Huila,2023-05-01,1.35581627946311,18.325737034340182
Huila,2023-05-02,2.613046635524837,18.33210829323464
Huila,2023-05-03,1.662701984600699,18.16239114288855
Huila,2023-05-04,1.4586313290449062,18.173111960389832
Huila,2023-05-05,0.1191030922676677,18.44603250516221
Huila,2023-05-06,4.137317672375141,17.720874016691468
Huila,2023-05-07,0.1155674146844497,18.822344489440383
Huila,2023-05-08,0.0119108707032214,18.579139549581
Huila,2023-05-09,3.198823120032133,18.418393040763867
Huila,2023-05-10,0.8004558961913161,18.186775808181725
Huila,2023-05-11,3.3974388105648363,18.478755213590272
Huila,2023-05-12,4.140964156263532,18.17065979480716
Huila,2023-05-13,1.771849662397743,18.010510598019764
Huila,2023-05-14,9.29856745727375,18.00321852309651
Huila,2023-05-15,2.733648726235555,17.4886070776775
Huila,2023-05-16,0.0440157435383004,18.3577657984556
Huila,2023-05-17,0.5896132959595565,18.497129297636675
Huila,2023-05-18,0.0,19.175750192371808
Huila,2023-05-19,1.6616333955261962,18.951455913451387
Huila,2023-05-20,9.42258658959304,18.367320610421324
Huila,2023-05-21,4.183031436500956,18.950715001542665
Huila,2023-05-22,27.530783886408805,18.7853086010194
Huila,2023-05-23,10.915486152871152,18.17678619956368
Huila,2023-05-24,9.397974898875471,18.318828474060133
Huila,2023-05-25,11.867591923730124,18.013385918875525
Huila,2023-05-26,19.814366439413888,17.720694576463387
Huila,2023-05-27,0.0,18.070345539689384
Huila,2023-05-28,4.039170698874285,18.054501702685737
Huila,2023-05-29,0.0,18.220550308966946
Huila,2023-05-30,1.8507656607443888,18.293007455491576
Huila,2023-05-31,3.268398885541544,18.23599228719231
Huila,2023-06-01,8.77203605730542,17.18476800664419
Huila,2023-06-02,0.6219857503488604,17.753157325726168
Huila,2023-06-03,0.0,18.17630437448996
Huila,2023-06-04,0.0,17.810662014493186
Huila,2023-06-05,0.3777488242344309,17.533683860265224
Huila,2023-06-06,1.011853875660819,16.917500175009575
Huila,2023-06-07,0.011915393499603,17.293389615901827
Huila,2023-06-08,0.0089207101221241,17.688279521304143
Huila,2023-06-09,4.327384435263419,17.956724186847715
Huila,2023-06-10,0.0,18.303694120784225
Huila,2023-06-11,17.801370236487497,18.291438994141355
Huila,2023-06-12,0.1828065192435131,18.61263539230401
Huila,2023-06-13,0.0270309419694999,18.22911398878693
Huila,2023-06-14,20.92123633966548,17.371713279783723
Huila,2023-06-15,2.0938002037952894,16.257005158627187
Huila,2023-06-16,0.4139372095363974,16.117577585550293
Huila,2023-06-17,0.5778397397366678,16.00951140912216
Huila,2023-06-18,0.0883543583986123,16.419369626251136
Huila,2023-06-19,0.0,16.74623858794344
Huila,2023-06-20,0.0382346848819437,16.995691059802436
Huila,2023-06-21,0.0,17.262749205528078
Huila,2023-06-22,0.1016742650779079,17.46846877679857
Huila,2023-06-23,1.3502559608863198,17.87764967081282
Huila,2023-06-24,1.1515319570604747,18.04186711351336
Huila,2023-06-25,3.3946987450777404,17.982767123223777
Huila,2023-06-26,0.5759319603301901,17.905156770563927
Huila,2023-06-27,0.0,18.036923903930813
Huila,2023-06-28,0.1502514777512704,18.045996521526025
Huila,2023-06-29,4.420988116731723,18.27291277495823
Huila,2023-06-30,1.1335325276999426,17.738857695372644
Huila,2023-07-01,0.2470580589113455,17.445913896522995
Huila,2023-07-02,0.0,17.368982547574333
Huila,2023-07-03,0.4912159095931505,18.35309613456476
Huila,2023-07-04,5.765871901409943,18.081712545034023
Huila,2023-07-05,1.467383754076314,18.379502760075173
Huila,2023-07-06,0.2703516248146596,17.95830127536515
Huila,2023-07-07,19.17100772220397,17.588621342888437
Huila,2023-07-08,9.611679224463822,17.589149424810138
Huila,2023-07-09,9.299424239765598,17.83148493061669
Huila,2023-07-10,0.3510981044510666,17.621348565426267
Huila,2023-07-11,2.3169812290706364,17.86738619523465
Huila,2023-07-12,0.0318031814462547,17.70668355006447
Huila,2023-07-13,0.0390732610153672,17.67503602074761
Huila,2023-07-14,1.883622420387028,17.0494161380505
Huila,2023-07-15,10.36181106547616,17.320424545497293
Huila,2023-07-16,0.0,17.790591963012286
Huila,2023-07-17,6.638384916731249,16.911225999651002
Huila,2023-07-18,0.0,17.088110570991955
Huila,2023-07-19,0.0,17.030573136187765
Huila,2023-07-20,0.0386609718411612,17.352786162151833
Huila,2023-07-21,3.642515791687292,17.198674906405838
Huila,2023-07-22,0.4534065356171517,17.32150243880137
Huila,2023-07-23,0.0,17.064217380714002
Huila,2023-07-24,0.5987878080598769,16.998630815398464
Huila,2023-07-25,0.0,17.814959496411653
Huila,2023-07-26,0.0,18.543252185135035
Huila,2023-07-27,1.318461029541934,18.7125861315212
Huila,2023-07-28,6.594127126308761,18.44518009142427
Huila,2023-07-29,9.186923560805852,17.69842350813188
Huila,2023-07-30,2.741671748816403,17.208181794790598
Huila,2023-07-31,0.2046436557200759,16.184867655074445
Huila,2023-08-01,0.0,16.43912337482226
Huila,2023-08-02,0.0,16.923366618152027
Huila,2023-08-03,0.0,17.670409482581658
Huila,2023-08-04,0.0,17.83422098745337
Huila,2023-08-05,0.0,17.800319627267896
Huila,2023-08-06,0.0289282527257279,17.55187043500867
Huila,2023-08-07,0.1248185908969071,18.246910557084643
Huila,2023-08-08,0.1019128911282281,18.42095200444102
Huila,2023-08-09,10.366488862091904,17.86626959038806
Huila,2023-08-10,0.0522495360395719,18.150592597417507
Huila,2023-08-11,0.5461204539801249,18.050052742702277
Huila,2023-08-12,0.0190025336777617,18.34515386589601
Huila,2023-08-13,0.4372584239206776,18.187611761751
Huila,2023-08-14,0.2361506860949244,17.6827381845532
Huila,2023-08-15,0.6531483318080252,17.457393311218983
Huila,2023-08-16,0.0037277082240269,18.465033860605647
Huila,2023-08-17,0.0,18.93531950158534
Huila,2023-08-18,0.5490354458572668,19.310201995464787
Huila,2023-08-19,3.110217056148899,19.307308119757547
Huila,2023-08-20,12.525236503901668,19.226174813993964
Huila,2023-08-21,12.81004556941702,18.71709103036568
Huila,2023-08-22,8.277411949714494,18.01112485741341
Huila,2023-08-23,0.0042487620137731,18.339534127009003
Huila,2023-08-24,10.152414351364198,17.757838715756748
Huila,2023-08-25,6.551360040434565,18.067170981818183
Huila,2023-08-26,0.5111350511922735,18.75284797937987
Huila,2023-08-27,1.3287676830821802,18.705386614688468
Huila,2023-08-28,0.0873644112607485,18.524572039074148
Huila,2023-08-29,1.9642375083461068,18.774842673009054
Huila,2023-08-30,1.1653517669166702,18.66760148037759
Huila,2023-08-31,0.0139398890788129,19.065554444507683
Huila,2023-09-01,0.0,19.12431170110128
Huila,2023-09-02,7.258503860499273,19.40482662147453
Huila,2023-09-03,3.546080038214765,19.31141393176124
Huila,2023-09-04,0.8220487208022336,18.870665467300167
Huila,2023-09-05,1.5660410991331493,18.53900711807805
Huila,2023-09-06,0.0678388953768964,18.34165265951322
Huila,2023-09-07,0.0009345961288547402,18.69042932514686
Huila,2023-09-08,0.1050359020544908,19.00175746532948
Huila,2023-09-09,0.3346313266967238,18.2540355373902
Huila,2023-09-10,0.6018113633918837,18.095251919556723
Huila,2023-09-11,3.864184209798336,18.852876231893102
Huila,2023-09-12,0.0,19.194518169880155
Huila,2023-09-13,0.6848046498706155,19.420297840696115
Huila,2023-09-14,1.4429137766399835,18.58734018094712
Huila,2023-09-15,1.354613586275309,18.54508061777605
Huila,2023-09-16,0.0,18.774043457673653
Huila,2023-09-17,8.23341958705649,18.263289139821847
Huila,2023-09-18,0.0,18.36319251252345
Huila,2023-09-19,0.3490315142394427,18.49557531117897
Huila,2023-09-20,0.0176032913171485,18.49702621739288
Huila,2023-09-21,0.0,18.560636492256023
Huila,2023-09-22,0.0921955366501849,19.374933403661192
Huila,2023-09-23,1.4073529916919498,19.24474455746604
Huila,2023-09-24,1.1405758563815631,18.552215393371966
Huila,2023-09-25,0.3652917158485361,18.842687020905448
Huila,2023-09-26,0.5806465406346087,19.732178216743737
Huila,2023-09-27,3.7134906521718416,20.23916933827083
Huila,2023-09-28,2.5488527249613364,19.412427583315207
Huila,2023-09-29,0.2590775844154763,19.66192614992652
Huila,2023-09-30,0.3879471089341764,19.975516734755505
Huila,2023-10-01,4.462749833593269,19.448899453566764
Huila,2023-10-02,0.0,20.0929561072302
Huila,2023-10-03,1.6119810291804506,20.404610562727925
Huila,2023-10-04,1.0387977254450125,20.11976963611261
Huila,2023-10-05,8.01956506500985,19.914461553694945
Huila,2023-10-06,8.237205039427465,19.93724046988256
Huila,2023-10-07,1.0958897700524055,20.12012549149508
Huila,2023-10-08,3.2682633640915264,19.69512690179001
Huila,2023-10-09,1.5323227358841731,19.7719518894808
Huila,2023-10-10,9.819235689819,18.692993875000266
Huila,2023-10-11,4.150770441925108,19.05276203784709
Huila,2023-10-12,0.0,19.740345758567425
Huila,2023-10-13,1.3918091896051543,19.48210143181148
Huila,2023-10-14,1.458027165355113,18.92217282321319
Huila,2023-10-15,0.1191800176665786,18.6430380085459
Huila,2023-10-16,0.049009973828907,19.02361648359561
Huila,2023-10-17,0.0437745442068068,19.034857883569146
Huila,2023-10-18,0.00018432304878999984,19.214807072425604
Huila,2023-10-19,0.1742743591877363,18.88228072794667
Huila,2023-10-20,0.6163557731214082,18.770236513112128
Huila,2023-10-21,0.0,19.416490645012807
Huila,2023-10-22,2.8485453321550707,19.442740302299104
Huila,2023-10-23,8.25847129375275,19.38179856576619
Huila,2023-10-24,10.641581127328395,19.421187627463414
Huila,2023-10-25,2.573278823061908,19.37790220193913
Huila,2023-10-26,13.997592295326546,18.488514856575232
Huila,2023-10-27,16.704080741660995,18.12493165015329
Huila,2023-10-28,3.8302582205288895,18.289824872584607
Huila,2023-10-29,13.74864381295689,18.079034745847032
Huila,2023-10-30,7.104964049601305,18.23475935524951
Huila,2023-10-31,5.722313249091568,18.16628011315753
Huila,2023-11-01,22.414945435121435,18.236729926183838
Huila,2023-11-02,22.612706675387532,17.831572866573143
Huila,2023-11-03,3.06600762974324,18.307177976301933
Huila,2023-11-04,23.42516784895781,17.83883491980286
Huila,2023-11-05,0.0037024378682384,18.29493181689532
Huila,2023-11-06,4.985319737644762,18.367007666769133
Huila,2023-11-07,1.7205917776923447,18.506718335038443
Huila,2023-11-08,0.027267814539963,18.914302973401583
Huila,2023-11-09,0.6358104418945298,19.240078348297
Huila,2023-11-10,0.4331539772841354,18.68863578548032
Huila,2023-11-11,0.4393667720537507,18.91025057126727
Huila,2023-11-12,0.4103494369704223,19.018252600414147
Huila,2023-11-13,0.9461992134748204,19.313354711980327
Huila,2023-11-14,0.2702913511376513,19.2733589952824
Huila,2023-11-15,0.1574048939981809,19.35043921707529
Huila,2023-11-16,1.788885078406614,19.496088625535545
Huila,2023-11-17,0.0159537529036423,19.49067564824064
Huila,2023-11-18,9.533453843926525,18.63443809281464
Huila,2023-11-19,5.763130636854582,18.321413238309603
Huila,2023-11-20,10.540005439496207,18.02881531036148
Huila,2023-11-21,11.633431209956774,18.34902133009919
Huila,2023-11-22,4.208867244379028,18.645772640845
Huila,2023-11-23,1.6856939080171165,18.82065882123824
Huila,2023-11-24,6.12336160823246,18.757050738536424
Huila,2023-11-25,16.12226737689787,18.380644582400205
Huila,2023-11-26,9.130186109213602,18.37912339727548
Huila,2023-11-27,0.8135505729336721,18.35689439796668
Huila,2023-11-28,0.2506736347248265,18.22822072521901
Huila,2023-11-29,2.8179229881038035,18.115236995300744
Huila,2023-11-30,0.0351057559211605,18.354985655130008
Huila,2023-12-01,0.0052200704845749,18.773856696325
Huila,2023-12-02,0.0,18.54039031043346
Huila,2023-12-03,0.0,18.75700212810296
Huila,2023-12-04,0.0,19.08168042719632
Huila,2023-12-05,0.0,18.90795552344433
Huila,2023-12-06,0.00012257324711211653,18.951983527017894
Huila,2023-12-07,0.0040847582301953,18.760485134791097
Huila,2023-12-08,0.1616393943325471,19.058176199932863
Huila,2023-12-09,0.0156521412614438,18.49984247181932
Huila,2023-12-10,1.2320865523037694,18.667595115794867
Huila,2023-12-11,0.9228538516106288,18.744060928619025
Huila,2023-12-12,0.0,19.367385677705723
Huila,2023-12-13,0.0,19.472586083884668
Huila,2023-12-14,1.8279708039369704,19.662437252689216
Huila,2023-12-15,0.7672345665675355,18.835477119842874
Huila,2023-12-16,2.392029796485045,18.793075720016933
Huila,2023-12-17,32.58802774207926,17.905960055115063
Huila,2023-12-18,5.87006931874573,18.41812713829066
Huila,2023-12-19,21.418187689906805,18.55367169254295
Huila,2023-12-20,20.752087877564936,18.65209819940397
Huila,2023-12-21,6.000912012054947,18.7282889070772
Huila,2023-12-22,3.3026433038224186,19.027771714535945
Huila,2023-12-23,0.2493638691502077,18.956783714404267
Huila,2023-12-24,1.6345451819676586,19.06398790808226
Huila,2023-12-25,4.338108438233118,18.820434383365438
Huila,2023-12-26,34.488728096556095,18.278968503543307
Huila,2023-12-27,3.950212499385387,17.96576854782991
Huila,2023-12-28,4.627356598927233,18.159854838826
Huila,2023-12-29,10.37467608174104,18.017246900755488
Huila,2023-12-30,1.2704565279812507,18.17397600594872
Huila,2023-12-31,3.540616995689138,18.205010013083104
Huila,2024-01-01,8.307317524223203,18.66872828164589
Huila,2024-01-02,0.6957674098536927,19.00982174988391
Huila,2024-01-03,1.741662173174862,19.18548917586925
Huila,2024-01-04,0.3975866797256819,19.298702678793795
Huila,2024-01-05,0.6126845995271712,19.008498474446267
Huila,2024-01-06,0.0948439478621445,19.080451930171865
Huila,2024-01-07,0.0,18.51972828541356
Huila,2024-01-08,2.319833314824275,19.05634326495216
Huila,2024-01-09,0.5527372386057904,18.668854965640044
Huila,2024-01-10,0.1382249191773062,19.027925700224653
Huila,2024-01-11,0.2933497995306501,19.14069491015916
Huila,2024-01-12,0.832487915803108,18.77727827924608
Huila,2024-01-13,8.570272564299648,18.46468811731889
Huila,2024-01-14,1.1246267207221634,18.86272986082389
Huila,2024-01-15,0.1035621336705237,19.13286577023972
Huila,2024-01-16,0.0119081234243896,18.97389357099726
Huila,2024-01-17,0.0,19.67141265079995
Huila,2024-01-18,0.0016850300870493,19.27237602388404
Huila,2024-01-19,0.0,18.95813740291103
Huila,2024-01-20,2.696856510292194,18.837862069544958
Huila,2024-01-21,2.098867264396384,18.87816961236756
Huila,2024-01-22,0.009156264383172,19.46056196587165
Huila,2024-01-23,0.0462206175382654,19.45216451086692
Huila,2024-01-24,0.0,19.22575882619822
Huila,2024-01-25,0.0,19.49320810466543
Huila,2024-01-26,0.0,19.603001483647848
Huila,2024-01-27,0.0,19.791694763506552
Huila,2024-01-28,0.260612529769796,20.261931826519323
Huila,2024-01-29,0.0396758186291892,20.681440237896528
Huila,2024-01-30,0.0332144230650016,20.32695119858226
Huila,2024-01-31,5.372273670895738,20.287263739693884
Huila,2024-02-01,0.9755058373026324,20.242781865428697
Huila,2024-02-02,52.2666541906511,19.131015847450197
Huila,2024-02-03,1.15097262923335,18.97822825113147
Huila,2024-02-04,13.586585715796224,18.30332230348748
Huila,2024-02-05,2.095781992791484,17.80015066317916
Huila,2024-02-06,0.0100426905240327,17.83001129882826
Huila,2024-02-07,0.4045878572186054,18.73558922213678
Huila,2024-02-08,0.0,18.705080953884284
Huila,2024-02-09,3.486813555493278,18.734760690958375
Huila,2024-02-10,2.069256016187015,19.03875492749468
Huila,2024-02-11,0.002099274349962,19.142222086541164
Huila,2024-02-12,2.809607391295232,19.33897561175625
Huila,2024-02-13,0.2832392577986344,19.51823606373984
Huila,2024-02-14,0.0,18.803375819208767
Huila,2024-02-15,0.0,18.339214839549456
Huila,2024-02-16,0.0,18.382043476029324
Huila,2024-02-17,0.1939342320087496,18.551043804069444
Huila,2024-02-18,0.0,19.26673358485854
Huila,2024-02-19,0.3889267101435452,19.666812558587008
Huila,2024-02-20,0.0405456160572373,20.19326687642358
Huila,2024-02-21,0.3458347726164603,19.751516966246992
Huila,2024-02-22,0.3701577427791219,18.911307511502777
Huila,2024-02-23,0.0,18.939868113158816
Huila,2024-02-24,0.0298485443912108,19.398837605973466
Huila,2024-02-25,0.0610387566847617,19.18951676367076
Huila,2024-02-26,0.2531880311722216,19.12582608765041
Huila,2024-02-27,6.922848154509537,19.3827123217494
Huila,2024-02-28,0.7619738262568317,19.42615428964141
Huila,2024-02-29,2.163683376237717,19.76569114479361
Huila,2024-03-01,0.043942675623452,19.72338326212385
Huila,2024-03-02,13.355191556159488,19.6062854857136
Huila,2024-03-03,3.3472560841353367,18.70198199698392
Huila,2024-03-04,0.8996849826924426,19.031596334114223
Huila,2024-03-05,0.7898169824634426,19.537652122418745
Huila,2024-03-06,0.0124254891001419,20.009150483117484
Huila,2024-03-07,0.4777092206253752,19.659717745244897
Huila,2024-03-08,1.6551666625668082,18.83305669683712
Huila,2024-03-09,0.0,18.244553311314352
Huila,2024-03-10,0.2428604990203025,19.300333870510624
Huila,2024-03-11,1.4758323298339986,18.767751509977764
Huila,2024-03-12,0.3795623794094403,19.26506333256446
Huila,2024-03-13,0.0,19.30042719831823
Huila,2024-03-14,0.0186220681268502,19.382556821628
Huila,2024-03-15,0.0067563392800066,19.618195672675213
Huila,2024-03-16,0.1005566528885094,20.03440180874861
Huila,2024-03-17,0.0348583040574385,19.804007004795977
Huila,2024-03-18,3.736731591265088,19.819535498942894
Huila,2024-03-19,5.888212185837307,20.14651490595976
Huila,2024-03-20,0.1623491156594077,20.483632135550245
Huila,2024-03-21,9.78393971632489,20.32097257544743
Huila,2024-03-22,8.134352403097417,20.153293229097383
Huila,2024-03-23,15.076819909289366,19.838293140644684
Huila,2024-03-24,2.1546308732015937,20.421377756166564
Huila,2024-03-25,11.94579938707814,20.18505352943945
Huila,2024-03-26,8.517693649561295,19.898616368264427
Huila,2024-03-27,25.63974450805909,19.40376985561819
Huila,2024-03-28,1.803706493515665,19.309464368282875
Huila,2024-03-29,26.42525225452425,18.831031652853756
Huila,2024-03-30,1.480223047925959,18.86269674055282
Huila,2024-03-31,0.954680293517896,18.67989200188305
Huila,2024-04-01,11.28309876095046,19.124185668372785
Huila,2024-04-02,26.26497782033362,18.574796286279245
Huila,2024-04-03,2.668017178061087,18.358744251597013
Huila,2024-04-04,4.145650078394474,18.22339941077984
Huila,2024-04-05,10.43404640618775,18.70061682524385
Huila,2024-04-06,2.9642975793635715,18.573106196627226
Huila,2024-04-07,0.0,18.913074302945912
Huila,2024-04-08,0.2547300634352947,19.09853220772154
Huila,2024-04-09,1.441573430107102,19.388890539314986
Huila,2024-04-10,0.0,19.484738507321897
Huila,2024-04-11,0.2289827018963779,19.56459305050664
Huila,2024-04-12,0.8561402865720759,19.84335099005198
Huila,2024-04-13,0.517548145197561,19.963520753403166
Huila,2024-04-14,1.2359129327661398,20.154568216791883
Huila,2024-04-15,2.5032472239006207,20.4284442868671
Huila,2024-04-16,0.3045759354547582,20.66810547348652
Huila,2024-04-17,19.65666665759345,19.805516556124925
Huila,2024-04-18,0.3224640349418095,19.5763693206292
Huila,2024-04-19,17.764993828091264,18.76840543373901
Huila,2024-04-20,5.642658252400747,18.667063281502127
Huila,2024-04-21,6.685284845717335,18.80755682959059
Huila,2024-04-22,14.10493038014036,17.50647018440362
Huila,2024-04-23,7.317445104861096,18.01561507088597
Huila,2024-04-24,20.47433005077322,18.63562228445789
Huila,2024-04-25,2.184521302792797,18.51159608868632
Huila,2024-04-26,3.0966774851665946,18.894971957327915
Huila,2024-04-27,9.882459734623694,18.670080337110505
Huila,2024-04-28,13.342263908549825,18.55552637377058
Huila,2024-04-29,16.632775455161205,18.136997191887392
Huila,2024-04-30,1.7444059024357923,18.83066001949443
Huila,2024-05-01,6.286155942989183,18.47714978286984
Huila,2024-05-02,0.5183484460280469,18.889744350298063
Huila,2024-05-03,22.240352910128475,18.59766413560357
Huila,2024-05-04,1.956662553978828,18.641730087243022
Huila,2024-05-05,23.137383679973613,18.41407106475413
Huila,2024-05-06,8.774872890228655,18.52523011795713
Huila,2024-05-07,1.907671616677836,19.613649443599005
Huila,2024-05-08,17.61984864008299,19.04618159532673
Huila,2024-05-09,18.530901533028704,17.914771138524017
Huila,2024-05-10,0.0908586458393467,17.937734272296826
Huila,2024-05-11,0.0,18.95294615897277
Huila,2024-05-12,0.3542874746081739,19.1269194484456
Huila,2024-05-13,16.101850797859708,19.06846989540044
Huila,2024-05-14,13.09359702364107,18.833677578570818
Huila,2024-05-15,5.493496014581912,18.0904057707598
Huila,2024-05-16,1.545026290404401,18.18492579344323
Huila,2024-05-17,4.349396984429107,18.70625600920476
Huila,2024-05-18,1.2534883602754792,18.86527063949925
Huila,2024-05-19,3.100094804443999,19.22968033633019
Huila,2024-05-20,1.8217348864879428,18.69689452740936
Huila,2024-05-21,9.405184081417923,18.42600814971165
Huila,2024-05-22,0.0,18.98765944853177
Huila,2024-05-23,0.0436029353008876,18.635590369753107
Huila,2024-05-24,5.308707010830191,18.69333756318023
Huila,2024-05-25,16.94679694617495,18.16919873052313
Huila,2024-05-26,7.37138252032841,18.073171198899576
Huila,2024-05-27,0.0,18.483380506692903
Huila,2024-05-28,1.165823805728744,18.67264556445563
Huila,2024-05-29,8.213460924236403,17.389778856636656
Huila,2024-05-30,0.0,17.674614647143734
Huila,2024-05-31,0.0,17.935473561014923
Huila,2024-06-01,0.0,18.55814391917008
Huila,2024-06-02,0.0,18.393565234094066
Huila,2024-06-03,0.0,18.366774688188016
Huila,2024-06-04,0.3392935770308494,16.863132063462878
Huila,2024-06-05,0.0,16.490424174764435
Huila,2024-06-06,0.2334437964580243,16.850241956837028
Huila,2024-06-07,0.1090682200154797,17.440859714094223
Huila,2024-06-08,1.0563846818035925,17.492629447730558
Huila,2024-06-09,1.1738683769326836,17.43160143691859
Huila,2024-06-10,0.0916183085652607,17.58720208943536
Huila,2024-06-11,15.192666981484786,17.54729707352196
Huila,2024-06-12,12.67708208767812,18.023988401886125
Huila,2024-06-13,6.029139061821365,18.613984988015275
Huila,2024-06-14,9.569934483612313,18.486482897697663
Huila,2024-06-15,16.60266227485012,18.03289002027125
Huila,2024-06-16,31.21432454381372,17.790534591398373
Huila,2024-06-17,0.0,18.191489334653124
Huila,2024-06-18,1.5828348844605369,18.228574657177575
Huila,2024-06-19,13.90336051787784,17.65908341285437
Huila,2024-06-20,1.019533642744284,17.631838481927048
Huila,2024-06-21,14.226088000006875,17.294800603782512
Huila,2024-06-22,0.8269067878238755,17.930111472734215
Huila,2024-06-23,0.1155691410798791,17.973548108494505
Huila,2024-06-24,5.785710411356799,17.806990419089125
Huila,2024-06-25,0.018518301158158,18.040499630805023
Huila,2024-06-26,2.0913382311373296,17.102912315622575
Huila,2024-06-27,0.2301535856370416,16.674255120714534
Huila,2024-06-28,1.2948753581929622,16.690376785316904
Huila,2024-06-29,0.45798430203869,17.50767484172276
Huila,2024-06-30,22.1863235265567,18.012170110611187
Huila,2024-07-01,3.7155667735602127,17.848951014811675
Huila,2024-07-02,2.774320906907586,17.806426307074894
Huila,2024-07-03,2.0384104382037336,17.517461668266822
Huila,2024-07-04,0.0285895291276824,17.670789513512258
Huila,2024-07-05,5.408621297919536,17.449910797620305
Huila,2024-07-06,6.211135406806127,17.118211703472234
Huila,2024-07-07,11.135275837151234,16.56822373091069
Huila,2024-07-08,0.0,17.341391041079856
Huila,2024-07-09,20.420677946195177,17.02556052290795
Huila,2024-07-10,0.0,17.604372444855127
Huila,2024-07-11,3.3682451609596766,17.80130067705922
Huila,2024-07-12,5.048599679378125,17.979911854865993
Huila,2024-07-13,5.716745287076758,17.2637772372529
Huila,2024-07-14,0.0,17.152719960063944
Huila,2024-07-15,0.0,17.28136974432753
Huila,2024-07-16,0.0237350711077904,16.50823829058271
Huila,2024-07-17,0.0,16.388317990943428
Huila,2024-07-18,3.3080933665747247,16.452807099785016
Huila,2024-07-19,0.0,16.74821298368623
Huila,2024-07-20,0.7623981486087811,16.493963735163053
Huila,2024-07-21,0.1907707762707865,16.210218298743573
Huila,2024-07-22,0.0,16.779280503375677
Huila,2024-07-23,0.0056266874670908,16.46281722933517
Huila,2024-07-24,0.0,16.846036130384583
Huila,2024-07-25,0.0715059313904469,17.264156180081212
Huila,2024-07-26,0.0,17.752557828249582
Huila,2024-07-27,0.0933104753869511,17.211179521683178
Huila,2024-07-28,1.991906819795934,17.437156700383454
Huila,2024-07-29,0.0,17.861054395047017
Huila,2024-07-30,0.3892354661584566,16.994627925927105
Huila,2024-07-31,0.0,16.881353926150634
Huila,2024-08-01,0.0,16.317520751348066
Huila,2024-08-02,0.0,17.515657005105496
Huila,2024-08-03,0.0,17.946021414015433
Huila,2024-08-04,2.3014092661771426,18.06519212224527
Huila,2024-08-05,0.5723989964191369,17.492637032454017
Huila,2024-08-06,0.0062026989320441,17.59056909637826
Huila,2024-08-07,2.120769889617056,18.17417813403168
Huila,2024-08-08,0.2464525669496498,18.231637047576896
Huila,2024-08-09,12.904215532631806,17.76829701958615
Huila,2024-08-10,13.596051963008286,16.89413378244854
Huila,2024-08-11,0.668317120480112,17.565143011227107
Huila,2024-08-12,13.114885188710373,17.589731906119052
Huila,2024-08-13,0.0,17.1791050568373
Huila,2024-08-14,0.0,17.080313340721695
Huila,2024-08-15,0.2959929812149983,17.546238067475976
Huila,2024-08-16,0.0,17.468957899729215
Huila,2024-08-17,0.0,17.383012726611526
Huila,2024-08-18,0.0,17.82605239374614
Huila,2024-08-19,0.021390556949984,17.923439340622473
Huila,2024-08-20,0.0,18.150380598051964
Huila,2024-08-21,0.4992432477661221,18.372526139706093
Huila,2024-08-22,0.5883722015696035,18.64234864126173
Huila,2024-08-23,2.8838535292402754,18.799378916966035
Huila,2024-08-24,5.308801854046391,19.20077306581513
Huila,2024-08-25,3.913251771778538,18.23205929639436
Huila,2024-08-26,5.872947637825016,18.15289761384361
Huila,2024-08-27,7.276792390677133,17.96613713834193
Huila,2024-08-28,0.7714414329038807,18.130308253139468
Huila,2024-08-29,1.9881590687905888,17.9452586577493
Huila,2024-08-30,0.0216165592054086,18.32486156131772
Huila,2024-08-31,0.0811184059419999,18.56621102538872
Huila,2024-09-01,0.4508422361253225,18.515458831341626
Huila,2024-09-02,0.3093863717031524,18.3140552210069
Huila,2024-09-03,0.0,18.800190968306275
Huila,2024-09-04,0.0,19.349396009860538
Huila,2024-09-05,5.164269446901856,18.517495311319937
Huila,2024-09-06,1.471706045557453,18.80127661747421
Huila,2024-09-07,0.8711341331647852,18.4627281492302
Huila,2024-09-08,0.0,18.567454075430717
Huila,2024-09-09,0.0,18.59238025845156
Huila,2024-09-10,0.0,18.5064019963049
Huila,2024-09-11,1.1280382846053187,19.41913646041483
Huila,2024-09-12,6.414423455473689,19.87569483101193
Huila,2024-09-13,10.96198941676281,19.98140033088317
Huila,2024-09-14,2.5978299463019288,19.81589162623172
Huila,2024-09-15,3.525836821128644,20.127532647029383
Huila,2024-09-16,0.2640634683721534,19.86715072514456
Huila,2024-09-17,3.17268120367487,19.47781790856
Huila,2024-09-18,0.0004645423545461081,19.66173742075936
Huila,2024-09-19,0.0,19.70088472168259
Huila,2024-09-20,0.0192703280947441,19.35448467947182
Huila,2024-09-21,0.0285572207417035,19.354901439986467
Huila,2024-09-22,0.8434458543021073,19.25647708120817
Huila,2024-09-23,3.834703086595289,19.27924808619033
Huila,2024-09-24,0.0,19.64796610144949
Huila,2024-09-25,0.0,19.739625721049304
Huila,2024-09-26,1.8625671045295245,19.774021288414104
Huila,2024-09-27,2.624551851585969,19.557237303885287
Huila,2024-09-28,15.98548289262176,18.36470539972777
Huila,2024-09-29,3.205721432413852,18.059920064327383
Huila,2024-09-30,0.6773179113900658,17.93806952506742
Huila,2024-10-01,5.490839523516095,18.76853988852689
Huila,2024-10-02,2.0823086320905384,18.858333995365943
Huila,2024-10-03,13.109411787429837,18.163776336713862
Huila,2024-10-04,4.187361553876436,18.31833995965946
Huila,2024-10-05,3.354713908055109,18.904170575817066
Huila,2024-10-06,5.336984362957578,18.793246664405245
Huila,2024-10-07,3.647745869181806,19.249243396170467
Huila,2024-10-08,20.23668049113626,17.770839459741435
Huila,2024-10-09,0.2098418700882734,18.21241939431169
Huila,2024-10-10,7.736027108807399,18.32692228975561
Huila,2024-10-11,0.0492195900981403,18.67264912183009
Huila,2024-10-12,1.7516052996139968,18.5427209826755
Huila,2024-10-13,9.663327328181202,18.42329501289313
Huila,2024-10-14,0.0,17.735857112650976
Huila,2024-10-15,0.4992879619130875,17.97984932581548
Huila,2024-10-16,0.0258863868366508,19.11777707981668
Huila,2024-10-17,0.2093006403413304,19.456361665086074
Huila,2024-10-18,0.0427371407578117,19.74222489561374
Huila,2024-10-19,0.2031917178619714,19.381824447346855
Huila,2024-10-20,7.715466346006432,19.170774176835145
Huila,2024-10-21,2.444273963060559,19.21631117261841
Huila,2024-10-22,3.964210524112605,18.91668219912243
Huila,2024-10-23,6.47111319001693,18.738710949914736
Huila,2024-10-24,0.8952400712719799,19.007452159688174
Huila,2024-10-25,12.007088101898375,19.857112913622892
Huila,2024-10-26,1.3075008311931744,19.963931833501757
Huila,2024-10-27,3.00106634944213,19.37525419856245
Huila,2024-10-28,6.922881033132677,18.399123645784176
Huila,2024-10-29,0.1129392360865087,18.587458370088942
Huila,2024-10-30,1.924384264766121,18.705099819813984
Huila,2024-10-31,3.730894890214497,19.497322443830043
Huila,2024-11-01,6.556149284254716,19.22436418307604
Huila,2024-11-02,7.318891892677667,18.75393661203118
Huila,2024-11-03,2.545168883385427,18.311405362852057
Huila,2024-11-04,33.244918739294214,18.233021194258352
Huila,2024-11-05,1.482739838096115,18.04197387349322
Huila,2024-11-06,6.509719710314891,18.646989812229087
Huila,2024-11-07,2.6426001431641515,19.219562467354017
Huila,2024-11-08,19.34893433815514,18.39768642144242
Huila,2024-11-09,7.313570835362229,18.20467695105198
Huila,2024-11-10,13.703614559492822,17.746702096608967
Huila,2024-11-11,10.84685795140819,17.725352086778194
Huila,2024-11-12,12.114791774889106,17.68742362025937
Huila,2024-11-13,6.561205220096028,17.936956836385832
Huila,2024-11-14,31.14814176589528,17.486417931762535
Huila,2024-11-15,1.6749053323451788,17.397024643825297
Huila,2024-11-16,11.229662332698435,17.40850464663133
Huila,2024-11-17,4.82443236831167,17.714179519928592
Huila,2024-11-18,4.513424243742128,17.989955435948385
Huila,2024-11-19,23.967639770286123,18.15781155114829
Huila,2024-11-20,8.143726165466939,18.037591759817087
Huila,2024-11-21,21.051147695930723,17.627532207743958
Huila,2024-11-22,4.6980483432504085,17.911866819538904
Huila,2024-11-23,20.44453303894409,17.492712471921664
Huila,2024-11-24,0.0,17.92589682222208
Huila,2024-11-25,0.0126852115760449,18.219407626437228
Huila,2024-11-26,0.3476313536775092,18.622588316759533
Huila,2024-11-27,7.519842562340534,18.728928828606303
Huila,2024-11-28,8.477447050430618,18.287634107727964
Huila,2024-11-29,0.7151563736703264,18.409525056071093
Huila,2024-11-30,0.4922847670317514,18.23127071929391
Huila,2024-12-01,0.1004983980357695,18.2807070344632
Huila,2024-12-02,0.0,18.70435443092265
Huila,2024-12-03,12.718191444415377,18.677689902933693
Huila,2024-12-04,8.005473230745078,18.811612864933544
Huila,2024-12-05,0.0,18.748095792080143
Huila,2024-12-06,4.124857543200461,18.51436723175622
Huila,2024-12-07,4.188908546163826,18.12212028067375
Huila,2024-12-08,0.0,18.441417510383484
Huila,2024-12-09,0.0018901163947835,18.165771527142343
Huila,2024-12-10,0.1120985123068,18.21407041679039
Huila,2024-12-11,0.0,18.4734586952325
Huila,2024-12-12,10.395716374289083,18.841898498113373
Huila,2024-12-13,21.23651708962613,18.708117472419246
Huila,2024-12-14,1.112945677983166,18.011355170817364
Huila,2024-12-15,1.5105230901815243,18.131854143229823
Huila,2024-12-16,1.747725180150646,18.330210611171577
Huila,2024-12-17,0.9448273369723502,18.22192878455357
Huila,2024-12-18,0.0,18.48103692312529
Huila,2024-12-19,0.1479169352281119,18.48041678243393
Huila,2024-12-20,0.9425831194958962,18.31719787724682
Huila,2024-12-21,1.15647112624188,18.395529163927275
Huila,2024-12-22,1.542088498580458,18.036681694036638
Huila,2024-12-23,3.5160153100571176,18.02915704324348
Huila,2024-12-24,34.22796149370839,17.926236940388556
Huila,2024-12-25,3.055438354777163,18.506461018339607
Huila,2024-12-26,3.681930139403209,18.54767442256817
Huila,2024-12-27,33.50401676545877,18.17042713516416
Huila,2024-12-28,13.295227441073427,17.66992896236959
Huila,2024-12-29,14.9266352229119,17.39194455793458
Huila,2024-12-30,10.673498483191317,17.616347958833227
Huila,2024-12-31,3.640255397271433,17.783104369786077
Huila,2025-01-01,3.223452499019852,17.786390469773426
Huila,2025-01-02,9.529038782843235,17.905026849792286
Huila,2025-01-03,20.343494288477626,17.19067673884704
Huila,2025-01-04,42.92022340982538,17.55888266190468
Huila,2025-01-05,17.78536032915276,17.06289117795775
Huila,2025-01-06,2.507192596157644,17.293489894861843
Huila,2025-01-07,3.1815631274961897,18.26679428484342
Huila,2025-01-08,4.3470610676427714,18.40449636771813
Huila,2025-01-09,3.535942114991623,18.302568683939104
Huila,2025-01-10,1.524624632725341,18.41075135599705
Huila,2025-01-11,0.0182066995975177,18.467379632108457
Huila,2025-01-12,0.0,18.344162110250902
Huila,2025-01-13,0.0,18.285222945026025
Huila,2025-01-14,0.1526387649988267,18.719431796455783
Huila,2025-01-15,0.0,18.31378418558523
Huila,2025-01-16,0.0836155282621357,18.29614111183127
Huila,2025-01-17,0.331834633960073,18.06056454128009
Huila,2025-01-18,0.0158679958827698,18.2092890641311
Huila,2025-01-19,0.0,17.85713342479929
Huila,2025-01-20,0.0,18.36110820024172
Huila,2025-01-21,0.0556353907073248,18.37832388188157
Huila,2025-01-22,0.0948654115962356,18.423546797171063
Huila,2025-01-23,0.0749428725517565,17.70381021539332
Huila,2025-01-24,1.9945026734518376,17.04372291558625
Huila,2025-01-25,6.822919871162374,17.577880777924353
Huila,2025-01-26,0.2280032634027093,17.676190874390045
Huila,2025-01-27,0.0,17.993290553148594
Huila,2025-01-28,0.0,17.700187946186972
Huila,2025-01-29,0.0923423074480693,17.877582989760818
Huila,2025-01-30,0.0,17.671699686408495
Huila,2025-01-31,0.0515792557764022,18.347031247538585
Huila,2025-02-01,0.0025578613306625,18.614181330580728
Huila,2025-02-02,0.5824213118608418,18.749506107248287
Huila,2025-02-03,5.939538037014205,18.992357335937196
Huila,2025-02-04,13.400022329756712,18.759886884550124
Huila,2025-02-05,0.4160756857229172,18.992613804003923
Huila,2025-02-06,1.8614544689725456,18.79233075943087
Huila,2025-02-07,4.297671487789783,18.21687149734629
Huila,2025-02-08,24.831528303617844,18.32065570397862
Huila,2025-02-09,4.067488985112315,18.388788245772016
Huila,2025-02-10,12.476019484615142,17.94121979553502
Huila,2025-02-11,9.692535724118004,17.628583820903355
Huila,2025-02-12,1.5294599112293257,17.87016974493771
Huila,2025-02-13,13.24757053135698,17.78051748624716
Huila,2025-02-14,14.78877533667579,17.827080533455675
Huila,2025-02-15,6.5682272302943066,18.057337121836564
Huila,2025-02-16,8.36422270190593,17.653092893584816
Huila,2025-02-17,2.938373264263105,17.792802118437034
Huila,2025-02-18,4.983239869656065,18.114055127817736
Huila,2025-02-19,15.340520415728164,18.36478021060101
Huila,2025-02-20,10.009733109059267,18.35479950057342
Huila,2025-02-21,11.708835728685877,17.93025478657609
Huila,2025-02-22,29.13870392170203,17.52642284055299
Huila,2025-02-23,3.4135642665348045,17.774583035191213
Huila,2025-02-24,1.8540920189831112,17.983118752903408
Huila,2025-02-25,0.30640514484411,18.514890873230016
Huila,2025-02-26,14.95176714725115,18.494092067168665
Huila,2025-02-27,4.969990096080699,18.08969583905732
Huila,2025-02-28,4.284320466319596,18.52446239229955
Huila,2025-03-01,4.609249707354296,18.59836014232996
Huila,2025-03-02,22.8511278248858,18.41428649573575
Huila,2025-03-03,7.865048224479488,17.95188986929201
Huila,2025-03-04,7.416337282021505,17.8253473625919
Huila,2025-03-05,27.86217051681059,17.786026037977358
Huila,2025-03-06,17.3161498432658,17.062840152560494
Huila,2025-03-07,3.1557174432972346,17.346799213093245
Huila,2025-03-08,10.375539339855148,17.803261199685465
Huila,2025-03-09,0.6517360357770905,18.265306370433787
Huila,2025-03-10,4.373679691919904,18.017506380387893
Huila,2025-03-11,7.244408151823916,17.843084682102766
Huila,2025-03-12,28.09034545149825,17.525688965584113
Huila,2025-03-13,12.08840128525146,17.675952514542935
Huila,2025-03-14,10.43613944230314,17.482612448154782
Huila,2025-03-15,1.9915918233487797,17.55770383015952
Huila,2025-03-16,2.9564798577402454,17.836060838750125
Huila,2025-03-17,24.12299033856761,17.086445907678428
Huila,2025-03-18,3.8903281425336735,17.379178594699184
Huila,2025-03-19,5.038151884477453,17.95380079315191
Huila,2025-03-20,3.868755793193536,18.01450222512493
Huila,2025-03-21,0.0,18.3401658603008
Huila,2025-03-22,4.84735808644036,17.741546551502076
Huila,2025-03-23,0.0531717342975271,18.08510203701484
Huila,2025-03-24,0.1188885153935449,18.100320905927298
Huila,2025-03-25,0.1528176059184583,18.427156469684764
Huila,2025-03-26,0.3387221051776474,18.53637720668776
Huila,2025-03-27,9.712738488341866,18.55212557953164
Huila,2025-03-28,7.583014818676575,18.071186965960106
Huila,2025-03-29,14.583870959717634,17.83311476280796
Huila,2025-03-30,15.568732170476654,17.610170440087725
Huila,2025-03-31,7.298914829762021,17.44202429236696
Huila,2025-04-01,1.6788470853228985,17.781615162561327
Huila,2025-04-02,19.40486117741109,17.73338034850751
Huila,2025-04-03,0.1037331958213312,18.148450911309965
Huila,2025-04-04,8.110642837956,17.910804601638034
Huila,2025-04-05,4.534754358151974,18.16103991539908
Huila,2025-04-06,12.733259571354695,17.498429323809333
Huila,2025-04-07,0.3655900338391192,18.13991556626758
Huila,2025-04-08,9.596560762347018,18.340032609459826
Huila,2025-04-09,8.648352696026144,18.12950519277314
Huila,2025-04-10,0.0356743445225565,18.040436776970875
Huila,2025-04-11,8.473015712031144,17.966458605916223
Huila,2025-04-12,0.6823119375739439,17.964764588250144
Huila,2025-04-13,3.3089849126834534,18.90282219049072
Huila,2025-04-14,1.8292085089103172,18.66516846324653
Huila,2025-04-15,1.8165329281854503,18.765839953376272
Huila,2025-04-16,0.4471807177620716,18.699921696258823
Huila,2025-04-17,8.942895866685207,18.23867101530879
Huila,2025-04-18,3.17507818543978,18.698323254331445
Huila,2025-04-19,6.825867871698203,18.273000772490494
Huila,2025-04-20,11.515703734537295,17.4528965862744
Huila,2025-04-21,0.4115490537831338,18.14114166550942
Huila,2025-04-22,9.230644075371687,18.224361583898293
Huila,2025-04-23,17.63278542932488,18.43662477224591
Huila,2025-04-24,39.01661178113014,17.600939952196846
Huila,2025-04-25,6.136900887172501,18.088658316050385
Huila,2025-04-26,8.658243800357157,17.797950712983962
Huila,2025-04-27,6.43562229327449,17.784835532386452
Huila,2025-04-28,30.321659467047745,17.432445558779197
Huila,2025-04-29,2.4141607671264014,18.165111235480595
Huila,2025-04-30,18.317499188189476,17.63012705039819
Huila,2025-05-01,4.032859032466081,18.05198665297473
Huila,2025-05-02,6.341110155988846,18.2047533695313
Huila,2025-05-03,14.006259195065622,17.649922673587874
Huila,2025-05-04,3.296491073232847,17.945783625373657
Huila,2025-05-05,10.783736285932466,17.162955498875593
Huila,2025-05-06,2.665003908673788,17.513348346939416
Huila,2025-05-07,4.272135668108016,17.727011059406415
Huila,2025-05-08,3.9366343710316776,17.769009437228494
Huila,2025-05-09,2.775382401527483,17.914989019740204
Huila,2025-05-10,3.710618460067433,17.977302689619595
Huila,2025-05-11,0.0,17.172415920643974
Huila,2025-05-12,0.0,17.61961241629275
Huila,2025-05-13,11.086046536343426,17.003068988440894
Huila,2025-05-14,1.258189985615332,17.78501447388616
Huila,2025-05-15,0.8167284104205705,18.057184338001417
Huila,2025-05-16,5.004821334425498,17.632784533879367
Huila,2025-05-17,6.518272278643005,17.66628747851476
Huila,2025-05-18,11.838139362889054,17.511352791005876
Huila,2025-05-19,10.324658127831514,17.69031872929932
Huila,2025-05-20,19.8524383581518,18.056450952360613
Huila,2025-05-21,0.4239799417540511,17.843097401868008
Huila,2025-05-22,1.5546501965514312,17.107479301427848
Huila,2025-05-23,0.9483889695043556,17.259719088189595
Huila,2025-05-24,0.0,17.099551087759234
Huila,2025-05-25,0.0184617799580072,17.57053541742871
Huila,2025-05-26,0.0374834237463265,17.651148181401926
Huila,2025-05-27,0.0190541091314379,17.64924260693394
Huila,2025-05-28,1.2227994293974025,18.129689760775538
Huila,2025-05-29,0.0,17.935751453467695
Huila,2025-05-30,6.378557155269524,17.03689142173344
Huila,2025-05-31,7.01131538042719,17.349770349671367
Huila,2025-06-01,0.4489511904855917,16.970075191151768
Huila,2025-06-02,2.370767624117331,16.504660599405202
Huila,2025-06-03,0.0,16.608029928738844
Huila,2025-06-04,0.0003701959889759123,16.83782268315707
Huila,2025-06-05,0.0,17.424333834718755
Huila,2025-06-06,14.818453185454432,16.592356485298648
Huila,2025-06-07,0.0,16.835523027774492
Huila,2025-06-08,0.0,17.799462300658647
Huila,2025-06-09,1.2901793681556617,17.5642450991017
Huila,2025-06-10,2.383049565895533,16.936022447101575
Huila,2025-06-11,9.887827658259472,17.589056673263464
Huila,2025-06-12,8.087980897026254,17.501563477178987
Huila,2025-06-13,8.087308936782323,17.717393467544884
Huila,2025-06-14,7.534438591389547,17.298236938074997
Huila,2025-06-15,21.57694341193153,17.336632754064077
Huila,2025-06-16,21.108207787485327,17.869386852992996
Huila,2025-06-17,5.921596156699851,16.839483710576143
Huila,2025-06-18,0.6756039360702931,17.176031754409944
Huila,2025-06-19,0.0,16.522808864764404
Huila,2025-06-20,2.164944738847571,16.665213265499716
Huila,2025-06-21,0.0,16.825989725073804
Huila,2025-06-22,0.0,17.07828309265579
Huila,2025-06-23,4.031281203662207,17.328314369444826
Huila,2025-06-24,37.65698914937098,17.28567800667005
Huila,2025-06-25,2.314856076015251,17.763811632210015
Huila,2025-06-26,0.0,17.431559057726094
Huila,2025-06-27,21.87372415055897,17.444892600929016
Huila,2025-06-28,0.4993864299289935,17.28220315685862
Huila,2025-06-29,0.6348740984880344,17.145404520978996
Huila,2025-06-30,4.930154477106813,17.121604386808965
Huila,2025-07-01,8.32416206469105,16.240754017989197
Huila,2025-07-02,9.65230458382336,16.553812410485346
Huila,2025-07-03,13.24083458950428,16.083037819927263
Huila,2025-07-04,4.4936807918166695,15.394597955334747
Huila,2025-07-05,1.873242993615979,16.29011865664705
Huila,2025-07-06,0.0,16.413110952746056
Huila,2025-07-07,0.0,16.505542691963406
Huila,2025-07-08,0.0,16.297090019415197
Huila,2025-07-09,1.1894452398617494,16.3699058993487
Huila,2025-07-10,8.380655328305519,16.647393261392768
Huila,2025-07-11,0.8144489535053686,16.015138019654145
Huila,2025-07-12,1.3573262230848722,15.513008654194868
Huila,2025-07-13,0.0400817177759591,15.86062009969037
Huila,2025-07-14,0.0,15.977536785925732
Huila,2025-07-15,0.0,16.304665743239017
Huila,2025-07-16,0.0,16.920850158991318
Huila,2025-07-17,0.0277600469586458,16.720930325678648
Huila,2025-07-18,0.5601440065308707,16.007687310721654
Huila,2025-07-19,0.0122963296146548,16.35735667835515
Huila,2025-07-20,0.4210798820208641,16.712385503375533
Huila,2025-07-21,1.82503561983739,16.986947121693
Huila,2025-07-22,1.5249727968953797,17.036509641639608
Huila,2025-07-23,0.4778061046702639,16.90547481793678
Huila,2025-07-24,5.325683169209708,17.332940548306755
Huila,2025-07-25,0.72587780163696,17.538891540279028
Huila,2025-07-26,1.2289372298607495,17.672806177776987
Huila,2025-07-27,0.7844005032232431,17.93240675903994
Huila,2025-07-28,2.709031168896014,17.713749660675155
Huila,2025-07-29,0.8353607803127365,16.95004355443304
Huila,2025-07-30,6.033704730271823,17.542949720781937
Huila,2025-07-31,0.093849082029665,17.783240079669483
Huila,2025-08-01,0.7582105591940727,17.384172171777795
Huila,2025-08-02,2.547556520328953,17.212010800982426
Huila,2025-08-03,1.1063140737653645,16.614068465710695
Huila,2025-08-04,1.1578690977230408,16.78216462431644
Huila,2025-08-05,0.1076766208203006,17.031375615277025
Huila,2025-08-06,0.5619834976076328,16.921478785213704
Huila,2025-08-07,2.2681983522582074,17.408642094223854
Huila,2025-08-08,18.585126608294917,17.4592040509906
Huila,2025-08-09,8.683343201409285,16.95061844939915
Huila,2025-08-10,0.5488128967788022,16.858119543237958
Huila,2025-08-11,1.6181485406491698,16.655892609046113
Huila,2025-08-12,0.0,17.071694581929453
Huila,2025-08-13,0.4019614942175595,17.480612315311276
Huila,2025-08-14,0.0095692081276847,17.570960301129123
Huila,2025-08-15,2.624826750170292,16.73402104887756
Huila,2025-08-16,0.0482063876330849,16.77041785918794
Huila,2025-08-17,0.0960855486614287,17.2838452331925
Huila,2025-08-18,0.0584096397070567,17.52283206367074
Huila,2025-08-19,1.5652730055496988,17.86537371038227
Huila,2025-08-20,0.9683573930724064,18.34758782072487
Huila,2025-08-21,7.90396722065377,17.508878540845153
Huila,2025-08-22,0.4694100843291897,18.21614470161853
Huila,2025-08-23,0.2256528236346159,18.17719533281666
Huila,2025-08-24,2.588160498341155,17.83300515470089
Huila,2025-08-25,12.364323911276704,17.62178836306763
Huila,2025-08-26,6.349662948078547,16.8328351151094
Huila,2025-08-27,2.67506206744267,16.660331241714907
Huila,2025-08-28,0.0164665561483014,17.09912220613505
Huila,2025-08-29,0.0,17.21108698827831
Huila,2025-08-30,0.0095862539282217,17.86164671438205
Huila,2025-08-31,3.875099021829936,17.412495504572334
Huila,2025-09-01,3.5405855354760747,17.644424921003267
Huila,2025-09-02,2.435325337610649,17.3605491492914
Huila,2025-09-03,0.0,17.610267099386572
Huila,2025-09-04,11.741827344294872,16.913359825425147
Huila,2025-09-05,0.8612182244839285,16.641374043380967
Huila,2025-09-06,0.0533613857667112,17.58074551726287
Huila,2025-09-07,1.120818557554523,16.646923730899275
Huila,2025-09-08,0.0,17.317782671419863
Huila,2025-09-09,0.3895108474118623,17.64934897478781
Huila,2025-09-10,4.506820095742248,17.642212251003375
Huila,2025-09-11,3.20186022674321,17.585235124891263
Huila,2025-09-12,0.0,17.021137144288605
Huila,2025-09-13,0.0,17.930425529174318
Huila,2025-09-14,0.0,17.972703625434022
Huila,2025-09-15,0.272887715074359,17.449614174001542
Huila,2025-09-16,0.0233196297038312,17.389115983017856
Huila,2025-09-17,2.76998040834302,17.37267891042825
Huila,2025-09-18,5.405263445235197,17.166742937221905
Huila,2025-09-19,0.2314023371910911,17.470625982533203
Huila,2025-09-20,22.330866888584737,16.686050140764188
Huila,2025-09-21,0.0423750181967478,17.12665546457764
Huila,2025-09-22,1.2164550008948043,17.773570746409426
Huila,2025-09-23,9.568273008183729,17.40114411427947
Huila,2025-09-24,2.081833906552664,17.050487966198414
Huila,2025-09-25,0.1989310077824224,17.51582564318617
Huila,2025-09-26,0.0,17.011732952710965
Huila,2025-09-27,0.7430166525339802,16.867677279560066
Huila,2025-09-28,0.2832802766594468,17.424279772359263
Huila,2025-09-29,0.5898673126059496,18.17715648512808
Huila,2025-09-30,11.895533015516436,17.117360123239028
Huila,2025-10-01,0.0860222243744995,16.592925712250718
Huila,2025-10-02,0.0818384924551817,17.292704254559272
Huila,2025-10-03,7.029182583457748,17.007385584132628
Huila,2025-10-04,2.3219643596496344,17.150977293810293
Huila,2025-10-05,0.1616827075787038,17.405058315100398
Huila,2025-10-06,1.697836008085622,17.38626170548126
Huila,2025-10-07,3.855511887391374,17.00265659870148
Huila,2025-10-08,1.821420752586776,16.96443331649862
Huila,2025-10-09,2.205505089862533,17.32081565110444
Huila,2025-10-10,6.80488158726745,16.994679468181847
Huila,2025-10-11,1.2202517368100902,16.8754098247582
Huila,2025-10-12,22.38212896933307,16.903805436630087
Huila,2025-10-13,6.471960400745744,17.214136437176396
Huila,2025-10-14,23.329802302336432,17.28769716548502
Huila,2025-10-15,0.089656463486904,17.76968187985949
Huila,2025-10-16,11.780800566667994,17.388025642517192
Huila,2025-10-17,1.4294509995710174,17.40368524364851
Huila,2025-10-18,2.6484023452002665,17.064147078065503
Huila,2025-10-19,0.1921227716549838,17.594090769542806
Huila,2025-10-20,0.8047921609856173,17.839726540849377
Huila,2025-10-21,0.3054746646703138,17.944172929942866
Huila,2025-10-22,4.488054203363079,18.16276480449674
Huila,2025-10-23,14.815845575381418,17.94689419847851
Huila,2025-10-24,5.98949428177347,18.20846820314762
Huila,2025-10-25,0.0,18.53421501690828
Huila,2025-10-26,7.359564303486613,18.35937376053743
Huila,2025-10-27,0.932148220875104,18.466858367049444
Huila,2025-10-28,5.542803806633038,18.562529182493385
Huila,2025-10-29,8.68550874839554,17.812255156439395
Huila,2025-10-30,0.7500507811310086,17.754630383228513
Huila,2025-10-31,7.258983148012986,17.706167178365256
Huila,2025-11-01,8.7388373418363,18.482575772049618
Huila,2025-11-02,0.2553603821059746,18.62736626888685
Huila,2025-11-03,8.029941833247737,18.50322765341576
Huila,2025-11-04,0.5880099270070221,18.335764560176933
Huila,2025-11-05,9.359814135211572,18.02997415150044
Huila,2025-11-06,10.19914569379149,17.65483921911509
Huila,2025-11-07,0.1845607482277746,18.335088479044707
Huila,2025-11-08,2.7771345404375687,18.22527456664917
Huila,2025-11-09,1.8541438930692573,18.57468101189601
Huila,2025-11-10,0.7381470937144519,18.51181664874569
Huila,2025-11-11,0.0007903107686520306,18.3972452807458
Huila,2025-11-12,7.960860467855004,18.430264314155966
Huila,2025-11-13,14.2579020727122,18.22785927583986
Huila,2025-11-14,0.1168407388166227,17.978745703981517
Huila,2025-11-15,19.97315416379052,17.494016844855395
Huila,2025-11-16,8.44927720087677,17.411756131702912
Huila,2025-11-17,9.634272547826704,17.553325306166332
Huila,2025-11-18,6.669451229086786,17.864153242896244
Huila,2025-11-19,1.9693114286070288,18.189752543259203
Huila,2025-11-20,19.42346870062682,18.013193773575107
Huila,2025-11-21,2.977317189243894,18.15899347957516
Huila,2025-11-22,2.5325028744465987,18.324312156872708
Huila,2025-11-23,6.091736246506658,18.38299200783901
Huila,2025-11-24,20.35823240835011,17.714593181075745
Huila,2025-11-25,6.282085408067131,18.202425133778885
Huila,2025-11-26,3.544353029182924,18.28174067708942
Huila,2025-11-27,6.515201952689223,18.46003111098552
Huila,2025-11-28,7.843373583932821,17.240409188504515
Huila,2025-11-29,2.8609635002446527,17.736075582767167
Huila,2025-11-30,5.495334296891658,17.488672295287373
Huila,2025-12-01,11.057131115745705,17.72179052213841
Huila,2025-12-02,6.628730741604875,17.193363764093966
Huila,2025-12-03,3.1105685745526133,17.52812954417491
Huila,2025-12-04,3.6502301535825694,17.896066690485135
Huila,2025-12-05,8.111038710393009,17.891002061855794
Huila,2025-12-06,2.624589751434288,17.77894752910687
Huila,2025-12-07,2.1665945959870307,18.08646932887376
Huila,2025-12-08,0.7736923937275858,17.956095094363445
Huila,2025-12-09,0.5190705931400288,17.820965932805944
Huila,2025-12-10,0.5610376812374319,18.30214741820149
Huila,2025-12-11,1.2924533564407297,17.9644303169795
Huila,2025-12-12,1.833398563404428,18.327327234314392
Huila,2025-12-13,1.9096282306369616,18.454812454524166
Huila,2025-12-14,1.9832130367353995,18.329116919115226
Huila,2025-12-15,0.1886114567671698,18.180121691076756
Huila,2025-12-16,10.605442558668893,18.08950212699073
Huila,2025-12-17,0.197899179107839,18.12257606436204
Huila,2025-12-18,1.11613848336385,18.120984131299867
Huila,2025-12-19,1.8991499680845945,18.13414994331226
Huila,2025-12-20,26.468391224477763,17.81183283162978
Huila,2025-12-21,0.63884611052049,17.534968182794334
Huila,2025-12-22,0.0,17.9265265048702
Huila,2025-12-23,0.0308314915122401,18.21168514684677
Huila,2025-12-24,2.484894977710867,18.061874811073345
Huila,2025-12-25,3.7542012848176016,17.43949873077188
Huila,2025-12-26,0.0,17.41652665350049
Huila,2025-12-27,5.78028367987131,17.81226372361071
Huila,2025-12-28,0.6949511342990848,17.79184007858138
Huila,2025-12-29,0.994081285818583,17.553911513106836
Huila,2025-12-30,0.6927819153854887,17.79585466188395
Huila,2025-12-31,1.8755168825868176,17.784951306051013
Huila,2026-01-01,0.8420252486110334,18.01468082513373
Huila,2026-01-02,9.584827777562287,17.47526816620315
Huila,2026-01-03,1.5057731574716413,17.74643009280034
Huila,2026-01-04,7.148204355298611,17.856627496930823
Huila,2026-01-05,5.285865839910678,17.85695981673471
Huila,2026-01-06,36.99337817270124,17.33469671747173
Huila,2026-01-07,2.6997232256986328,17.09711662152349
Huila,2026-01-08,0.5537528992463879,17.779639883468572
Huila,2026-01-09,0.1819853229098916,17.89429736147959
Huila,2026-01-10,1.1221582949412532,17.821848531478462
Huila,2026-01-11,10.649162615808532,17.432660532820236
Huila,2026-01-12,20.532755734576128,17.124974175484603
Huila,2026-01-13,4.12269855934012,17.033141117578236
Huila,2026-01-14,0.0989721060619077,17.423121871445872
Huila,2026-01-15,0.0154891993383776,17.11294825917407
Huila,2026-01-16,0.0431230523644883,17.48051787372832
Huila,2026-01-17,12.400407260335594,17.84085449890518
Huila,2026-01-18,0.0,17.958837152845174
Huila,2026-01-19,1.7919959860771684,18.11255572618558
Huila,2026-01-20,1.7576096310412694,18.523390646858296
Huila,2026-01-21,9.214932813750956,18.48361227086041
Huila,2026-01-22,13.11408091992453,17.928851249326584
Huila,2026-01-23,12.141426654373223,17.874513773888463
Huila,2026-01-24,6.65853946901153,17.839085956126493
Huila,2026-01-25,0.0,18.049616115404465
Huila,2026-01-26,2.072309576731767,18.143869202334173
Huila,2026-01-27,7.172923276332244,17.949823819584086
Huila,2026-01-28,4.233996675162489,18.037108148847903
Huila,2026-01-29,30.563263812396706,17.728810353743345
Huila,2026-01-30,0.573658179918493,17.704592043921377
Huila,2026-01-31,12.106226878845591,17.413925014640526
Huila,2026-02-01,8.085003646181582,17.959839144606406
Huila,2026-02-02,21.03848080528418,17.322472542044373
Huila,2026-02-03,14.919905409895428,17.49422686996443
Huila,2026-02-04,8.187518228139814,18.30553816590976
Huila,2026-02-05,0.1171136642479301,17.946291882497473
Huila,2026-02-06,6.199466401010098,18.101155486739557
Huila,2026-02-07,21.73000837299453,17.606368094830966
Huila,2026-02-08,8.036215364218277,17.744577983931986
Huila,2026-02-09,4.689953999060246,17.803678789952667
Huila,2026-02-10,0.0,18.061661783482936
Huila,2026-02-11,3.1782068899221025,18.199041157630266
Huila,2026-02-12,1.5896313495976009,17.908751127017883
Huila,2026-02-13,2.11003398547345,17.8141339172375
Huila,2026-02-14,5.41887520834966,17.78851773549426
Huila,2026-02-15,5.727219444315542,17.39918327919262
Huila,2026-02-16,1.4198543308987277,17.212461267350363
Huila,2026-02-17,1.3919415132971864,17.41546761376357
Huila,2026-02-18,2.7238996404523665,17.256830585967393
Huila,2026-02-19,0.3768978592941232,17.023512996137974
Huila,2026-02-20,2.0429615168548803,17.539024895470988
Huila,2026-02-21,23.514580850165192,17.73658223224542
Huila,2026-02-22,6.701386301582962,17.940188809594094
Huila,2026-02-23,12.916052902576284,17.667572801660338
Huila,2026-02-24,5.964351281014203,17.350214050957174
Huila,2026-02-25,1.6222989952201057,17.71530955465656
Huila,2026-02-26,0.5592955300167785,18.10357254535309
Huila,2026-02-27,0.3510742826045085,18.767385208434217
Huila,2026-02-28,0.0734070548940656,19.02164729240928
Huila,2026-03-01,1.082677502990143,19.15688902276745
Huila,2026-03-02,0.4847185309062361,19.10171040101319
Huila,2026-03-03,0.8804586308976045,19.17139396300161
Huila,2026-03-04,0.0,18.91397592320573
Huila,2026-03-05,9.287567093939456,18.11476659109458
Huila,2026-03-06,0.2325782367353924,17.855230481343575
Huila,2026-03-07,1.8078361431643877,18.234325349287246
Huila,2026-03-08,6.807300999414505,18.363001150211154
Huila,2026-03-09,24.10780312830888,18.056802990399508
Huila,2026-03-10,5.241639268868341,17.675903038770187
Huila,2026-03-11,6.08562089394813,17.988491017185883
Huila,2026-03-12,5.905320641291719,17.81267848782952
Huila,2026-03-13,7.413066986937926,17.978651649074003
Huila,2026-03-14,3.2522991017545224,18.49828695062752
Huila,2026-03-15,0.0368967075029746,18.649275818403563
Huila,2026-03-16,2.6529028600542817,18.77428132846915
Huila,2026-03-17,9.17944593801161,18.668785738415288
Huila,2026-03-18,26.58130795390552,17.226593424942102
Huila,2026-03-19,1.3175045742451552,17.284135211720972
Huila,2026-03-20,0.1447640944659764,18.078692050226167
Huila,2026-03-21,0.0,17.960124750266328
Huila,2026-03-22,0.0709456356763011,18.104171157307373
Huila,2026-03-23,3.3056551790088204,18.233055989556824
Huila,2026-03-24,6.410437147550692,18.15162282683326
Huila,2026-03-25,6.515009787836983,18.373202472236603
Huila,2026-03-26,5.1302608920554365,18.79717838209705
Huila,2026-03-27,17.04768181652748,17.897761319209014
Huila,2026-03-28,0.3248929607677103,18.12380776696134
Huila,2026-03-29,9.18715947100615,18.1629770575119
Huila,2026-03-30,12.893406511412994,17.603762902704236
Huila,2026-03-31,4.699065698362014,17.723267042577902
Huila,2026-04-01,6.997902064724137,18.219607015523152
Huila,2026-04-02,12.105725155493763,18.00958127402565
Huila,2026-04-03,1.3634005271910772,18.14746918442192
Huila,2026-04-04,2.160304662357474,18.39423412898789
Huila,2026-04-05,12.050383691472067,17.66215487361654
Huila,2026-04-06,0.0579342349224092,18.19404861888773
Huila,2026-04-07,6.375177722247957,18.29358871511941
Huila,2026-04-08,2.6239523567958187,18.060305391131457
Huila,2026-04-09,3.816997143092709,17.457967593152468
Huila,2026-04-10,0.0108849898168048,17.920707344588727
Huila,2026-04-11,3.317222451466444,18.381438314014478
Huila,2026-04-12,0.4194244499979586,18.81298958140372
Huila,2026-04-13,0.5526081098849958,18.76787633291375
Huila,2026-04-14,6.87277384304634,18.566570959189757
Huila,2026-04-15,17.05963223238262,17.713485307194453
Huila,2026-04-16,9.961417644740733,17.857787775601864
Huila,2026-04-17,11.768148467823265,17.308289643552108
Huila,2026-04-18,5.80751681502417,17.62419828540638
Huila,2026-04-19,0.5834638986705852,17.96675759236282
Huila,2026-04-20,14.33257314868573,17.644871053802156
Huila,2026-04-21,7.938822221988502,17.861012590614585
Huila,2026-04-22,10.155588158137574,17.84363967311905
Huila,2026-04-23,21.10289593422505,17.75809855706301
Huila,2026-04-24,4.330329750204155,17.60875007155592
Huila,2026-04-25,1.7018805965848047,17.45751030403679
Huila,2026-04-26,3.719764058460838,17.855198720913968
Huila,2026-04-27,19.47930459075149,17.576873583581474
Huila,2026-04-28,1.3070142880562614,17.938809988961875
Huila,2026-04-29,3.545065727179287,18.223884004315387
Huila,2026-04-30,0.9629645684582316,18.431815633027163
Huila,2026-05-01,2.873974269262714,18.1549956948909
Huila,2026-05-02,8.867001501668849,18.05423964702083
Huila,2026-05-03,2.642336784542598,18.11785772814597
Huila,2026-05-04,1.6886119715468844,17.786290190457922
Huila,2026-05-05,5.025248286649344,18.148972232968184
Huila,2026-05-06,4.142063128274962,18.01407525373268
Huila,2026-05-07,0.540764420565963,17.70551538906024
Huila,2026-05-08,0.6193642343940867,18.18442807036129
Huila,2026-05-09,0.0401463750775602,18.75752124357838
Huila,2026-05-10,0.0244031815581234,18.16516951730242
Huila,2026-05-11,0.0692608296563553,17.534604895976223
Huila,2026-05-12,0.0285186196407804,17.21952492468517
Huila,2026-05-13,0.0266241644699421,18.031470960037385
Huila,2026-05-14,2.419522643652168,18.25502880624356
Huila,2026-05-15,0.0,18.172796153325155
Huila,2026-05-16,5.817356790537543,18.23320250901305
Huila,2026-05-17,5.58303467051557,17.629307534326337
Huila,2026-05-18,0.6364606450706292,17.849835176300648
Huila,2026-05-19,3.377389115459874,18.10411365215416
Huila,2026-05-20,4.432413370464525,18.31675133755008
Huila,2026-05-21,5.357304659737183,18.08329518074424
Huila,2026-05-22,6.67730890211709,17.381730047709706
Huila,2026-05-23,0.0,17.38976966454411
Huila,2026-05-24,0.1602893435513459,17.85977028828991
Huila,2026-05-25,0.0108460594787295,17.793134776335048
Huila,2026-05-26,3.9292317263014698,17.743238635080107
Huila,2026-05-27,4.256424285860541,17.558579944099456
Huila,2026-05-28,4.101159872626456,17.702795908394876
Huila,2026-05-29,1.925950092658644,18.326907566427096
Huila,2026-05-30,2.2230259474553917,18.01383856914996
Huila,2026-05-31,2.129092555242105,17.815449631570896
Meta,2018-01-01,26.60339888228726,24.02399789600922
Meta,2018-01-02,5.941379540910628,23.84918111536713
Meta,2018-01-03,0.1678344600953974,24.131352105360065
Meta,2018-01-04,0.0463246757493846,24.8284054523055
Meta,2018-01-05,0.0083214200292138,25.10123036421901
Meta,2018-01-06,0.3829475789252847,24.958453829952216
Meta,2018-01-07,0.0,25.03533419681284
Meta,2018-01-08,0.2000557461627918,24.963084853799057
Meta,2018-01-09,0.7331898744933871,24.226115176622447
Meta,2018-01-10,0.1096079574416109,23.94045738280443
Meta,2018-01-11,3.7232469847956127,23.65480895090493
Meta,2018-01-12,21.73535455430204,23.312002888066857
Meta,2018-01-13,2.8970255843440835,23.710691993486925
Meta,2018-01-14,0.1629885112907047,24.577367762499875
Meta,2018-01-15,0.1850683968360836,24.517575371458108
Meta,2018-01-16,16.55661833714747,23.497598293906357
Meta,2018-01-17,10.914780511732816,23.119249376853777
Meta,2018-01-18,1.432922138208906,23.11727279379755
Meta,2018-01-19,4.858605680460799,23.802560005446903
Meta,2018-01-20,3.664190960658571,23.823331470692658
Meta,2018-01-21,0.510590440255309,24.59874045481002
Meta,2018-01-22,0.0102971754044483,24.854945823149663
Meta,2018-01-23,0.0120125893621046,24.99294755212845
Meta,2018-01-24,0.0093098452339513,25.04220988871669
Meta,2018-01-25,0.1718420535508437,24.81435511724136
Meta,2018-01-26,0.0021164032696531,24.87454387915888
Meta,2018-01-27,0.0052485733524005,25.313878968147247
Meta,2018-01-28,0.0163809409666158,25.524872358651365
Meta,2018-01-29,0.0,25.82953249900657
Meta,2018-01-30,0.0013014962143946,26.02734090891897
Meta,2018-01-31,0.0030419166807946,26.408904506936256
Meta,2018-02-01,0.0919970836946164,26.592790424414783
Meta,2018-02-02,0.0023403200583507,26.792645729458958
Meta,2018-02-03,1.7748888896901531,26.478448283963665
Meta,2018-02-04,0.0073850949075613,26.350566038857767
Meta,2018-02-05,0.0017937424689009,26.52625879629707
Meta,2018-02-06,1.5662113680723675,26.94762569201839
Meta,2018-02-07,0.0231597491395645,26.74007665842973
Meta,2018-02-08,0.0,26.70144685383008
Meta,2018-02-09,0.0072751130811688,26.752584244869727
Meta,2018-02-10,0.5062780469895575,26.96629909688989
Meta,2018-02-11,0.0,27.4042426064818
Meta,2018-02-12,0.1398132079827999,27.29039148399252
Meta,2018-02-13,0.0,26.996671381052384
Meta,2018-02-14,0.0,26.857074838196603
Meta,2018-02-15,2.1504732380956413,27.062162256045248
Meta,2018-02-16,0.1223500949497083,26.490788134004635
Meta,2018-02-17,0.6996981436392585,25.686561670505547
Meta,2018-02-18,1.0380644031414068,26.12341553208948
Meta,2018-02-19,0.2018805941145981,26.744490810733748
Meta,2018-02-20,0.0034966997482432,27.04168099986412
Meta,2018-02-21,0.0259499870866187,27.07327588505436
Meta,2018-02-22,0.0,27.355192120557604
Meta,2018-02-23,0.1290527188595735,27.227865353261336
Meta,2018-02-24,0.5255161353378586,26.887785666537305
Meta,2018-02-25,0.0444841796886436,27.112264469472088
Meta,2018-02-26,0.3172075820379678,27.12980618627693
Meta,2018-02-27,0.3787057919740142,27.38501249712648
Meta,2018-02-28,5.126551510790366,27.326623846740063
Meta,2018-03-01,0.073570587593869,26.80479771992948
Meta,2018-03-02,1.9123403389807816,26.288918657771447
Meta,2018-03-03,1.0175909337393605,26.13201956484273
Meta,2018-03-04,1.503647355602126,26.13708491275561
Meta,2018-03-05,26.284511000503613,25.5456626775264
Meta,2018-03-06,0.5190678548541111,24.656942788334664
Meta,2018-03-07,10.161726517219297,25.553481558106096
Meta,2018-03-08,9.092322368208224,25.00301775607944
Meta,2018-03-09,3.533385411945844,25.51417028872557
Meta,2018-03-10,0.245225569948123,26.12038176284846
Meta,2018-03-11,0.0161141398502413,26.653896915787293
Meta,2018-03-12,0.0006028560033398454,27.164222249149415
Meta,2018-03-13,0.0,27.528725844832035
Meta,2018-03-14,0.0,28.095027888491263
Meta,2018-03-15,0.0758408556522911,27.94462260150884
Meta,2018-03-16,0.0795721077560151,27.916957934088536
Meta,2018-03-17,0.1573384760099687,27.94469683640741
Meta,2018-03-18,0.1470287471178549,27.447666966056097
Meta,2018-03-19,0.9178064562978356,27.111604844715423
Meta,2018-03-20,0.5816203909493611,27.297987366541356
Meta,2018-03-21,0.1857548150670422,26.850013213159876
Meta,2018-03-22,2.349603995544145,26.30311150429786
Meta,2018-03-23,10.017957250492618,25.47439819743375
Meta,2018-03-24,2.624422169449604,26.2146223895651
Meta,2018-03-25,0.0040144771575071,27.072531581584524
Meta,2018-03-26,0.2271033654355612,26.316251244653618
Meta,2018-03-27,6.333196295693118,25.59816998181924
Meta,2018-03-28,27.873423254789596,23.62133973663228
Meta,2018-03-29,10.944920731179597,23.143688241552606
Meta,2018-03-30,3.2514945538402222,24.60032076378784
Meta,2018-03-31,19.614157864018097,24.158839983276906
Meta,2018-04-01,6.523110876193882,24.1854606500812
Meta,2018-04-02,15.537602852061658,24.35471705422821
Meta,2018-04-03,12.196318493071097,24.396079793627894
Meta,2018-04-04,31.126031438298504,23.29822712990145
Meta,2018-04-05,1.5018665053293072,23.316454510692544
Meta,2018-04-06,6.039009461945854,22.88290640256336
Meta,2018-04-07,7.819410169873302,23.92494930265272
Meta,2018-04-08,8.643280872920478,24.1062733745724
Meta,2018-04-09,11.030443211923732,23.699170377521387
Meta,2018-04-10,10.87117114953918,23.322735273290952
Meta,2018-04-11,4.455709033114006,23.79323648045084
Meta,2018-04-12,2.580556514631742,24.69313399790729
Meta,2018-04-13,5.446183037330072,24.368110816108537
Meta,2018-04-14,42.71833260804282,22.562255523965703
Meta,2018-04-15,1.0432826393948658,23.54083508916101
Meta,2018-04-16,3.735964375279516,24.70886726745948
Meta,2018-04-17,47.22903586509652,23.332968385258283
Meta,2018-04-18,11.024038331014472,23.382744230263285
Meta,2018-04-19,2.1583711088150896,23.27552989436616
Meta,2018-04-20,6.087238445447073,23.540795900310638
Meta,2018-04-21,3.145542021749117,23.900622244680065
Meta,2018-04-22,27.52063580984844,22.76564372918519
Meta,2018-04-23,8.860785781691044,23.816537172541693
Meta,2018-04-24,23.96638874802773,24.89992894972647
Meta,2018-04-25,3.1401773170129865,24.161688608570408
Meta,2018-04-26,14.59439097900382,23.51707003558581
Meta,2018-04-27,3.151460831198264,23.183949832923588
Meta,2018-04-28,1.0520476044687923,23.48753839581813
Meta,2018-04-29,46.3381161016104,22.92314075841981
Meta,2018-04-30,7.809567116378236,23.261052594393497
Meta,2018-05-01,2.6052461089253827,23.76235520194737
Meta,2018-05-02,18.8432773605331,23.902360675394245
Meta,2018-05-03,4.562374414828358,24.13095381666636
Meta,2018-05-04,41.00328678876575,23.309022427353717
Meta,2018-05-05,9.14823195530929,23.740447943292352
Meta,2018-05-06,29.35489311638815,22.9111648670976
Meta,2018-05-07,6.502747385699982,23.45666483672242
Meta,2018-05-08,9.358852580876746,22.81796598989099
Meta,2018-05-09,6.146241441989351,23.198031000652197
Meta,2018-05-10,33.97167080059744,23.08476022084215
Meta,2018-05-11,13.954874275920034,23.686283821486725
Meta,2018-05-12,19.22940821393251,23.996517808508887
Meta,2018-05-13,5.337754514509745,22.94887329435103
Meta,2018-05-14,2.814294432865334,23.319059392052115
Meta,2018-05-15,4.499933869204947,23.77973716550494
Meta,2018-05-16,1.0888636494908206,24.256336139385027
Meta,2018-05-17,5.704535544239035,24.33634547478848
Meta,2018-05-18,20.21799332508041,23.402201374194533
Meta,2018-05-19,13.572125200056922,23.58603286226814
Meta,2018-05-20,8.206148548491202,23.62810772832605
Meta,2018-05-21,26.746071011711585,23.35344696281149
Meta,2018-05-22,6.092252310102461,23.83729223921544
Meta,2018-05-23,33.17412017120573,22.48026405894681
Meta,2018-05-24,20.41806730328972,23.185066140962967
Meta,2018-05-25,5.531360077805688,23.105828797328424
Meta,2018-05-26,8.7946392600853,22.91580843411061
Meta,2018-05-27,8.301905944208206,23.407977071185787
Meta,2018-05-28,25.435820308112284,22.838262577735204
Meta,2018-05-29,10.6726166907764,23.663988457138053
Meta,2018-05-30,9.222135852216798,23.82788628654651
Meta,2018-05-31,0.7293986395867726,23.93210635890912
Meta,2018-06-01,19.42837780327245,23.546772264688705
Meta,2018-06-02,13.676986932571708,24.11043603502808
Meta,2018-06-03,22.964684837633285,23.9947888712097
Meta,2018-06-04,43.01842976882265,23.279739763922308
Meta,2018-06-05,14.819762541661513,22.3943243758918
Meta,2018-06-06,10.657039965706623,22.9149728064818
Meta,2018-06-07,0.1257082921435118,23.678161932471948
Meta,2018-06-08,13.735087293573592,23.459976084262752
Meta,2018-06-09,21.397424537098345,22.68925839017441
Meta,2018-06-10,14.628277559307834,23.25249170482048
Meta,2018-06-11,6.211468632420407,23.08930176751761
Meta,2018-06-12,6.418609555997676,23.306031181556744
Meta,2018-06-13,61.49317389142272,23.01752305412765
Meta,2018-06-14,15.131479996404533,22.617797935440446
Meta,2018-06-15,13.862422030765716,22.83815462697814
Meta,2018-06-16,1.2001120639735252,22.536896100542283
Meta,2018-06-17,9.132845064073424,21.86833204619801
Meta,2018-06-18,0.0,21.24628672234116
Meta,2018-06-19,0.0,21.26041534510689
Meta,2018-06-20,0.0,21.78300515045777
Meta,2018-06-21,0.0361192541548969,22.356405839000512
Meta,2018-06-22,0.0511090579926774,22.61371991907857
Meta,2018-06-23,10.624791984351091,23.04007469112579
Meta,2018-06-24,21.21095663239937,22.876272175999222
Meta,2018-06-25,6.275546363303511,23.09359489268272
Meta,2018-06-26,14.871859336825908,22.783055469196256
Meta,2018-06-27,6.031270468365427,23.02994682620331
Meta,2018-06-28,18.473056904401894,21.8406404621993
Meta,2018-06-29,2.452741854468266,22.670550806814727
Meta,2018-06-30,39.66629867323808,22.150863516566258
Meta,2018-07-01,0.4216154801405677,22.583474142535152
Meta,2018-07-02,10.054355306880929,23.825154035162623
Meta,2018-07-03,18.92703435560469,22.695268876303963
Meta,2018-07-04,10.531808774684654,22.87782438416067
Meta,2018-07-05,0.589460777833969,23.30472350346743
Meta,2018-07-06,4.737197428103044,22.774282505702917
Meta,2018-07-07,2.9080531269090515,21.682059063762544
Meta,2018-07-08,6.83491476387883,22.92969604099258
Meta,2018-07-09,40.24337765337413,22.999735441197664
Meta,2018-07-10,4.887452462108608,23.1472667401248
Meta,2018-07-11,2.1609124138620595,22.38901216435073
Meta,2018-07-12,1.228329442836766,21.777386233393617
Meta,2018-07-13,7.608842957966505,21.97534574239814
Meta,2018-07-14,1.2654789548331986,22.95632487242114
Meta,2018-07-15,13.905725257844868,23.51035061520063
Meta,2018-07-16,5.840190917720414,23.5964638805398
Meta,2018-07-17,9.043988816392227,22.24351357486906
Meta,2018-07-18,5.471667373729448,22.531628352577687
Meta,2018-07-19,12.55022799431952,22.98894388565928
Meta,2018-07-20,11.753726810993816,23.68668791516925
Meta,2018-07-21,16.848661993087934,22.426802035727373
Meta,2018-07-22,5.887854780635938,22.990464280630157
Meta,2018-07-23,0.2101729929565598,23.324490924541383
Meta,2018-07-24,43.34380808362391,22.380052348066357
Meta,2018-07-25,1.3347983117067348,23.025714222232168
Meta,2018-07-26,7.260425261169919,22.72247352324688
Meta,2018-07-27,5.041963044742233,22.680775164078643
Meta,2018-07-28,4.785043150293393,22.682961743924107
Meta,2018-07-29,18.625233350079192,23.091565386930647
Meta,2018-07-30,37.63006802599436,23.364153994137595
Meta,2018-07-31,15.698580246227383,22.17322442088411
Meta,2018-08-01,3.878180702688013,22.16637758841409
Meta,2018-08-02,1.7365355920042815,23.13998852104973
Meta,2018-08-03,6.724695197384872,23.85540177477717
Meta,2018-08-04,10.18813979186164,23.15716090046697
Meta,2018-08-05,26.06668120400461,23.718586366446605
Meta,2018-08-06,5.230189849722503,24.270026616363985
Meta,2018-08-07,30.667116008138706,23.092603705012163
Meta,2018-08-08,5.3599991707345405,23.18537752064955
Meta,2018-08-09,0.2533644018477042,23.01285854321362
Meta,2018-08-10,0.0525380660945714,23.583596791462
Meta,2018-08-11,0.8219577073604821,23.986013220374847
Meta,2018-08-12,14.269024047099402,23.035563595141685
Meta,2018-08-13,1.3718206965509498,23.017953368427904
Meta,2018-08-14,18.849499445012903,23.058695516702205
Meta,2018-08-15,0.3452746013112013,24.327419120172426
Meta,2018-08-16,2.973578288523739,24.555349794676573
Meta,2018-08-17,11.396799712820682,23.631740392455765
Meta,2018-08-18,6.352552378483374,23.6419922082133
Meta,2018-08-19,8.14043961970718,24.24195491108632
Meta,2018-08-20,8.322523555532761,24.12009470917728
Meta,2018-08-21,7.762907193759287,23.476522465632403
Meta,2018-08-22,25.849336483014525,22.59383480146876
Meta,2018-08-23,6.975126497866743,23.243049379186036
Meta,2018-08-24,16.16762477153466,24.240569173387243
Meta,2018-08-25,17.77308719530115,24.037524444704346
Meta,2018-08-26,10.587686060169052,23.765618405127277
Meta,2018-08-27,19.455119407138472,22.772605982132223
Meta,2018-08-28,2.3886363857237387,22.815535007202357
Meta,2018-08-29,1.041716806456321,23.219783690819792
Meta,2018-08-30,2.9595698158557946,24.03028940993113
Meta,2018-08-31,11.436284477497155,24.660600661246328
Meta,2018-09-01,2.021785563121276,25.011605227849
Meta,2018-09-02,16.741961363506192,24.58319920682752
Meta,2018-09-03,12.87844393326616,24.583981796010452
Meta,2018-09-04,20.82267136370134,23.4830208225791
Meta,2018-09-05,0.1422399115832885,23.12079542754613
Meta,2018-09-06,0.3716508234347088,23.30275379772808
Meta,2018-09-07,0.4679293680442264,23.371622048046667
Meta,2018-09-08,0.4701884857683946,24.3012420637667
Meta,2018-09-09,0.718934189391566,24.791511626442635
Meta,2018-09-10,0.8165982672585574,25.04447495006013
Meta,2018-09-11,2.489301614423444,24.716581079443426
Meta,2018-09-12,1.036346984087133,25.067303424968937
Meta,2018-09-13,13.961075028851017,24.461352714731152
Meta,2018-09-14,11.514485905203095,23.765830308856653
Meta,2018-09-15,15.120321572572248,23.014378369588744
Meta,2018-09-16,1.0956861597650114,23.929506367419982
Meta,2018-09-17,7.407501259654555,24.704443591909847
Meta,2018-09-18,2.289281409432766,24.788987996588325
Meta,2018-09-19,3.6633673312203103,24.900036508923804
Meta,2018-09-20,1.5908398668532475,25.277983382960358
Meta,2018-09-21,19.6635821079251,24.90531120217181
Meta,2018-09-22,12.131591825388847,24.779312612893445
Meta,2018-09-23,9.428013521113906,24.70281887212508
Meta,2018-09-24,2.270902005682942,24.90443666736139
Meta,2018-09-25,11.744576960122304,24.78813816005743
Meta,2018-09-26,7.334865876072917,24.72502710829013
Meta,2018-09-27,13.052793001328308,24.755345420170315
Meta,2018-09-28,3.892535521004264,25.12950323563474
Meta,2018-09-29,3.172265987746552,25.23965875653158
Meta,2018-09-30,8.826400336252814,25.22949428933591
Meta,2018-10-01,16.565327205858264,25.077782166533478
Meta,2018-10-02,2.8038059554257444,25.07546610478181
Meta,2018-10-03,4.693281547280423,24.56638158099326
Meta,2018-10-04,7.591148304922001,24.881581012223943
Meta,2018-10-05,8.733052806623279,24.053605706117736
Meta,2018-10-06,31.182760680856887,23.23350349274932
Meta,2018-10-07,0.3368435197537684,24.327231220311194
Meta,2018-10-08,0.6276799346835369,24.986103716104896
Meta,2018-10-09,17.608315097383052,25.00608336700381
Meta,2018-10-10,13.295900605654024,23.886684838430437
Meta,2018-10-11,36.96322423974721,23.172769776272784
Meta,2018-10-12,5.711592437048128,23.90956089405136
Meta,2018-10-13,6.380715970741927,23.456439668500234
Meta,2018-10-14,1.2767978952591847,23.79711663582728
Meta,2018-10-15,13.148307387245511,23.251939394845586
Meta,2018-10-16,4.132908240859556,24.51730881600663
Meta,2018-10-17,1.5925712550711717,25.38452722056242
Meta,2018-10-18,3.782871773847781,25.229267351867048
Meta,2018-10-19,3.868681257918584,24.18121271152356
Meta,2018-10-20,4.1066857524632665,24.43574821539548
Meta,2018-10-21,16.598345931188934,23.754140922604996
Meta,2018-10-22,8.204867572526627,23.969619571049453
Meta,2018-10-23,6.5861029954726495,23.698573105542664
Meta,2018-10-24,2.2259995314205003,24.11708683983385
Meta,2018-10-25,6.664696198087833,23.50748649978217
Meta,2018-10-26,11.32623489052638,24.057088015509954
Meta,2018-10-27,9.895334410635668,24.47136191052578
Meta,2018-10-28,14.014621938229514,25.085549222717223
Meta,2018-10-29,10.666187801731072,25.041411254892765
Meta,2018-10-30,12.245757650157202,25.40224798277469
Meta,2018-10-31,7.0970555954398415,24.630680847109613
Meta,2018-11-01,5.226904912350319,24.30582338605707
Meta,2018-11-02,11.841331329765254,23.996433212071917
Meta,2018-11-03,3.6011373477126387,24.492124917394023
Meta,2018-11-04,2.025050370745717,24.90864983615008
Meta,2018-11-05,5.143677826185922,25.04909168654549
Meta,2018-11-06,3.662378093186915,25.0202852862542
Meta,2018-11-07,11.141210183924128,24.1324876216498
Meta,2018-11-08,4.098187506397437,24.008589597408065
Meta,2018-11-09,7.578333127214634,23.438620419316926
Meta,2018-11-10,10.879729654388983,23.817596325224745
Meta,2018-11-11,3.680077376901661,24.534655222210954
Meta,2018-11-12,2.2979748952813464,24.94664558388904
Meta,2018-11-13,0.567587398358623,25.746041231470333
Meta,2018-11-14,0.0015152297334925,25.61491914264079
Meta,2018-11-15,1.020649997077001,25.08508521105124
Meta,2018-11-16,8.580945014681587,24.501693229905857
Meta,2018-11-17,17.304676740659712,24.19590296724876
Meta,2018-11-18,3.057789419226968,24.179688605596255
Meta,2018-11-19,0.3505098205308298,25.052805753658056
Meta,2018-11-20,12.143606504845062,24.9219015834039
Meta,2018-11-21,15.39429580381844,24.787339253367467
Meta,2018-11-22,1.769907343495321,24.495002809835785
Meta,2018-11-23,0.3216246677389466,24.87570190401598
Meta,2018-11-24,0.0,25.13924122436812
Meta,2018-11-25,0.2016263378943476,24.86321132843341
Meta,2018-11-26,0.0921963911120661,25.03145661181646
Meta,2018-11-27,2.4873283402488067,24.701560398361917
Meta,2018-11-28,1.3528088957398343,24.80031493405085
Meta,2018-11-29,1.6702161665908606,24.793353708559064
Meta,2018-11-30,0.4582261372811326,24.90158406988849
Meta,2018-12-01,0.0,24.76252196582012
Meta,2018-12-02,0.0015103398321296,24.64170706832733
Meta,2018-12-03,0.0,24.272861735960195
Meta,2018-12-04,0.0033271802442512,24.475215387307564
Meta,2018-12-05,0.536271924799446,24.732280630113717
Meta,2018-12-06,0.2293985669898169,24.517940828271023
Meta,2018-12-07,0.0,24.636157372907483
Meta,2018-12-08,0.0,24.50333828706201
Meta,2018-12-09,0.0,24.799031229153965
Meta,2018-12-10,0.0089511170850814,24.897062005859983
Meta,2018-12-11,0.0076274132945357,24.506994866797868
Meta,2018-12-12,0.595915129837696,25.08449457308184
Meta,2018-12-13,17.682716456792193,24.163232691327792
Meta,2018-12-14,11.967827298398545,24.080666126285564
Meta,2018-12-15,0.0600365027407916,24.65209517612553
Meta,2018-12-16,0.0,24.629461654247688
Meta,2018-12-17,0.0,24.28581971002259
Meta,2018-12-18,0.0,24.00912842342266
Meta,2018-12-19,0.3577227083687272,24.830478136016747
Meta,2018-12-20,0.2983460025643908,25.10372302411897
Meta,2018-12-21,3.661339912767159,25.14842322104316
Meta,2018-12-22,0.7782743083912915,25.23818021525983
Meta,2018-12-23,0.0872380065395534,25.00638035671496
Meta,2018-12-24,1.1700615468701725,25.289829665072286
Meta,2018-12-25,0.0058202146950246,25.492666714353064
Meta,2018-12-26,0.1226690261072418,25.071960105898768
Meta,2018-12-27,0.7846603078067182,25.4911213923958
Meta,2018-12-28,0.0464592650928203,25.58090549041933
Meta,2018-12-29,0.0,26.054858277292013
Meta,2018-12-30,0.0,25.771280906545847
Meta,2018-12-31,0.0,25.61169401605861
Meta,2019-01-01,0.0,25.76058782018531
Meta,2019-01-02,0.0,25.69409553494467
Meta,2019-01-03,0.4373814713360723,25.480526415864176
Meta,2019-01-04,1.680061768472033,25.926603105277582
Meta,2019-01-05,0.0,26.20046170511805
Meta,2019-01-06,0.5368649718751578,26.175722895510013
Meta,2019-01-07,0.2445698362011555,26.50566476442678
Meta,2019-01-08,0.1394401070241295,26.67915971913329
Meta,2019-01-09,0.4341915427177569,26.196030478497068
Meta,2019-01-10,1.773468709950468,26.224803045658653
Meta,2019-01-11,0.5658279765005403,26.275287509077184
Meta,2019-01-12,0.0778436614136256,25.708801090740277
Meta,2019-01-13,0.0330951472132526,25.577270591314843
Meta,2019-01-14,0.0,26.159365421438345
Meta,2019-01-15,0.0,26.313163628452937
Meta,2019-01-16,0.0175929645862776,26.60428958331488
Meta,2019-01-17,1.9473989877850575,26.39263763412415
Meta,2019-01-18,5.901209962574069,25.70209670969546
Meta,2019-01-19,4.954176324432162,25.57758823398605
Meta,2019-01-20,0.3801912837520317,24.81624042750908
Meta,2019-01-21,0.031879346387453,25.714838721446192
Meta,2019-01-22,0.1102581498880005,26.62600082895336
Meta,2019-01-23,0.0021158687082309,26.333716602645055
Meta,2019-01-24,0.6597890516473807,26.4286952813821
Meta,2019-01-25,0.0040584983881759,26.12769663752478
Meta,2019-01-26,0.2576197422203771,26.80445482830781
Meta,2019-01-27,0.7116545983094673,26.745083975891145
Meta,2019-01-28,1.334944426617222,26.9233974931871
Meta,2019-01-29,7.028774688167274,27.04472753807678
Meta,2019-01-30,1.5497161168751303,26.91428954789122
Meta,2019-01-31,1.7096679845640863,27.28258943631412
Meta,2019-02-01,0.5832364379658286,27.00803346442141
Meta,2019-02-02,0.0456022496449146,27.2508945640212
Meta,2019-02-03,0.0065539691750234,27.337313313044884
Meta,2019-02-04,0.0260491187663423,26.216930776227827
Meta,2019-02-05,1.5706937152714266,25.60980396153881
Meta,2019-02-06,6.467428185427792,24.922007478316065
Meta,2019-02-07,1.1497836954625116,25.168123237606327
Meta,2019-02-08,0.5387895444578001,26.110367942105853
Meta,2019-02-09,0.0,26.56131347470659
Meta,2019-02-10,0.0,27.152249784636044
Meta,2019-02-11,0.0,27.272347757402148
Meta,2019-02-12,0.0017996839630879,27.500948496857788
Meta,2019-02-13,0.0578450784566619,27.081156794095698
Meta,2019-02-14,0.1405842107649524,26.672374681615317
Meta,2019-02-15,0.0054521557628823,27.307168497496555
Meta,2019-02-16,8.321968432290852,26.560903606978638
Meta,2019-02-17,8.288532729625553,25.763192238051516
Meta,2019-02-18,11.830606711286713,25.290759429050237
Meta,2019-02-19,0.0330084958811917,25.91290368683168
Meta,2019-02-20,0.3560483690955954,27.06314043977445
Meta,2019-02-21,0.2496969889589458,27.08887550589366
Meta,2019-02-22,0.2622776885478735,26.96564871334865
Meta,2019-02-23,0.8249869028506808,26.895766142215724
Meta,2019-02-24,0.0049569369574098,27.429238808747737
Meta,2019-02-25,0.0,27.48092672624348
Meta,2019-02-26,0.0004021477021329336,27.392916228652503
Meta,2019-02-27,0.0,27.6516023360677
Meta,2019-02-28,0.0,27.89070108788228
Meta,2019-03-01,0.0201603555179233,27.973168917918255
Meta,2019-03-02,3.2780581637643897,26.13797661942205
Meta,2019-03-03,0.9474348481818728,24.8735775534426
Meta,2019-03-04,0.0117956441595546,25.91046080021972
Meta,2019-03-05,1.127375713691904,26.174047597904597
Meta,2019-03-06,11.458329287966828,25.67971600583685
Meta,2019-03-07,9.818741169530382,24.75237411936809
Meta,2019-03-08,6.490773518792899,25.672024326470755
Meta,2019-03-09,2.408610060440603,25.85056053612911
Meta,2019-03-10,7.594761803147526,24.641323466704883
Meta,2019-03-11,12.74920493098205,24.429371080797296
Meta,2019-03-12,1.705673660442055,24.700086893780917
Meta,2019-03-13,0.0552934471355395,24.9221317655142
Meta,2019-03-14,0.8382114873871119,24.80838176143182
Meta,2019-03-15,13.237447797980332,24.0663062509968
Meta,2019-03-16,0.0633513842656152,25.41864655210179
Meta,2019-03-17,6.492201983255764,25.33209490783707
Meta,2019-03-18,9.923195705488776,24.56460971759161
Meta,2019-03-19,2.216472973048623,24.759567132978884
Meta,2019-03-20,6.181879369066359,25.133515709614247
Meta,2019-03-21,0.8363866494485164,25.56328029836917
Meta,2019-03-22,3.2732074052667905,25.120995434605756
Meta,2019-03-23,5.324394860744016,24.791704379409385
Meta,2019-03-24,1.5825401983775047,25.436545534424077
Meta,2019-03-25,0.0905384099173973,26.18897488377104
Meta,2019-03-26,0.0833415318267049,26.65229337111729
Meta,2019-03-27,0.5464152486223154,26.618617312275305
Meta,2019-03-28,8.024677112463289,25.550196359786003
Meta,2019-03-29,2.521989400297975,24.62163269048382
Meta,2019-03-30,12.354103529289103,24.67676650321892
Meta,2019-03-31,10.23134483118412,24.45586637190634
Meta,2019-04-01,4.144661293399496,25.417374167415115
Meta,2019-04-02,16.963792324683286,25.01800270749937
Meta,2019-04-03,0.2926945883456689,25.65597462408601
Meta,2019-04-04,0.0,25.799943325651316
Meta,2019-04-05,0.0012814890707447,26.04420296864453
Meta,2019-04-06,0.0,26.509823960778128
Meta,2019-04-07,0.0,26.70075425603904
Meta,2019-04-08,0.7601615125150106,25.04415985146887
Meta,2019-04-09,4.179123697730152,24.901345602939024
Meta,2019-04-10,6.340556184240653,24.97049044957902
Meta,2019-04-11,8.666748561120807,24.974164571181397
Meta,2019-04-12,16.823770920875386,24.324803835068305
Meta,2019-04-13,9.548943493098792,24.618095934024893
Meta,2019-04-14,5.162571038762554,25.228804221324385
Meta,2019-04-15,23.0925577781158,24.405514271888663
Meta,2019-04-16,14.509563268465811,24.29974912024256
Meta,2019-04-17,9.700624090311978,24.233763814915488
Meta,2019-04-18,20.83009096507316,23.192196034103404
Meta,2019-04-19,4.558309214647646,23.65641354979051
Meta,2019-04-20,10.316904783350576,24.14294413981337
Meta,2019-04-21,5.359729364654471,24.34204878522563
Meta,2019-04-22,9.122856451100414,23.73792141388726
Meta,2019-04-23,2.673930682567425,24.600081885499343
Meta,2019-04-24,21.404490196941328,23.44231387411219
Meta,2019-04-25,23.790250180504,24.07530072727182
Meta,2019-04-26,4.559860491863088,24.11350395057441
Meta,2019-04-27,13.116630219103762,23.97360880277825
Meta,2019-04-28,17.282311873731036,24.218266990077908
Meta,2019-04-29,18.144472482144792,25.12692534823778
Meta,2019-04-30,1.529688395815184,25.7232630259014
Meta,2019-05-01,0.0,25.92225628259292
Meta,2019-05-02,1.016239715529922,25.933753494947563
Meta,2019-05-03,3.218097260922989,24.465239956370954
Meta,2019-05-04,25.75264780132867,25.040640693167088
Meta,2019-05-05,3.74683438197818,24.91144882977375
Meta,2019-05-06,25.20845461098237,24.29360407598115
Meta,2019-05-07,7.271920174234068,24.744830415165115
Meta,2019-05-08,15.751155789656526,23.88684766617046
Meta,2019-05-09,13.97984482076355,23.93115522869604
Meta,2019-05-10,1.8323591839432607,24.77542901836087
Meta,2019-05-11,6.540006370811509,24.953971848319693
Meta,2019-05-12,3.338514742754951,24.783340677447747
Meta,2019-05-13,30.249723889331893,24.40921564344196
Meta,2019-05-14,48.960270937306944,23.306678216410493
Meta,2019-05-15,1.7803368427598487,22.591704205351824
Meta,2019-05-16,9.340141529540135,22.861208221719988
Meta,2019-05-17,5.860809327380518,22.733841425238293
Meta,2019-05-18,3.5282319744082318,23.345822166463307
Meta,2019-05-19,11.977181240411696,22.90651728905114
Meta,2019-05-20,12.598293291113292,23.47679436459333
Meta,2019-05-21,2.4874828365621213,24.51557429698888
Meta,2019-05-22,2.507521622721991,24.867623433972323
Meta,2019-05-23,28.64372772251292,23.70260970811693
Meta,2019-05-24,31.639407545970972,24.27448532062861
Meta,2019-05-25,9.335634919590298,24.574854710825125
Meta,2019-05-26,23.397096562170333,24.434231968414657
Meta,2019-05-27,9.709108492939007,24.894439829607936
Meta,2019-05-28,11.35579425498049,24.55272321203316
Meta,2019-05-29,8.596892006103149,24.546367345563
Meta,2019-05-30,9.902114590259924,24.84121744404561
Meta,2019-05-31,15.781720884960643,24.44633993744543
Meta,2019-06-01,29.54634237782248,24.094552260683376
Meta,2019-06-02,5.771743385915493,24.31640258512847
Meta,2019-06-03,39.02134846638258,23.64913049850174
Meta,2019-06-04,11.899513687828794,24.337218458721125
Meta,2019-06-05,19.62715410971053,23.88594272578081
Meta,2019-06-06,10.099889653197234,23.008690679312885
Meta,2019-06-07,0.0,23.599936785863694
Meta,2019-06-08,2.5229293561370243,23.536323491491355
Meta,2019-06-09,18.471898044479914,23.152612797269693
Meta,2019-06-10,7.928043852277043,22.53558949768249
Meta,2019-06-11,10.472386016147247,22.798407707224467
Meta,2019-06-12,8.01031782939336,22.799462738166163
Meta,2019-06-13,8.850105352792177,22.95097688303123
Meta,2019-06-14,10.925411990541493,23.531423617946608
Meta,2019-06-15,13.420928577149049,24.253318471366583
Meta,2019-06-16,10.003832028515918,23.425842058041823
Meta,2019-06-17,23.079678693571307,23.185662256651877
Meta,2019-06-18,0.5104709748136423,22.96660687784908
Meta,2019-06-19,11.008717396494209,23.59585460418803
Meta,2019-06-20,8.139613177054995,22.994034124005083
Meta,2019-06-21,4.701693375512352,22.09450343070585
Meta,2019-06-22,18.05905861327997,22.425358199558577
Meta,2019-06-23,4.9042033226844906,23.04726461862883
Meta,2019-06-24,7.855565016293546,22.23591271301875
Meta,2019-06-25,0.3374756799931345,22.781757006932832
Meta,2019-06-26,13.84944655574392,23.724806919627724
Meta,2019-06-27,7.156998034306613,24.368203721093348
Meta,2019-06-28,3.1727725831140723,24.29363209854945
Meta,2019-06-29,7.534486047789329,23.666715745445565
Meta,2019-06-30,27.600056029181985,22.99621292037759
Meta,2019-07-01,0.8926586776497919,22.12208965593298
Meta,2019-07-02,1.071424186532456,22.345077566930406
Meta,2019-07-03,0.0,23.63155644133756
Meta,2019-07-04,1.4705061161232729,24.29044353825497
Meta,2019-07-05,52.93865861254233,22.97968645809208
Meta,2019-07-06,0.5116107753119546,23.73049451336445
Meta,2019-07-07,29.71309854594524,23.18579161380344
Meta,2019-07-08,0.2494637207334285,22.49715054709996
Meta,2019-07-09,0.1345649616744104,22.149644021744727
Meta,2019-07-10,0.0,23.1057172643414
Meta,2019-07-11,0.0871029038288526,23.471440034688893
Meta,2019-07-12,2.201853237310012,23.261880108345917
Meta,2019-07-13,12.972548230479768,22.529090562755183
Meta,2019-07-14,24.102832711890056,23.1483841513982
Meta,2019-07-15,9.58611367304782,23.841133444645408
Meta,2019-07-16,15.351322502740032,23.213867662693605
Meta,2019-07-17,3.799610673034497,23.31624018425782
Meta,2019-07-18,3.349021878499593,23.55918075210228
Meta,2019-07-19,20.155098920698904,23.25640556915882
Meta,2019-07-20,23.031326225298503,22.54118581211431
Meta,2019-07-21,4.761021514836797,23.029877791867246
Meta,2019-07-22,6.03234927606517,23.28587194761204
Meta,2019-07-23,9.676049906917193,23.23807700569857
Meta,2019-07-24,2.236643896865005,23.021362210773685
Meta,2019-07-25,41.78859856369249,22.57434507195496
Meta,2019-07-26,6.205050005642054,22.45021684660769
Meta,2019-07-27,0.6920678442337015,23.38827332721088
Meta,2019-07-28,12.224976568171456,22.610675063967797
Meta,2019-07-29,0.5486007777742785,23.47202041965885
Meta,2019-07-30,0.0,24.177579463971924
Meta,2019-07-31,6.71273832592159,24.08670824849472
Meta,2019-08-01,1.7753112918503218,23.75970449235253
Meta,2019-08-02,15.411733447217564,23.356074680984324
Meta,2019-08-03,37.36520436807879,22.887613212646503
Meta,2019-08-04,9.732390387932863,22.554558152281192
Meta,2019-08-05,3.259330003834231,21.55582030238125
Meta,2019-08-06,0.0,22.32460152062621
Meta,2019-08-07,0.0,23.552529751734895
Meta,2019-08-08,5.611392266369879,23.80988778815941
Meta,2019-08-09,1.3460998477114512,24.18065147980919
Meta,2019-08-10,16.670268672723164,24.11466286964395
Meta,2019-08-11,13.873179887067163,23.250883870246405
Meta,2019-08-12,7.546331528200648,23.737891682855825
Meta,2019-08-13,0.9545402192017908,22.56740049428635
Meta,2019-08-14,4.9046456994539565,22.735557084396884
Meta,2019-08-15,3.476170468311093,22.87277654484239
Meta,2019-08-16,0.0977063439402684,22.14509041821306
Meta,2019-08-17,0.0,22.42611067530525
Meta,2019-08-18,0.0099608920884635,23.73435245823187
Meta,2019-08-19,22.377484371866345,24.311517270914404
Meta,2019-08-20,15.419871268129642,24.215186540956825
Meta,2019-08-21,6.208144095234853,24.769268902482484
Meta,2019-08-22,2.912813326784671,24.47010027971656
Meta,2019-08-23,17.626059865502906,24.39338830139449
Meta,2019-08-24,10.809950933217944,24.38703934405789
Meta,2019-08-25,2.959838830918818,24.7823283986523
Meta,2019-08-26,14.712908756699134,24.31863878714137
Meta,2019-08-27,9.948932122295336,24.254223700082257
Meta,2019-08-28,24.04222990610108,23.82319870964769
Meta,2019-08-29,2.7317590687725604,24.59874233948748
Meta,2019-08-30,5.371621310474986,24.800721759093182
Meta,2019-08-31,8.655803478739683,24.87025895452396
Meta,2019-09-01,8.481428823973738,24.995905733826103
Meta,2019-09-02,7.092192825439469,25.43332827858161
Meta,2019-09-03,2.698934799166038,25.57451931842072
Meta,2019-09-04,7.586069949101638,24.79332875674663
Meta,2019-09-05,6.038000287848908,24.897620061368773
Meta,2019-09-06,4.190154987906447,25.26307097896155
Meta,2019-09-07,2.1518332696710405,25.389570183221423
Meta,2019-09-08,0.4437014440081558,25.677066939353686
Meta,2019-09-09,5.608837035598151,25.719281901867905
Meta,2019-09-10,1.250930663342543,26.023993056166503
Meta,2019-09-11,2.8744285663731746,26.037767121910885
Meta,2019-09-12,12.45440434835897,26.016794582925176
Meta,2019-09-13,7.944841412209064,25.851466256990356
Meta,2019-09-14,4.027763415197069,25.04602804491288
Meta,2019-09-15,5.043477922094001,25.571075000415668
Meta,2019-09-16,2.446632848737088,26.23206332522748
Meta,2019-09-17,13.636055630285204,26.33369483115074
Meta,2019-09-18,6.642808620476523,26.21892629282335
Meta,2019-09-19,1.3056598527138703,26.263908926329652
Meta,2019-09-20,36.41506017318687,25.64464231664933
Meta,2019-09-21,9.091897474059657,25.86621693247842
Meta,2019-09-22,0.1386253088910696,25.97713535013402
Meta,2019-09-23,13.573140694943095,25.11028361440352
Meta,2019-09-24,0.6942013539146153,25.28444350285075
Meta,2019-09-25,2.0440540696752443,25.409636897356197
Meta,2019-09-26,1.734535474136702,25.497894084905464
Meta,2019-09-27,10.32334374047823,25.08182906644483
Meta,2019-09-28,9.279092688695824,25.153389983835748
Meta,2019-09-29,11.854725185070544,24.66482089334561
Meta,2019-09-30,1.0314396553956071,24.69549422549165
Meta,2019-10-01,0.1853236707777275,25.55942464198305
Meta,2019-10-02,15.154758116400464,24.60184348348841
Meta,2019-10-03,28.60354486735257,23.58115524520858
Meta,2019-10-04,0.1708057728130917,24.580001974490767
Meta,2019-10-05,6.534060459558319,25.24299287137305
Meta,2019-10-06,9.077912488543747,24.970320245648697
Meta,2019-10-07,11.585271371848682,24.54171623709829
Meta,2019-10-08,28.81245120194332,23.37932661150072
Meta,2019-10-09,6.701230609585586,23.56112873907916
Meta,2019-10-10,2.960080250538157,24.4233138212815
Meta,2019-10-11,3.1785116738951453,24.01080191153303
Meta,2019-10-12,5.742526970906899,23.969191116117027
Meta,2019-10-13,4.0335174520831405,24.429798440298438
Meta,2019-10-14,4.478942024193349,24.999607245983796
Meta,2019-10-15,16.198144551426374,23.98460262800792
Meta,2019-10-16,12.115041125541842,23.96133215848385
Meta,2019-10-17,0.9310994307505588,24.387152355820035
Meta,2019-10-18,10.531980566052557,24.169626236422832
Meta,2019-10-19,3.149786498796547,24.102234622464
Meta,2019-10-20,20.20361197061224,23.667016859550543
Meta,2019-10-21,3.021123799337677,24.5246689592662
Meta,2019-10-22,13.699822740904583,24.512791947709488
Meta,2019-10-23,8.89571540733583,24.373573547080397
Meta,2019-10-24,10.849665841580237,23.946814068867983
Meta,2019-10-25,5.578246050081745,23.530718978144414
Meta,2019-10-26,0.3233622614586726,24.694389756455923
Meta,2019-10-27,3.1938758437527923,24.65760700197867
Meta,2019-10-28,6.400315140900961,24.437993018225985
Meta,2019-10-29,1.702848303184686,25.10370546992865
Meta,2019-10-30,11.951295036124248,24.98313346255592
Meta,2019-10-31,18.44684669248837,24.57786038888825
Meta,2019-11-01,2.182947890148191,24.354231473887616
Meta,2019-11-02,9.394111787649065,24.02915647138296
Meta,2019-11-03,3.650310742171787,24.339858750266384
Meta,2019-11-04,3.117411568643608,25.339171252935493
Meta,2019-11-05,9.191849064350686,24.975252097861414
Meta,2019-11-06,13.666103391177254,24.9041170287227
Meta,2019-11-07,2.056385554545503,24.593451481224022
Meta,2019-11-08,9.684426341862933,25.014364052058603
Meta,2019-11-09,21.95888049550101,24.12505930791473
Meta,2019-11-10,8.199409438618083,24.097933266604727
Meta,2019-11-11,7.425772723403025,23.937288358419245
Meta,2019-11-12,9.148498161935605,23.26714396211163
Meta,2019-11-13,12.020635222861754,24.046025047189374
Meta,2019-11-14,15.210506673019916,24.838371542309204
Meta,2019-11-15,1.7451051039081806,25.09101930850397
Meta,2019-11-16,13.531219248947956,24.499513313557717
Meta,2019-11-17,6.21149566730677,24.305385519610383
Meta,2019-11-18,27.17207701344961,24.34231106584322
Meta,2019-11-19,0.994121808507966,24.65246796966906
Meta,2019-11-20,22.24572848183651,23.728536653262548
Meta,2019-11-21,2.7552160859176493,24.13686641070205
Meta,2019-11-22,2.225308018262456,24.35093372238732
Meta,2019-11-23,1.5872457149003134,24.502561584993902
Meta,2019-11-24,2.2296113561616786,24.514186736729062
Meta,2019-11-25,16.113013936052248,24.648515834396743
Meta,2019-11-26,5.326495252382969,24.74504295164917
Meta,2019-11-27,7.343688617599262,24.974193900662485
Meta,2019-11-28,2.215567904681505,25.445877095566825
Meta,2019-11-29,1.933124281612744,25.482038355903438
Meta,2019-11-30,0.514366649379822,25.0760186265388
Meta,2019-12-01,0.1187713972008378,25.095908195595957
Meta,2019-12-02,2.4999045280967582,25.26649030778827
Meta,2019-12-03,3.431338125603812,25.28143879283969
Meta,2019-12-04,0.1664953120441404,25.437754678955997
Meta,2019-12-05,0.053716570876026,25.364310329223752
Meta,2019-12-06,0.0009501736434865831,25.405034659234865
Meta,2019-12-07,7.124222102974432,25.432054497574534
Meta,2019-12-08,1.249551750459082,25.268763489657868
Meta,2019-12-09,0.033586599300333,25.210244967598825
Meta,2019-12-10,0.0,25.35336320861564
Meta,2019-12-11,0.0905022601789582,25.47353925769565
Meta,2019-12-12,0.0471844049480704,25.094490364783876
Meta,2019-12-13,0.0067017458832309,25.035650043608506
Meta,2019-12-14,0.4187055448510118,25.185036377880262
Meta,2019-12-15,12.479091243819797,24.0937261410421
Meta,2019-12-16,9.250744177501142,24.009027076285538
Meta,2019-12-17,2.4839322439900267,24.580946299400395
Meta,2019-12-18,0.7053249624443576,24.984740767022224
Meta,2019-12-19,0.0640323185921759,25.270660190017804
Meta,2019-12-20,10.673912361921133,24.52122286236208
Meta,2019-12-21,7.010620174274783,23.931317947493422
Meta,2019-12-22,0.2508858115836866,24.660555851893733
Meta,2019-12-23,1.3661706833642884,25.185491783592614
Meta,2019-12-24,5.798457681312175,25.085497518878768
Meta,2019-12-25,16.02205130249283,25.15331094309884
Meta,2019-12-26,7.371671263947503,25.05604684596176
Meta,2019-12-27,15.69182812052239,25.38071176377328
Meta,2019-12-28,12.60368778593894,25.433810365822957
Meta,2019-12-29,4.11392260037973,25.45778838530548
Meta,2019-12-30,6.267014029463474,25.241269878474476
Meta,2019-12-31,0.7464296855015142,25.24065200015505
Meta,2020-01-01,1.7922144996514902,25.40990745172858
Meta,2020-01-02,0.0823464763530833,25.27646856365644
Meta,2020-01-03,0.0008283243999999217,24.98564950862091
Meta,2020-01-04,0.0,24.844599391653063
Meta,2020-01-05,1.4420163066983265,24.923570182812764
Meta,2020-01-06,0.5048701983846369,25.34948643994507
Meta,2020-01-07,0.0642100242342346,25.83606087519332
Meta,2020-01-08,0.1342340577600796,25.95959110123518
Meta,2020-01-09,1.112451562001498,26.00575546836613
Meta,2020-01-10,0.3495471362350901,25.751734528267303
Meta,2020-01-11,0.9260696936257746,25.83232252236081
Meta,2020-01-12,0.0564774861153704,26.15730210075822
Meta,2020-01-13,0.0056100746019209,26.17115862998732
Meta,2020-01-14,0.0,26.367480349524676
Meta,2020-01-15,0.0195789372232384,26.35792882332299
Meta,2020-01-16,0.0180273994091226,25.985635410839976
Meta,2020-01-17,2.284169860186204,25.11997978174738
Meta,2020-01-18,0.4570839580945824,25.348566448384265
Meta,2020-01-19,1.837322263024692,25.453958940419785
Meta,2020-01-20,7.125847033329392,25.558018770727603
Meta,2020-01-21,3.2026363968829505,25.957130165672066
Meta,2020-01-22,0.7845389707024952,26.324578197512324
Meta,2020-01-23,0.0,27.14224855350053
Meta,2020-01-24,3.079061189899038,27.52141053610332
Meta,2020-01-25,4.494397257989897,26.984638600747008
Meta,2020-01-26,0.5372536451934068,26.358360507352437
Meta,2020-01-27,1.942849064506264,27.34671079052897
Meta,2020-01-28,0.0,27.740900944623043
Meta,2020-01-29,0.0,28.02463105797197
Meta,2020-01-30,0.1249948225979199,28.05320233069617
Meta,2020-01-31,2.7549568094931645,27.639300353565364
Meta,2020-02-01,1.397938610889901,27.756476343985916
Meta,2020-02-02,4.717088031948987,26.09628804887256
Meta,2020-02-03,0.129684814776804,26.186018306978703
Meta,2020-02-04,0.0,27.152088951549025
Meta,2020-02-05,0.0,26.924324087015712
Meta,2020-02-06,0.1211025476441885,27.016660935874214
Meta,2020-02-07,0.0167705889701912,27.1266528972115
Meta,2020-02-08,0.8131721319397158,27.569923311720945
Meta,2020-02-09,0.043180243665682,27.79451216060477
Meta,2020-02-10,0.0069509821817126,27.730531463742555
Meta,2020-02-11,0.0,27.5578456975092
Meta,2020-02-12,0.0,27.819269174063976
Meta,2020-02-13,0.0,27.790276121749727
Meta,2020-02-14,0.0,28.10751256273844
Meta,2020-02-15,0.6345656109544624,28.29071517094137
Meta,2020-02-16,0.0,28.462042635560906
Meta,2020-02-17,0.0,28.83025162252985
Meta,2020-02-18,0.0081285403700108,28.77891641384237
Meta,2020-02-19,1.119482147849327,26.78447381304112
Meta,2020-02-20,0.0383081061033846,27.034441743068808
Meta,2020-02-21,0.0874371663138237,28.47943733332981
Meta,2020-02-22,2.837941606504906,28.39914671740405
Meta,2020-02-23,4.65013064383934,26.450062786589744
Meta,2020-02-24,3.5941896028050944,25.98038592160393
Meta,2020-02-25,6.358974313131102,26.313083141607294
Meta,2020-02-26,3.911821005026976,26.20292573787336
Meta,2020-02-27,0.4872264124103892,26.97881525874852
Meta,2020-02-28,0.0826920261666451,27.309983384443463
Meta,2020-02-29,0.0,27.39211093426549
Meta,2020-03-01,0.4066857329159886,27.312006242829376
Meta,2020-03-02,2.493335067118388,26.77358230915553
Meta,2020-03-03,0.8031478634633833,26.493149428213005
Meta,2020-03-04,0.3222105259824584,27.370005646748613
Meta,2020-03-05,0.0326206229781042,27.59041229563841
Meta,2020-03-06,0.0,27.767616186547038
Meta,2020-03-07,0.405518248527331,27.923221563225
Meta,2020-03-08,1.3376202886544073,27.67902433031438
Meta,2020-03-09,8.084913989200757,26.43905647668162
Meta,2020-03-10,2.188209460443754,25.89402016576361
Meta,2020-03-11,2.5274337857117506,26.524839911443078
Meta,2020-03-12,5.287280454929991,26.815009113040432
Meta,2020-03-13,8.376349894723036,25.8694528390553
Meta,2020-03-14,54.194080419723136,24.301390646994644
Meta,2020-03-15,4.186110094790664,25.509460932820694
Meta,2020-03-16,0.5010514812342531,25.99726404866975
Meta,2020-03-17,0.2078103738159173,26.709186955689265
Meta,2020-03-18,0.2019326216683138,26.664036826082317
Meta,2020-03-19,0.3260687389343298,26.498414639435723
Meta,2020-03-20,0.3038479971013608,26.546920992896524
Meta,2020-03-21,0.0,27.06496838295547
Meta,2020-03-22,0.0,27.05355820091668
Meta,2020-03-23,0.0,27.274628329659127
Meta,2020-03-24,0.2074156674736896,26.8648411564059
Meta,2020-03-25,0.1466141016614282,27.280973160672147
Meta,2020-03-26,0.6162442274067937,27.58883756996599
Meta,2020-03-27,1.927213247316464,27.879154644225157
Meta,2020-03-28,0.0,28.42212977567338
Meta,2020-03-29,0.0,27.417586621881203
Meta,2020-03-30,0.95929855691414,26.18967041568995
Meta,2020-03-31,0.3447637548085329,24.467396582506414
Meta,2020-04-01,10.532577510106108,25.03799773701725
Meta,2020-04-02,37.20101837889888,23.995222969226184
Meta,2020-04-03,1.317012018188537,25.30733786652841
Meta,2020-04-04,0.4653365788858712,25.903443965446584
Meta,2020-04-05,22.219787690529785,24.9728153846527
Meta,2020-04-06,6.123568999250332,25.3990190848799
Meta,2020-04-07,22.72933581427707,25.41046280937494
Meta,2020-04-08,8.303143715912638,25.2825487437546
Meta,2020-04-09,19.62904374509727,24.668597555102306
Meta,2020-04-10,6.067142686937815,24.99246726227899
Meta,2020-04-11,9.569173561501028,24.60706025463608
Meta,2020-04-12,8.464962860812683,25.384287473267847
Meta,2020-04-13,3.068606484065914,26.07190543543976
Meta,2020-04-14,0.589375211140482,26.21326842009925
Meta,2020-04-15,3.859968613088757e-05,26.316345934133693
Meta,2020-04-16,0.0,26.10851153092413
Meta,2020-04-17,5.663989955309384,25.493832258225456
Meta,2020-04-18,1.903237191542812,23.85995862634465
Meta,2020-04-19,4.472137065948256,24.212514850132585
Meta,2020-04-20,0.0396088988134749,25.12654565026485
Meta,2020-04-21,0.978029279707758,25.34497758196855
Meta,2020-04-22,9.19051649953497,25.221300706310014
Meta,2020-04-23,7.924021175975606,24.83857582375668
Meta,2020-04-24,2.78596714509788,25.7207015067387
Meta,2020-04-25,0.3768884105140364,26.224329990230867
Meta,2020-04-26,7.370729171934968,26.032764788577257
Meta,2020-04-27,22.33667807071014,25.891467216010263
Meta,2020-04-28,20.35657917004412,25.042905773731004
Meta,2020-04-29,20.294969992831035,24.637624386876897
Meta,2020-04-30,7.688345564872541,24.832531846527107
Meta,2020-05-01,18.916765391722688,24.16703394031816
Meta,2020-05-02,2.3645988039103427,24.62847864834697
Meta,2020-05-03,22.902858513172287,23.405982348446777
Meta,2020-05-04,0.9604039285234834,24.289083889597283
Meta,2020-05-05,23.045697049666,24.595159606217187
Meta,2020-05-06,24.77758045958041,25.31317864384992
Meta,2020-05-07,32.85214406423634,24.657640823883074
Meta,2020-05-08,23.920330600622023,23.342357656470504
Meta,2020-05-09,1.2620115179419993,23.07911987646363
Meta,2020-05-10,5.885715671126384,23.80234311745827
Meta,2020-05-11,2.419266081955348,25.20927219860381
Meta,2020-05-12,6.968286380377167,25.932120530473483
Meta,2020-05-13,24.658345474947996,24.71214872231172
Meta,2020-05-14,8.509844795354038,24.562071222775614
Meta,2020-05-15,8.68963497564465,24.330991758977085
Meta,2020-05-16,19.039094670823783,23.99721338903777
Meta,2020-05-17,14.635315450516504,23.948208859774848
Meta,2020-05-18,14.18192418865009,23.47287570811605
Meta,2020-05-19,34.81871773533861,24.202728423751395
Meta,2020-05-20,4.735589825603992,24.574881449222108
Meta,2020-05-21,5.021425728105935,25.138011653611112
Meta,2020-05-22,5.8043165143123,25.227795385257703
Meta,2020-05-23,16.030345487972077,24.83209260439353
Meta,2020-05-24,10.858089388312802,24.34446200290886
Meta,2020-05-25,18.66339554902805,24.050219427967928
Meta,2020-05-26,2.149746542702156,22.849153758576765
Meta,2020-05-27,2.4650054837556445,23.174468085206147
Meta,2020-05-28,0.2179227710641671,23.306512936843383
Meta,2020-05-29,10.241977930972258,23.85472942651801
Meta,2020-05-30,42.6635645836618,24.06668199943332
Meta,2020-05-31,6.090963627639085,23.87745498238872
Meta,2020-06-01,5.258345155323886,24.360801344433984
Meta,2020-06-02,5.244684456627104,24.78545069331757
Meta,2020-06-03,25.54677088904104,23.87573209026854
Meta,2020-06-04,23.65596268952716,24.168296609620068
Meta,2020-06-05,9.41350755194956,24.701047988127584
Meta,2020-06-06,26.537662303732446,23.817084432347123
Meta,2020-06-07,9.746440921306622,24.52516532754031
Meta,2020-06-08,13.993493827414486,23.93187491590901
Meta,2020-06-09,0.29000572794601,24.59766702095799
Meta,2020-06-10,3.5911618214420367,24.8323215685104
Meta,2020-06-11,14.837847425306135,23.87177038992467
Meta,2020-06-12,17.75692782761102,24.223145842557965
Meta,2020-06-13,8.750200939498916,24.90228362658264
Meta,2020-06-14,22.90654826230536,23.60441558010298
Meta,2020-06-15,8.423221015521829,23.188586451540544
Meta,2020-06-16,1.117651148038039,24.37126029701642
Meta,2020-06-17,11.949845257269535,23.53597858057365
Meta,2020-06-18,9.351391922778165,23.381418001659352
Meta,2020-06-19,0.0469987204756112,23.68985001322856
Meta,2020-06-20,36.45044910634086,23.419502557918538
Meta,2020-06-21,3.441501079553692,23.0554505695232
Meta,2020-06-22,14.641698193717875,22.78653540397182
Meta,2020-06-23,4.461944645114505,23.325513620762045
Meta,2020-06-24,20.97626399161248,24.21215756000965
Meta,2020-06-25,5.3215171171858895,23.983942583846684
Meta,2020-06-26,7.319488151875855,23.92290484086937
Meta,2020-06-27,21.86298870357009,23.4327982670023
Meta,2020-06-28,22.18864684033485,23.298808800859568
Meta,2020-06-29,4.974240030703252,23.66941786735571
Meta,2020-06-30,1.2065357640143124,24.044022098521424
Meta,2020-07-01,7.629302494693936,24.17466993945529
Meta,2020-07-02,28.055542728111032,23.23018215540528
Meta,2020-07-03,5.501420207056676,23.460591520604723
Meta,2020-07-04,37.63286428761452,22.95404151982837
Meta,2020-07-05,3.840090970257931,23.391869310758214
Meta,2020-07-06,6.32933032225705,22.991053295844488
Meta,2020-07-07,5.42355879471847,23.55063636114257
Meta,2020-07-08,0.6490504196281688,24.21335957591241
Meta,2020-07-09,20.638565509434446,23.63386079490128
Meta,2020-07-10,7.470755633550167,23.418586730061115
Meta,2020-07-11,8.898683128123098,23.3120831215064
Meta,2020-07-12,5.001149046735822,24.147504462747868
Meta,2020-07-13,4.964577782917635,23.78475836947705
Meta,2020-07-14,20.28773630489086,23.444572797695223
Meta,2020-07-15,6.878569328342008,22.920584798346784
Meta,2020-07-16,3.295637779971432,23.807442993879544
Meta,2020-07-17,6.37045422966329,23.35070879995154
Meta,2020-07-18,2.5339622960545034,23.62876877598984
Meta,2020-07-19,1.2034248484232022,23.77097735946321
Meta,2020-07-20,2.909892137535436,23.41632985629495
Meta,2020-07-21,7.051709857033014,23.815553326348187
Meta,2020-07-22,13.898132572704744,23.670888262308164
Meta,2020-07-23,21.116817664871444,23.395697357262343
Meta,2020-07-24,7.530884993046214,23.281760538318185
Meta,2020-07-25,37.60584263987558,22.551926377047145
Meta,2020-07-26,9.334038087395845,22.814553742895857
Meta,2020-07-27,1.1090877709667142,23.70670588210976
Meta,2020-07-28,13.336217658112098,23.84575396883777
Meta,2020-07-29,6.942292320504063,23.693481544373405
Meta,2020-07-30,19.179192938323016,23.044097028530928
Meta,2020-07-31,3.687058530060045,23.8436278180179
Meta,2020-08-01,0.1832357182241108,23.955167166687907
Meta,2020-08-02,0.2812411012069645,24.163704474546577
Meta,2020-08-03,0.2078534169174721,24.321673372281012
Meta,2020-08-04,0.0,24.163619347077034
Meta,2020-08-05,0.0346095895872724,23.506151568540115
Meta,2020-08-06,0.0052903666006039,23.740592891957498
Meta,2020-08-07,0.9367247446869534,23.646965720967295
Meta,2020-08-08,0.0,23.28026455843228
Meta,2020-08-09,0.0,23.9695515896708
Meta,2020-08-10,0.0,24.36035677936357
Meta,2020-08-11,0.0331868827063972,24.730292098838746
Meta,2020-08-12,5.080770925913092,23.95314175460711
Meta,2020-08-13,45.19015422794108,23.09724669898353
Meta,2020-08-14,10.1575060248926,24.08002757760242
Meta,2020-08-15,7.385624911446243,24.221792383913684
Meta,2020-08-16,10.032827451222904,24.285063059769776
Meta,2020-08-17,21.196197092366035,23.93491069973715
Meta,2020-08-18,5.587947921181914,24.322381718926973
Meta,2020-08-19,6.823316622609343,25.00060668414169
Meta,2020-08-20,12.84409284282679,25.23214393715186
Meta,2020-08-21,21.506115124863072,24.99868609907204
Meta,2020-08-22,25.208966602132875,23.122031834634537
Meta,2020-08-23,2.778089179645692,22.430865822455026
Meta,2020-08-24,0.0,22.969044856111797
Meta,2020-08-25,0.1042834065114604,23.5731106460877
Meta,2020-08-26,0.208002157062725,24.197313363767787
Meta,2020-08-27,8.599739508810787,24.30586979746073
Meta,2020-08-28,17.85150545410054,24.452235745222644
Meta,2020-08-29,13.37660373428757,24.627084256051425
Meta,2020-08-30,17.24359400355603,24.943909678191357
Meta,2020-08-31,4.243374843538321,24.657888195821137
Meta,2020-09-01,6.951258087342227,24.14040138944501
Meta,2020-09-02,0.9007340201818542,23.456723349188312
Meta,2020-09-03,6.047469186967061,24.423225787444363
Meta,2020-09-04,8.543354169616311,23.946703673922176
Meta,2020-09-05,1.0853151154108842,24.923167579219797
Meta,2020-09-06,8.67210143553303,25.16543219130783
Meta,2020-09-07,4.086246108456114,25.261888986278187
Meta,2020-09-08,5.328956441997755,24.93360796876189
Meta,2020-09-09,5.099429787347022,24.828948984042032
Meta,2020-09-10,1.9073072768546269,24.925632203490625
Meta,2020-09-11,2.6371918264212426,25.315980714698743
Meta,2020-09-12,2.0022130089713794,25.41182249740785
Meta,2020-09-13,3.1505350040529865,24.540233367396933
Meta,2020-09-14,11.413162184421749,25.22390417874838
Meta,2020-09-15,2.776156898210249,25.46761689090017
Meta,2020-09-16,1.5164414402284463,24.75767851443178
Meta,2020-09-17,9.043678539916078,24.64059392887842
Meta,2020-09-18,3.418098937769536,25.161231063239207
Meta,2020-09-19,18.982998490285244,24.159955557679893
Meta,2020-09-20,16.771484160054346,24.468056876731083
Meta,2020-09-21,2.247315120486537,25.33869737516317
Meta,2020-09-22,3.4523569174343685,25.535691691497284
Meta,2020-09-23,28.285072909774293,24.69961378150389
Meta,2020-09-24,15.11903799987194,24.251525317095275
Meta,2020-09-25,1.219951979174532,24.78189388550332
Meta,2020-09-26,4.028146218478124,25.16109651149712
Meta,2020-09-27,19.03009226326656,24.72039468175661
Meta,2020-09-28,0.9418433304230576,25.15229298199413
Meta,2020-09-29,10.805438811816105,24.46447103803398
Meta,2020-09-30,10.24461155395958,23.890768938877148
Meta,2020-10-01,0.6434509433331946,24.68613175797159
Meta,2020-10-02,5.69834712183968,25.20007468613746
Meta,2020-10-03,9.862838762226712,25.0177697175933
Meta,2020-10-04,11.170180657940731,23.99850121769009
Meta,2020-10-05,2.3009500831718293,24.549979243916784
Meta,2020-10-06,0.7348738856235547,25.16821145029162
Meta,2020-10-07,24.07985534523188,24.94917072764024
Meta,2020-10-08,9.567257305555431,23.887424290128045
Meta,2020-10-09,1.194276926412173,24.826889674531607
Meta,2020-10-10,2.253800143754441,25.250028139159497
Meta,2020-10-11,7.571544435976839,25.313797589549257
Meta,2020-10-12,18.66734791293135,24.55508222220629
Meta,2020-10-13,1.1541202834769404,24.52314552287271
Meta,2020-10-14,0.4484439861113077,25.384079721556603
Meta,2020-10-15,15.454915988189567,25.15360020206889
Meta,2020-10-16,7.377829091124776,24.454096380670546
Meta,2020-10-17,2.233609876042524,24.608083667047342
Meta,2020-10-18,1.731968720563658,25.054712873077
Meta,2020-10-19,0.4619097136897555,25.447342672361717
Meta,2020-10-20,9.402841974564463,25.03761175292853
Meta,2020-10-21,8.878717330385161,24.72447688365279
Meta,2020-10-22,9.06754508669262,24.479999085297724
Meta,2020-10-23,9.444771769302756,24.93119318543104
Meta,2020-10-24,1.102363187646351,25.63606564373811
Meta,2020-10-25,0.0442805574616608,26.01374617581424
Meta,2020-10-26,1.2952174869128188,26.138446203637653
Meta,2020-10-27,7.169134989984073,26.0496743005184
Meta,2020-10-28,6.101906110409047,25.7781102687402
Meta,2020-10-29,2.9083568112288427,26.35759971108149
Meta,2020-10-30,3.603725053153015,26.35841096449346
Meta,2020-10-31,26.04635565689925,24.47460461474886
Meta,2020-11-01,15.709618556245456,23.446452937146727
Meta,2020-11-02,4.743821254603494,23.7606125233615
Meta,2020-11-03,2.5100317173826747,23.79419338137602
Meta,2020-11-04,13.778944481321265,23.46595040844364
Meta,2020-11-05,1.7799613965169907,23.975133728655717
Meta,2020-11-06,2.4596682177673257,24.868137612129388
Meta,2020-11-07,20.081786051482105,24.644330511037133
Meta,2020-11-08,3.234729555653886,24.338218958141585
Meta,2020-11-09,2.5562891208298115,24.89832047211605
Meta,2020-11-10,11.795370287959573,24.93569545890479
Meta,2020-11-11,14.296557009047005,24.479022585050583
Meta,2020-11-12,8.979010606088504,24.59915493365047
Meta,2020-11-13,17.531476020521104,24.719834375925785
Meta,2020-11-14,3.0258847411810303,24.752497821581045
Meta,2020-11-15,9.835623201224,24.774256547073367
Meta,2020-11-16,20.62886621163549,24.128372393593047
Meta,2020-11-17,3.806115344612736,23.91994348890508
Meta,2020-11-18,3.309052554797996,24.42626406569083
Meta,2020-11-19,0.556757326919924,25.02885869719083
Meta,2020-11-20,0.3761689840825906,25.09814963982353
Meta,2020-11-21,8.553526996169552,24.458814261205887
Meta,2020-11-22,0.3021286108137849,24.870073571832048
Meta,2020-11-23,15.404650100243549,24.03815757475195
Meta,2020-11-24,6.234700564567881,24.48064918363028
Meta,2020-11-25,3.0985583081768886,24.366445791906205
Meta,2020-11-26,2.766498412317377,24.69269059418288
Meta,2020-11-27,15.761628001610056,23.71396356915317
Meta,2020-11-28,28.34040364811625,22.82953358536746
Meta,2020-11-29,2.298734333444101,23.545722990938017
Meta,2020-11-30,3.011128167337976,23.98575277492351
Meta,2020-12-01,7.386404514638983,23.47481626171069
Meta,2020-12-02,6.856808408019342,23.64010348422111
Meta,2020-12-03,0.2342579472372671,24.754718931000603
Meta,2020-12-04,0.0098568493958713,24.65563635468462
Meta,2020-12-05,0.1336963595664785,24.65825282027552
Meta,2020-12-06,4.091266045288831,24.23821948543337
Meta,2020-12-07,20.87110897969414,24.253638314965848
Meta,2020-12-08,18.54325840450448,23.34660047898136
Meta,2020-12-09,18.493327108601346,23.414901762929524
Meta,2020-12-10,0.3656473581346815,24.308890453935227
Meta,2020-12-11,0.0027809621941085,24.71057918142254
Meta,2020-12-12,0.00012467888753445053,24.42646746552197
Meta,2020-12-13,0.0238459987441099,24.09940619865117
Meta,2020-12-14,0.0339446253954372,24.34725534873961
Meta,2020-12-15,0.431640716022179,24.5359482630454
Meta,2020-12-16,0.8184608782599521,24.21336247927058
Meta,2020-12-17,1.739193524176445,24.296640006751677
Meta,2020-12-18,6.377826949462738,24.093143960778846
Meta,2020-12-19,0.7392556532303396,24.32688043572936
Meta,2020-12-20,0.0015924458062222,24.65959658328144
Meta,2020-12-21,0.0085341077300351,24.79513193056881
Meta,2020-12-22,0.5267995757048344,25.28170366357896
Meta,2020-12-23,0.6679849471513343,25.074817480027168
Meta,2020-12-24,0.5101898192901339,24.721691626691342
Meta,2020-12-25,0.0283736109536798,25.10492385652564
Meta,2020-12-26,4.083529700774623,24.907973202071176
Meta,2020-12-27,3.151729387330882,25.34430765773866
Meta,2020-12-28,0.7044709474535782,25.23300912522207
Meta,2020-12-29,8.111597745764634,24.891055497468397
Meta,2020-12-30,2.8216838835367013,24.392961422128405
Meta,2020-12-31,3.2459471738145447,24.6867607118463
Meta,2021-01-01,0.0043774806867469,24.80926185009725
Meta,2021-01-02,0.4122596685106278,24.32495287797749
Meta,2021-01-03,5.918803083804211,24.512988068448134
Meta,2021-01-04,0.0007979418897913811,24.74479764999266
Meta,2021-01-05,0.0041818719815527,24.62294031486942
Meta,2021-01-06,0.0014600381886088,24.912513014495016
Meta,2021-01-07,5.110302895523056,25.297955907722987
Meta,2021-01-08,26.6347428484118,23.46571500127344
Meta,2021-01-09,11.813118924529595,23.48940630166862
Meta,2021-01-10,2.2420078780970067,23.617839684126466
Meta,2021-01-11,7.112100122315889,23.494869138958705
Meta,2021-01-12,4.268503225295337,24.547698139800996
Meta,2021-01-13,0.0019819404324718,24.545598165298813
Meta,2021-01-14,0.0115455627487193,24.632403160160045
Meta,2021-01-15,0.0,24.889996903038348
Meta,2021-01-16,0.0,24.967109339362835
Meta,2021-01-17,0.0,25.243608016727077
Meta,2021-01-18,0.0,25.80145190988585
Meta,2021-01-19,0.0110152375132165,26.13426590872466
Meta,2021-01-20,0.0045419165407187,25.507781824128365
Meta,2021-01-21,0.0,25.274431453814813
Meta,2021-01-22,5.82199433227058,25.179811812269158
Meta,2021-01-23,0.3058138046167635,24.883745297232448
Meta,2021-01-24,3.113645890128798,24.83271276753709
Meta,2021-01-25,5.480503707816237,25.236264824982783
Meta,2021-01-26,0.3682993844411638,25.820359298222375
Meta,2021-01-27,0.0048084958045669,26.2123439873492
Meta,2021-01-28,0.0041435028174285,26.30925844005825
Meta,2021-01-29,0.0042602263141346,26.68180895038034
Meta,2021-01-30,0.0,26.73002688721065
Meta,2021-01-31,0.0,26.835198215987067
Meta,2021-02-01,0.9116140564576706,26.96198699190899
Meta,2021-02-02,0.1848589893912965,27.319902600216786
Meta,2021-02-03,0.2865668150734615,27.042809952951387
Meta,2021-02-04,0.4628671234400881,26.68202002087795
Meta,2021-02-05,6.264024924829551,26.249383366144016
Meta,2021-02-06,6.75433052753156,26.3032354426964
Meta,2021-02-07,0.2033882490272745,26.74146548760271
Meta,2021-02-08,0.4809766742860807,27.30233429292914
Meta,2021-02-09,1.090045277984948,27.60653763524685
Meta,2021-02-10,4.598020272792747,28.09996663751835
Meta,2021-02-11,2.3723022414052304,27.476738466624493
Meta,2021-02-12,0.0,27.576672574516707
Meta,2021-02-13,0.0,27.67432740566593
Meta,2021-02-14,0.0012273715731635,27.82836581060013
Meta,2021-02-15,1.3497760094004536,28.50937136541077
Meta,2021-02-16,0.8270434924495338,28.227186355570453
Meta,2021-02-17,0.0615110465108662,27.79747541302572
Meta,2021-02-18,0.0218354139881769,27.762396627058894
Meta,2021-02-19,0.0028661859117319,27.65571158833919
Meta,2021-02-20,0.1139762365322396,27.994976638781
Meta,2021-02-21,0.2520439822767975,28.26936630919104
Meta,2021-02-22,0.3224930914102661,28.21095901957725
Meta,2021-02-23,0.2893871315670593,28.054639442889357
Meta,2021-02-24,6.280610309078483,25.79150810132957
Meta,2021-02-25,5.408652226743694,26.091628912702408
Meta,2021-02-26,0.890341447787065,26.713089667928408
Meta,2021-02-27,0.4395244066472459,26.82801500594798
Meta,2021-02-28,0.0283867647508648,26.97074990685634
Meta,2021-03-01,0.0715158095161928,26.79836809358924
Meta,2021-03-02,0.385322868910445,27.05652386671449
Meta,2021-03-03,0.0,27.59175516037084
Meta,2021-03-04,0.0,27.397374581173988
Meta,2021-03-05,1.9010116622030808,27.12703646580137
Meta,2021-03-06,12.942563604013486,25.98874979470485
Meta,2021-03-07,8.110015046730203,24.751992504872906
Meta,2021-03-08,33.35720645766404,24.69507331950384
Meta,2021-03-09,4.031293252350966,25.73889261687789
Meta,2021-03-10,9.817426268032754,25.56622278485458
Meta,2021-03-11,1.567634719571439,24.917419677845807
Meta,2021-03-12,0.7849949725117089,25.603756832502604
Meta,2021-03-13,19.15950484641433,24.7978227452826
Meta,2021-03-14,0.1057002456811891,24.655082353861435
Meta,2021-03-15,11.284646958687794,24.56952824407732
Meta,2021-03-16,24.39166965990689,24.087654780266558
Meta,2021-03-17,11.37451113748956,24.123264969729505
Meta,2021-03-18,9.577852916450484,23.819453701754373
Meta,2021-03-19,0.2238108128978254,25.28628316907861
Meta,2021-03-20,0.3010751300834037,26.01751065084752
Meta,2021-03-21,0.0,26.19684253259182
Meta,2021-03-22,2.4059015361926552,24.974915744048108
Meta,2021-03-23,1.9417956726516272,24.85821831195768
Meta,2021-03-24,21.01507570123959,24.054897747013094
Meta,2021-03-25,4.236215726229584,24.24344872160712
Meta,2021-03-26,10.944005412035004,24.07126993624499
Meta,2021-03-27,4.963304033691759,23.451330801701605
Meta,2021-03-28,0.0361238092668407,24.18791309800884
Meta,2021-03-29,1.1803658848224674,24.76980684409205
Meta,2021-03-30,11.75925633897047,23.694561867443745
Meta,2021-03-31,7.617881102335235,23.219598391051964
Meta,2021-04-01,5.826371216321203,24.03710422302476
Meta,2021-04-02,17.59742339442569,24.09100099789326
Meta,2021-04-03,3.729253112707149,24.41230679669453
Meta,2021-04-04,22.27703682085381,23.858047396681773
Meta,2021-04-05,20.41417168090253,23.422575204975296
Meta,2021-04-06,19.520149243912076,23.488872732671336
Meta,2021-04-07,13.268222222489712,23.86473072999089
Meta,2021-04-08,11.838847053710213,24.764259703766008
Meta,2021-04-09,23.957306267484203,23.648336380852164
Meta,2021-04-10,8.058731099390593,24.14138438536462
Meta,2021-04-11,5.9013982992835015,23.960585225047677
Meta,2021-04-12,23.42571915206713,23.52558609106933
Meta,2021-04-13,1.06990018447801,23.93257790294236
Meta,2021-04-14,4.3544211417671885,23.801075809391527
Meta,2021-04-15,22.99325104314421,23.942110111425183
Meta,2021-04-16,1.7173362079968606,24.67180283868884
Meta,2021-04-17,29.108954493268367,23.761923846713064
Meta,2021-04-18,10.173105695351088,24.27985092905352
Meta,2021-04-19,7.623950755734761,24.849684877206936
Meta,2021-04-20,0.0682513769686697,24.68561987474644
Meta,2021-04-21,0.0182325971529566,24.65434454466037
Meta,2021-04-22,0.0,25.11203795362375
Meta,2021-04-23,0.0,25.49203946934521
Meta,2021-04-24,10.268609629806445,25.67473993087652
Meta,2021-04-25,9.324103386300807,25.634900057701746
Meta,2021-04-26,24.433717845155943,24.60298196358653
Meta,2021-04-27,33.92680338329171,23.00571519412666
Meta,2021-04-28,2.8618373033708577,23.561180952513816
Meta,2021-04-29,14.196683936421698,23.813257897716383
Meta,2021-04-30,41.79858828181594,22.18771590938812
Meta,2021-05-01,4.953149072146943,22.848191602155392
Meta,2021-05-02,9.945501365737355,23.459600469252216
Meta,2021-05-03,27.11750263021825,22.720537785992867
Meta,2021-05-04,7.656956121209958,23.636426412218707
Meta,2021-05-05,21.135837261456587,23.563248517281615
Meta,2021-05-06,18.08721246886808,23.286628340707576
Meta,2021-05-07,11.983627614487634,23.07785154373033
Meta,2021-05-08,28.605466621476648,22.28236852884134
Meta,2021-05-09,3.0068692350345367,22.61350081138264
Meta,2021-05-10,19.30720754261396,21.927423486614916
Meta,2021-05-11,0.4714990994672814,22.519493646426863
Meta,2021-05-12,0.9323854089434218,23.251734304452476
Meta,2021-05-13,6.459394582892315,23.043056080097998
Meta,2021-05-14,5.462114233552158,23.2162306880128
Meta,2021-05-15,11.542049506815117,23.598668173649383
Meta,2021-05-16,6.220391742500737,23.181380041874625
Meta,2021-05-17,26.958853418520228,22.672481404693524
Meta,2021-05-18,0.2801036247794923,23.685051735260046
Meta,2021-05-19,5.175087455882599,24.10210669075472
Meta,2021-05-20,0.4120248940372414,24.593796389418685
Meta,2021-05-21,1.051052234125785,24.66664122570456
Meta,2021-05-22,7.558534100473879,24.622041780223636
Meta,2021-05-23,17.096728746644203,24.368872721693204
Meta,2021-05-24,7.509782614358169,23.77424103342751
Meta,2021-05-25,15.621224824186688,22.99126207384209
Meta,2021-05-26,1.544526368095403,23.005199265478684
Meta,2021-05-27,9.885353831479534,22.878153562702103
Meta,2021-05-28,0.0,23.871244916923278
Meta,2021-05-29,3.1656673323767444,24.42804118418017
Meta,2021-05-30,25.18652936559074,23.560340384714607
Meta,2021-05-31,6.817160041170826,24.133824569741897
Meta,2021-06-01,22.639749262794695,23.65425340908649
Meta,2021-06-02,0.1870439300211968,24.095509802546346
Meta,2021-06-03,5.602172761269213,24.042536800175743
Meta,2021-06-04,36.58527463594359,23.13743388622749
Meta,2021-06-05,0.2952058764760572,23.57883043568298
Meta,2021-06-06,5.868709962669926,23.88659122385126
Meta,2021-06-07,11.269815250415558,24.00890744776741
Meta,2021-06-08,27.55610988842028,23.39109401752682
Meta,2021-06-09,8.80590048899559,23.34880697958707
Meta,2021-06-10,7.020620394288762,24.16736966468669
Meta,2021-06-11,3.401022348441922,24.1903245582342
Meta,2021-06-12,20.76760337551957,23.36711648609602
Meta,2021-06-13,12.994085958061234,22.64515670112849
Meta,2021-06-14,12.15142045183715,23.28820285214241
Meta,2021-06-15,26.748322381536408,23.31844763346508
Meta,2021-06-16,16.845638432756747,22.910495418642764
Meta,2021-06-17,8.385661119570832,23.10098054484351
Meta,2021-06-18,6.379102660905377,23.455909677723508
Meta,2021-06-19,13.358585550054867,23.42580325101888
Meta,2021-06-20,26.52197738931443,22.459865503961836
Meta,2021-06-21,1.353573983803004,23.10998456906817
Meta,2021-06-22,4.25642810840947,23.839672787645583
Meta,2021-06-23,21.734670799256204,22.88295123954005
Meta,2021-06-24,0.1375229304048544,23.816788596616032
Meta,2021-06-25,17.07971790266208,24.011159881649657
Meta,2021-06-26,18.715940273273237,23.553083808271253
Meta,2021-06-27,1.0697527354228484,23.94762493333522
Meta,2021-06-28,15.710584912654738,23.82155193405659
Meta,2021-06-29,7.304458111242835,23.59237738593199
Meta,2021-06-30,36.20553175216615,21.581975758286468
Meta,2021-07-01,1.1526291454165205,21.254208444448032
Meta,2021-07-02,0.0,21.87903872781369
Meta,2021-07-03,0.0,22.56285757315401
Meta,2021-07-04,0.0,22.904598002359265
Meta,2021-07-05,0.3531739222598191,23.231649834842784
Meta,2021-07-06,0.4688457757896425,22.62024269371121
Meta,2021-07-07,0.3054259917323395,23.19892350166332
Meta,2021-07-08,10.83715777355416,22.99559886532341
Meta,2021-07-09,27.413478066378545,22.27423487055001
Meta,2021-07-10,5.68990505175652,22.873664183086053
Meta,2021-07-11,5.2677125225511645,23.085639134499555
Meta,2021-07-12,13.67808447870744,22.98633502610157
Meta,2021-07-13,26.121112855696158,22.29257032056183
Meta,2021-07-14,12.412082586155416,22.92068366193407
Meta,2021-07-15,2.2055740495967706,23.44821542826836
Meta,2021-07-16,1.6155235775946195,23.73373572994405
Meta,2021-07-17,6.650649253951,23.372868714350343
Meta,2021-07-18,32.55635899982361,22.651540613781712
Meta,2021-07-19,0.0465516769641713,22.385405431597217
Meta,2021-07-20,1.122950437460422,23.23557724955865
Meta,2021-07-21,20.65329810544636,22.130015345735725
Meta,2021-07-22,1.854065331721485,21.82037419890208
Meta,2021-07-23,1.6354550752501356,22.835999586128597
Meta,2021-07-24,0.6336566804779874,23.064616825141236
Meta,2021-07-25,7.0897642392742375,22.32096643621362
Meta,2021-07-26,34.980044376600844,23.32012857743632
Meta,2021-07-27,13.575751931264524,23.552171168351567
Meta,2021-07-28,5.7572098846854,23.61447570340981
Meta,2021-07-29,32.69698987731296,23.797849691353672
Meta,2021-07-30,1.7970947319739845,22.267012308549397
Meta,2021-07-31,0.0,22.2272438140319
Meta,2021-08-01,0.0,22.45231340085023
Meta,2021-08-02,0.0,21.58146676034933
Meta,2021-08-03,0.0347346668559581,22.28352589894863
Meta,2021-08-04,0.0487443512893454,23.03130067146847
Meta,2021-08-05,0.0515784810992955,22.03411583448788
Meta,2021-08-06,0.0,22.66317574424184
Meta,2021-08-07,0.1153669616871636,23.714072172101467
Meta,2021-08-08,5.418243851885118,24.41013170789817
Meta,2021-08-09,28.61152004696977,23.72858642425964
Meta,2021-08-10,28.12751709542123,23.907142409252284
Meta,2021-08-11,6.317193085256188,24.213301901344927
Meta,2021-08-12,9.475536061638458,24.57018502290707
Meta,2021-08-13,12.638893214458236,24.01912250192451
Meta,2021-08-14,14.450678597961856,23.579573105665546
Meta,2021-08-15,6.951616718953607,23.97150223994709
Meta,2021-08-16,14.582769436247608,23.968222530698505
Meta,2021-08-17,18.517931670677747,22.967286246555343
Meta,2021-08-18,9.468335782770607,23.904897409217128
Meta,2021-08-19,19.64033380659717,23.909649624454964
Meta,2021-08-20,5.134394094913832,24.29028534271178
Meta,2021-08-21,26.793584308429352,23.82118275319341
Meta,2021-08-22,8.960999214812942,24.22534734735056
Meta,2021-08-23,3.541636308802092,24.99882561600331
Meta,2021-08-24,9.380877296682288,24.811874133886334
Meta,2021-08-25,7.54666831661245,25.01868666773616
Meta,2021-08-26,5.35056494554419,25.37719621471064
Meta,2021-08-27,11.321274176643952,25.1599179236039
Meta,2021-08-28,23.263102799245253,24.764635232706883
Meta,2021-08-29,48.68956938577038,23.47044609593116
Meta,2021-08-30,3.7676864127411034,23.106846999811108
Meta,2021-08-31,4.009001895718611,24.05908072491069
Meta,2021-09-01,6.302782602424879,24.06274636773208
Meta,2021-09-02,1.1585765583903969,24.66245050352608
Meta,2021-09-03,20.07825056919536,24.159062537218137
Meta,2021-09-04,14.084925098233375,24.5999612283757
Meta,2021-09-05,4.098042223031876,24.84709571560869
Meta,2021-09-06,28.9237544926396,23.195756014057476
Meta,2021-09-07,1.5717044227645631,23.30331347989331
Meta,2021-09-08,0.1510685337778272,24.451962562752374
Meta,2021-09-09,2.3955393624131447,25.161470573812963
Meta,2021-09-10,17.360698850720322,24.241134489955964
Meta,2021-09-11,14.769587192026975,23.78229448083786
Meta,2021-09-12,9.58093716141292,23.824701265933022
Meta,2021-09-13,1.7961643360446322,24.618581079421144
Meta,2021-09-14,1.9237718955775165,25.13815909104681
Meta,2021-09-15,9.263437976115936,24.64437311864945
Meta,2021-09-16,1.8448482031251687,23.37501313851833
Meta,2021-09-17,1.3881541312926546,23.837376073326084
Meta,2021-09-18,0.1043059173563913,24.367959731072627
Meta,2021-09-19,1.901760319997697,24.611871390195198
Meta,2021-09-20,5.955054696083508,24.690447886506924
Meta,2021-09-21,12.224687892642994,23.978467739329115
Meta,2021-09-22,10.67173799546424,24.030220406068995
Meta,2021-09-23,8.516718690796452,23.900907951189907
Meta,2021-09-24,3.192315120379368,24.520286781207563
Meta,2021-09-25,2.4165467525326454,23.49962146813452
Meta,2021-09-26,0.5403698988589944,24.28490352680694
Meta,2021-09-27,3.678900161905703,24.978780426116305
Meta,2021-09-28,6.73233394234058,24.67724870964225
Meta,2021-09-29,13.893697943070208,24.77075811699865
Meta,2021-09-30,15.009836066021348,23.74915167040446
Meta,2021-10-01,2.908631505271154,24.752815011434755
Meta,2021-10-02,0.8389315876734293,25.29125062510904
Meta,2021-10-03,4.3258119297918665,25.64644288341575
Meta,2021-10-04,12.866098698819751,25.06644902243321
Meta,2021-10-05,14.192223745767162,24.175457928011085
Meta,2021-10-06,18.303925703615704,23.76347421883508
Meta,2021-10-07,15.014400101727585,24.070718804141844
Meta,2021-10-08,4.650845233777927,24.48775194174837
Meta,2021-10-09,5.503609181750658,25.08960101356004
Meta,2021-10-10,8.646972766105787,25.303573150793145
Meta,2021-10-11,15.491371718879186,23.97440603492028
Meta,2021-10-12,1.1999094834700823,24.22776883892476
Meta,2021-10-13,0.5618921060157954,25.21952126772938
Meta,2021-10-14,0.1455432737657342,26.031157503002817
Meta,2021-10-15,4.21526299297891,25.83127042929813
Meta,2021-10-16,27.71143141651476,24.56151355930072
Meta,2021-10-17,6.63403969491653,24.39737346365373
Meta,2021-10-18,0.0790440655929748,25.19070971705352
Meta,2021-10-19,8.157568771675267,24.7246043004326
Meta,2021-10-20,8.455716395173797,24.613855395262952
Meta,2021-10-21,8.239223542352175,24.652375770067472
Meta,2021-10-22,2.9159371772516915,25.08355755968712
Meta,2021-10-23,1.4691336274027684,25.232181235043125
Meta,2021-10-24,1.6128444836790603,25.503973571751786
Meta,2021-10-25,1.4215314448200551,25.53893741611041
Meta,2021-10-26,34.54968629384643,23.99461996368527
Meta,2021-10-27,4.3383752511554095,22.94051251822632
Meta,2021-10-28,3.6864848646531287,23.28158613783025
Meta,2021-10-29,8.128471953141432,23.56283481458896
Meta,2021-10-30,6.180031143386057,24.06879085566589
Meta,2021-10-31,19.568511936245976,24.42377473484931
Meta,2021-11-01,0.5612004368527231,24.560475544629465
Meta,2021-11-02,2.0994279571730328,24.69304445442197
Meta,2021-11-03,15.3329873049968,24.744082332823936
Meta,2021-11-04,6.476882595777565,24.89671009530246
Meta,2021-11-05,0.9415317026415384,25.198610546719053
Meta,2021-11-06,0.3324416549864484,25.15670614598336
Meta,2021-11-07,3.657670624835685,25.34081437067291
Meta,2021-11-08,6.232958700419511,25.064081278504908
Meta,2021-11-09,11.673133685919996,24.713172067366827
Meta,2021-11-10,2.33493324518182,24.88560171347985
Meta,2021-11-11,0.0,24.8247630677301
Meta,2021-11-12,0.0,24.68815611533904
Meta,2021-11-13,0.020899627073399,24.933200917266205
Meta,2021-11-14,0.0396302101962459,25.44104123785038
Meta,2021-11-15,0.015765790689563,25.79881445487312
Meta,2021-11-16,0.0,25.639125097367103
Meta,2021-11-17,0.0520336474184095,25.52681110730956
Meta,2021-11-18,0.0,25.30811887516256
Meta,2021-11-19,0.0156360286516252,25.543627128318263
Meta,2021-11-20,0.9050050435573562,25.48714345986815
Meta,2021-11-21,3.4977200096277863,24.37655839566392
Meta,2021-11-22,1.4250999945655771,24.80371909784821
Meta,2021-11-23,23.699281412433955,23.48208651275577
Meta,2021-11-24,3.743430898875978,24.05739711675274
Meta,2021-11-25,20.642015413844884,23.86196078201051
Meta,2021-11-26,1.7433068943599326,24.3835333495082
Meta,2021-11-27,6.045212279405806,25.011504007771723
Meta,2021-11-28,2.0072257533408377,25.41563561891334
Meta,2021-11-29,1.293278554236882,25.15454510005773
Meta,2021-11-30,11.485386792411829,25.192577124871057
Meta,2021-12-01,0.8000343199422613,25.349694245392985
Meta,2021-12-02,3.5562670939378758,25.077243878898933
Meta,2021-12-03,0.0005149181248735945,24.85372442458035
Meta,2021-12-04,2.1765886334710967,25.083780019929637
Meta,2021-12-05,1.273432174630698,25.17241740523124
Meta,2021-12-06,3.464891463265599,25.328743279199237
Meta,2021-12-07,0.860628776526161,25.049890418584575
Meta,2021-12-08,0.0021630570088219,25.17270610488728
Meta,2021-12-09,1.198153635790376,25.740553286345687
Meta,2021-12-10,0.1797463313600886,25.869923711601743
Meta,2021-12-11,0.4610912300248647,25.846161442207485
Meta,2021-12-12,0.9444959696643168,26.105991001576516
Meta,2021-12-13,0.1542926233305575,26.36250094728032
Meta,2021-12-14,0.0012113602897376,26.44727057032148
Meta,2021-12-15,0.7941371656657294,26.175269667331623
Meta,2021-12-16,0.813192142956743,25.967888184904226
Meta,2021-12-17,4.782228231287641,25.35274875765424
Meta,2021-12-18,0.3982640444834197,25.585530547133327
Meta,2021-12-19,0.0051239537997548,26.00077487363042
Meta,2021-12-20,0.0,26.413422711822044
Meta,2021-12-21,0.000205902000256994,26.7947947220262
Meta,2021-12-22,0.0,27.14236795511462
Meta,2021-12-23,0.144156236947515,27.082233534490065
Meta,2021-12-24,10.254967675606029,26.646203177951747
Meta,2021-12-25,3.827386311813532,26.804296642572023
Meta,2021-12-26,1.980343487709456,26.893457600545105
Meta,2021-12-27,0.1537857714668463,27.06867832943451
Meta,2021-12-28,3.9038518645312337,27.153146487876167
Meta,2021-12-29,1.8819873609936404,26.7715937839698
Meta,2021-12-30,0.315213103583228,26.41180765055401
Meta,2021-12-31,0.0369356004154347,26.42986207938849
Meta,2022-01-01,0.5329523836255943,26.44018106806261
Meta,2022-01-02,0.1057367288906515,26.780239877659582
Meta,2022-01-03,0.3726999696107591,26.586931407392683
Meta,2022-01-04,0.0182753824934541,25.9520176270622
Meta,2022-01-05,0.2148174433711969,25.767814249535306
Meta,2022-01-06,0.0,25.881215512073283
Meta,2022-01-07,0.0113572741698339,26.26772317358528
Meta,2022-01-08,0.3638529464003811,26.721047960506024
Meta,2022-01-09,0.0195323327764574,26.395246667534717
Meta,2022-01-10,0.2942575239700251,25.91632150775207
Meta,2022-01-11,1.043179884276193,26.09182728515739
Meta,2022-01-12,0.0393242362884263,26.360089622579583
Meta,2022-01-13,0.3132374698670553,26.35092771503413
Meta,2022-01-14,0.1289073861196472,26.637386459509305
Meta,2022-01-15,2.5172999389480304,26.732079272747285
Meta,2022-01-16,7.805040418447999,26.043013393045072
Meta,2022-01-17,8.244611592546061,25.33170091151696
Meta,2022-01-18,2.4670013960215527,25.68956191570313
Meta,2022-01-19,1.7541195920356227,26.233991881740103
Meta,2022-01-20,1.2480336456056336,26.47735456426083
Meta,2022-01-21,0.00033799389368238377,26.43594870767136
Meta,2022-01-22,0.0256585563102257,26.74611105088842
Meta,2022-01-23,0.006233277940353,26.686778067630154
Meta,2022-01-24,0.0196951074996506,26.21831996483885
Meta,2022-01-25,0.0734236265653974,26.923059508830004
Meta,2022-01-26,2.196832667807229,26.793359906736757
Meta,2022-01-27,0.2035298113896372,26.916885816400548
Meta,2022-01-28,0.1578515713869315,26.83582687839036
Meta,2022-01-29,0.0323573459049518,26.913330359024638
Meta,2022-01-30,0.0,27.071069863749383
Meta,2022-01-31,0.111060309610649,26.7192948236597
Meta,2022-02-01,0.0148730908282309,27.2507108071969
Meta,2022-02-02,0.0036372738249443,27.20966954275228
Meta,2022-02-03,0.0080804926619303,27.073135224837888
Meta,2022-02-04,0.145738328180027,27.109202130573983
Meta,2022-02-05,13.416696471410829,26.048869618768894
Meta,2022-02-06,0.0821992309321915,26.00823559543324
Meta,2022-02-07,3.589931214499238,26.493355860448126
Meta,2022-02-08,38.485848477534006,23.84827628784972
Meta,2022-02-09,16.095936619427395,24.10312573223449
Meta,2022-02-10,16.748727693515118,25.144260431879676
Meta,2022-02-11,2.836329167404758,25.912956609161206
Meta,2022-02-12,0.3891581242774297,26.127550575743157
Meta,2022-02-13,0.0048930845650496,26.60587167390536
Meta,2022-02-14,3.173338618897861,26.68872427398492
Meta,2022-02-15,1.239668833084783,26.705453244255324
Meta,2022-02-16,0.0002661016792846625,26.9257847909588
Meta,2022-02-17,0.3969832489598239,26.859038911044127
Meta,2022-02-18,0.3698959919354618,26.61165830941562
Meta,2022-02-19,2.783113517280792,26.90890132695619
Meta,2022-02-20,0.1631740685120292,27.32464401964792
Meta,2022-02-21,0.0,27.559423526908787
Meta,2022-02-22,0.0,27.74500993572792
Meta,2022-02-23,0.0049273789517062,27.655665822877975
Meta,2022-02-24,10.85277125981076,26.06057911785412
Meta,2022-02-25,1.107660260516182,26.20297668289712
Meta,2022-02-26,0.2432222317623731,25.71586799341852
Meta,2022-02-27,8.778272146041848,23.26148745218241
Meta,2022-02-28,6.485298677392243,22.880070442331647
Meta,2022-03-01,0.0492046826983,23.797101584458872
Meta,2022-03-02,4.136240867813685,24.741069168088007
Meta,2022-03-03,19.32430016929955,24.15748416649948
Meta,2022-03-04,6.7279380826921775,23.93950359137174
Meta,2022-03-05,5.3231123856661,25.128972154558188
Meta,2022-03-06,5.4712863542137296,25.347985412969688
Meta,2022-03-07,1.4589099856826986,25.361951340421346
Meta,2022-03-08,0.0538259515020728,25.81883036482323
Meta,2022-03-09,0.8208080617847031,25.769576660629603
Meta,2022-03-10,0.0007909156615847941,25.85235141936023
Meta,2022-03-11,0.9407476867513964,26.005183418695008
Meta,2022-03-12,9.51320280750427,25.41000318480941
Meta,2022-03-13,9.691967113141038,24.571679446013828
Meta,2022-03-14,9.167203632228151,24.237294577636156
Meta,2022-03-15,3.374052171570676,24.841503941261752
Meta,2022-03-16,0.6954972599178266,25.132099579753763
Meta,2022-03-17,2.475669838906697,24.58760416246976
Meta,2022-03-18,10.69574553760492,24.74780729264837
Meta,2022-03-19,7.632627690794504,24.913134715737048
Meta,2022-03-20,6.94687566621353,24.28118297206407
Meta,2022-03-21,6.508213758405336,24.690527300127734
Meta,2022-03-22,13.47336745859094,24.160717019451827
Meta,2022-03-23,2.944468157691264,24.37485375432877
Meta,2022-03-24,0.0349157092397096,25.857971982657983
Meta,2022-03-25,0.1783210183904799,25.809249747664087
Meta,2022-03-26,4.018900127992414,24.77598092813285
Meta,2022-03-27,11.73197506472581,24.568558026795927
Meta,2022-03-28,15.801394703216948,23.55498483173222
Meta,2022-03-29,18.709231955408317,23.298743986968123
Meta,2022-03-30,0.95171583988416,24.715722501054067
Meta,2022-03-31,0.0468013350123391,25.792674357087343
Meta,2022-04-01,0.3058624707230861,25.86073178806515
Meta,2022-04-02,8.10233777611347,25.302189699176196
Meta,2022-04-03,9.76223270508476,24.430072920761447
Meta,2022-04-04,25.90735885804016,23.87112794151224
Meta,2022-04-05,19.76888551437874,24.30526929802343
Meta,2022-04-06,18.916813197997826,23.8882697791684
Meta,2022-04-07,10.523208496565944,24.391188573594977
Meta,2022-04-08,8.398781047961934,24.8978570557169
Meta,2022-04-09,9.684676544221444,25.06508854063769
Meta,2022-04-10,8.391231818543096,24.636835494972672
Meta,2022-04-11,7.865243799261028,24.707837113476536
Meta,2022-04-12,2.8131622238324194,25.057549820154023
Meta,2022-04-13,1.06493830036227,25.91200679968718
Meta,2022-04-14,1.8125139349286172,25.713731530421377
Meta,2022-04-15,6.100733485691063,24.84432443098796
Meta,2022-04-16,29.403090399143128,23.39326172626435
Meta,2022-04-17,4.478152463168305,23.33287681814837
Meta,2022-04-18,7.373425867067308,23.200230724874253
Meta,2022-04-19,10.494671919878714,23.543858469633825
Meta,2022-04-20,17.272697449034833,24.388368589972075
Meta,2022-04-21,6.819953282978047,24.35911610093425
Meta,2022-04-22,19.067854531250468,23.83646084936451
Meta,2022-04-23,5.236837282185622,24.881465790965752
Meta,2022-04-24,9.478590351120676,24.39242467353133
Meta,2022-04-25,29.25008835288365,23.68716478850084
Meta,2022-04-26,4.427765188850251,25.027614960662884
Meta,2022-04-27,23.44391348749311,24.180631024114867
Meta,2022-04-28,7.67472737921935,24.339795301470485
Meta,2022-04-29,29.910147726419567,23.489767150021724
Meta,2022-04-30,13.991523423252616,22.826864234352765
Meta,2022-05-01,0.0927194660454094,23.953725538672487
Meta,2022-05-02,0.4027744770334873,24.700597753480277
Meta,2022-05-03,0.1669203075147686,25.02538207131896
Meta,2022-05-04,0.8333813474166498,25.470841839131857
Meta,2022-05-05,45.505557469809006,23.785682853207778
Meta,2022-05-06,5.502750170004139,23.76779435801888
Meta,2022-05-07,37.21545959524985,23.17146828937526
Meta,2022-05-08,0.2836751109983569,23.42492472951744
Meta,2022-05-09,3.303454777792881,24.302694696244124
Meta,2022-05-10,12.296781335340729,24.4801703492182
Meta,2022-05-11,24.50272264812466,23.618612295335616
Meta,2022-05-12,8.901474079764082,23.64782637668957
Meta,2022-05-13,15.389488939534512,23.9596782050058
Meta,2022-05-14,23.310253432385363,23.652951115572005
Meta,2022-05-15,3.103601667680893,24.44475383322056
Meta,2022-05-16,45.92068634989828,23.47145014772723
Meta,2022-05-17,23.616659715513517,23.53274164815655
Meta,2022-05-18,44.10088117876767,22.335664098565477
Meta,2022-05-19,1.6935701493918005,21.673069398260058
Meta,2022-05-20,0.5374657548277589,21.85286849999289
Meta,2022-05-21,3.7912449753344792,23.19155746313413
Meta,2022-05-22,5.1505092320839125,23.90248208385837
Meta,2022-05-23,7.5088573327945,23.79810063261092
Meta,2022-05-24,14.429317442000906,23.7627744676216
Meta,2022-05-25,18.71990743879684,23.433382600954552
Meta,2022-05-26,11.04288038462525,23.45834026107315
Meta,2022-05-27,18.13435462361445,23.271770050731583
Meta,2022-05-28,0.6609268500676503,23.52472858688609
Meta,2022-05-29,6.228136360718941,23.602469869898552
Meta,2022-05-30,21.28177868004365,23.191795468336824
Meta,2022-05-31,22.843194414410824,24.00845562777318
Meta,2022-06-01,7.808823409472747,24.14282839475713
Meta,2022-06-02,1.8503184746913448,24.21406761056593
Meta,2022-06-03,4.652547462848863,24.23889221836512
Meta,2022-06-04,22.645713944278228,23.414300973067657
Meta,2022-06-05,4.43803792423421,23.407480347914927
Meta,2022-06-06,13.527235800413337,23.443830286514057
Meta,2022-06-07,45.33008885982844,23.783256419289373
Meta,2022-06-08,12.56089271704094,23.1669817898501
Meta,2022-06-09,3.11782287601621,23.459326654703297
Meta,2022-06-10,1.305271523968643,24.23768520467748
Meta,2022-06-11,46.778572023226765,22.4940760885482
Meta,2022-06-12,8.01290567882064,21.55401152187837
Meta,2022-06-13,0.1367565473613825,20.483894310591705
Meta,2022-06-14,0.0,21.76837101365706
Meta,2022-06-15,0.0,22.991631455689426
Meta,2022-06-16,1.4350243288589275,23.15954726810648
Meta,2022-06-17,1.4542422351572366,23.84304682992221
Meta,2022-06-18,12.823576493545236,23.520522361728368
Meta,2022-06-19,21.28284195523297,22.29026964075776
Meta,2022-06-20,32.08890138957604,22.500276069129907
Meta,2022-06-21,8.035063738414014,22.49343749423635
Meta,2022-06-22,3.712950987782386,23.700997691665837
Meta,2022-06-23,69.31197389288292,22.502554733592184
Meta,2022-06-24,13.142212206256222,22.412300886049373
Meta,2022-06-25,3.661637081426195,21.969355995101065
Meta,2022-06-26,1.516420680104071,21.48645436873024
Meta,2022-06-27,0.0,23.348310684213725
Meta,2022-06-28,6.135530224641569,24.138790725310148
Meta,2022-06-29,4.879442945716077,23.54772238469976
Meta,2022-06-30,11.558544475120303,23.607249963903143
Meta,2022-07-01,11.417992360224224,23.47409645717017
Meta,2022-07-02,10.539687694815782,23.249662620680446
Meta,2022-07-03,17.30569104267631,23.139576678682733
Meta,2022-07-04,10.75808652061795,23.00160415129896
Meta,2022-07-05,0.9439038402477508,23.048395847526173
Meta,2022-07-06,6.225697572300355,24.04028432439248
Meta,2022-07-07,14.254573787890653,23.568196860243862
Meta,2022-07-08,39.88875691405701,22.6824300144122
Meta,2022-07-09,7.00690773656885,22.804397858236097
Meta,2022-07-10,7.301506095348285,23.737202232824565
Meta,2022-07-11,23.255299592421835,22.985228667261605
Meta,2022-07-12,7.607170453968238,23.67787754644763
Meta,2022-07-13,9.05342337614407,23.78843640017018
Meta,2022-07-14,9.161709138271084,24.05627967603365
Meta,2022-07-15,1.0888005791991626,24.48755239205544
Meta,2022-07-16,2.222542100314893,25.01263033554519
Meta,2022-07-17,46.25953122551532,23.84764454854989
Meta,2022-07-18,16.54323228779505,22.89079046066024
Meta,2022-07-19,0.2467456090443369,23.49840751633704
Meta,2022-07-20,6.007309944121648,22.645669144245183
Meta,2022-07-21,0.0,23.049347345505804
Meta,2022-07-22,1.469282131957126,23.784172783217
Meta,2022-07-23,35.386506754718994,23.05920828956233
Meta,2022-07-24,8.672172393710001,22.89775671804469
Meta,2022-07-25,15.697107999366208,23.398735866957377
Meta,2022-07-26,7.201307487848977,23.670116678042618
Meta,2022-07-27,31.954583358338024,22.29633683787213
Meta,2022-07-28,11.502476754625556,22.302730905553883
Meta,2022-07-29,1.155827508913418,23.526703428371608
Meta,2022-07-30,13.171005651532154,23.66539971749418
Meta,2022-07-31,24.24520796104418,23.11716188240572
Meta,2022-08-01,10.064333098655087,23.685656443489467
Meta,2022-08-02,49.82219650615339,22.6272747733158
Meta,2022-08-03,0.9145228243604516,23.334124081667326
Meta,2022-08-04,5.167021820275524,24.043181367413798
Meta,2022-08-05,34.35565860060004,24.13566088832926
Meta,2022-08-06,27.897002980635676,23.73590745132071
Meta,2022-08-07,0.5882275581889109,24.536769294367257
Meta,2022-08-08,0.9033357068441394,24.879154184224724
Meta,2022-08-09,28.331140699591515,22.998313496554943
Meta,2022-08-10,4.374235758658464,23.375328893591856
Meta,2022-08-11,11.629582892793152,23.87986699890933
Meta,2022-08-12,4.199723649750387,23.990144868336785
Meta,2022-08-13,15.825220314743644,24.255897312726567
Meta,2022-08-14,17.65837473497703,23.38454632748971
Meta,2022-08-15,0.6445630369348826,24.092804281320053
Meta,2022-08-16,0.3055031821404514,24.7652019913563
Meta,2022-08-17,1.0461197901765338,25.279036138293872
Meta,2022-08-18,0.0248110738216606,25.375651453391423
Meta,2022-08-19,7.142769284257506,25.06709276529384
Meta,2022-08-20,33.54313170642989,22.900363952030474
Meta,2022-08-21,0.1336251387317617,21.384564263756545
Meta,2022-08-22,0.1513137968924282,22.321943706575595
Meta,2022-08-23,0.0,23.38259406345838
Meta,2022-08-24,0.0489955993681669,24.02618081127805
Meta,2022-08-25,0.4068308889024794,24.541109571102808
Meta,2022-08-26,1.5461014865236984,24.84486876643072
Meta,2022-08-27,2.2470572531650794,24.831141626315222
Meta,2022-08-28,24.75016122728017,24.54652191507864
Meta,2022-08-29,20.70387670788299,22.56885620627538
Meta,2022-08-30,1.2882735867921813,22.903164292158216
Meta,2022-08-31,0.7703041185800185,23.716692023158853
Meta,2022-09-01,1.368758715465161,24.553436547529923
Meta,2022-09-02,11.058611996283762,24.24447271070795
Meta,2022-09-03,31.542402803860742,23.12206973320568
Meta,2022-09-04,0.3844565475208173,23.69192886521634
Meta,2022-09-05,3.089229665351505,23.541710749177057
Meta,2022-09-06,0.3109825548579575,24.03013545632077
Meta,2022-09-07,0.0419468793047829,24.68264003817771
Meta,2022-09-08,0.4532698246654362,25.27059958597024
Meta,2022-09-09,30.909289396209036,24.427707742138058
Meta,2022-09-10,8.316260600139216,22.903565869239507
Meta,2022-09-11,0.0261618973270471,24.258625838384148
Meta,2022-09-12,9.061899303706353,25.045322377476992
Meta,2022-09-13,12.623516963371396,24.22030691186073
Meta,2022-09-14,13.378930285722063,24.49454232516081
Meta,2022-09-15,14.166241628146636,25.30796846744904
Meta,2022-09-16,35.46577231422087,23.17972171123978
Meta,2022-09-17,0.1025787051844676,23.58158166888736
Meta,2022-09-18,1.3651107381415328,24.8655461041912
Meta,2022-09-19,12.095776290137843,25.039550589670416
Meta,2022-09-20,4.9489194521367,24.727118985218997
Meta,2022-09-21,22.297302338060973,24.58245528221804
Meta,2022-09-22,1.32364737534143,24.781568536968823
Meta,2022-09-23,1.2644658591940336,25.19857719222801
Meta,2022-09-24,33.02843830150094,24.18243075648525
Meta,2022-09-25,1.404185482198701,24.47677428697067
Meta,2022-09-26,12.215778033661747,25.30141225190837
Meta,2022-09-27,3.5307784895734406,25.480562861566064
Meta,2022-09-28,6.459955430871812,24.461411136554624
Meta,2022-09-29,4.270417206996739,25.092186094101997
Meta,2022-09-30,22.1215324343851,25.00490464995225
Meta,2022-10-01,19.289446900627876,22.88361242148433
Meta,2022-10-02,1.9226019115999904,23.54638705910446
Meta,2022-10-03,3.0836540669077297,24.61701336792833
Meta,2022-10-04,3.024124859971368,25.306699050101276
Meta,2022-10-05,4.317586980922006,25.382701884855088
Meta,2022-10-06,23.001947943685675,25.54097058732633
Meta,2022-10-07,5.85419523105104,25.44639062807726
Meta,2022-10-08,31.94157195916255,23.33532004189343
Meta,2022-10-09,3.388518542392405,24.019129429912404
Meta,2022-10-10,0.8126704877782979,24.75970300152116
Meta,2022-10-11,7.76418259881172,24.3985780697768
Meta,2022-10-12,0.089555708055744,24.444541008621737
Meta,2022-10-13,1.3145301396631688,25.037562354632232
Meta,2022-10-14,5.347820712797262,25.31908234630084
Meta,2022-10-15,23.393827674066934,23.832425675044664
Meta,2022-10-16,2.159428235389408,23.79821640472323
Meta,2022-10-17,2.223986851551401,24.598026552736293
Meta,2022-10-18,17.897825253716654,24.422606128028523
Meta,2022-10-19,19.626962134297926,24.224197333015816
Meta,2022-10-20,14.317283677157317,24.273561641115812
Meta,2022-10-21,0.4454644829293493,25.2138884642579
Meta,2022-10-22,13.12434684894917,25.27595708852145
Meta,2022-10-23,16.687570405919562,24.379775856931737
Meta,2022-10-24,21.51228865479486,23.39403700965547
Meta,2022-10-25,3.561842559650219,24.55091219576672
Meta,2022-10-26,22.79467725079975,24.81282634681714
Meta,2022-10-27,33.99447146689787,24.855961732315503
Meta,2022-10-28,17.983624994411304,24.63582247848916
Meta,2022-10-29,103.02844136715473,23.43817306190597
Meta,2022-10-30,2.714234424511822,24.09447804929636
Meta,2022-10-31,2.623262896399027,24.75313311951008
Meta,2022-11-01,1.3954995619184287,25.2677464294462
Meta,2022-11-02,69.49648823240926,22.67167941977841
Meta,2022-11-03,1.0693449340785597,19.29955007423988
Meta,2022-11-04,0.0,21.02847899231656
Meta,2022-11-05,0.265279760169409,22.90178691968255
Meta,2022-11-06,0.2314627600462178,24.123410397784635
Meta,2022-11-07,0.5860467780631897,24.71868282815929
Meta,2022-11-08,11.308830025103264,24.66850886532281
Meta,2022-11-09,10.533607443981111,24.38497326942667
Meta,2022-11-10,10.07161163936647,23.97048072533525
Meta,2022-11-11,9.140076824596775,24.18652574598189
Meta,2022-11-12,2.685326561733585,24.43858280241447
Meta,2022-11-13,1.5061623552513244,24.64370382324008
Meta,2022-11-14,18.497896016122063,24.92164763746544
Meta,2022-11-15,9.14726777902158,24.70259396369848
Meta,2022-11-16,24.31034273876828,24.07591274563593
Meta,2022-11-17,10.856410199400896,23.77045107086372
Meta,2022-11-18,4.903018365172866,23.17518323439516
Meta,2022-11-19,4.0231479421976575,24.00869776500355
Meta,2022-11-20,0.6361079487533737,24.601964027538003
Meta,2022-11-21,0.2417563850072886,24.83547593232173
Meta,2022-11-22,0.1184540429691154,24.87141550110364
Meta,2022-11-23,0.2614245728610435,24.30225948095149
Meta,2022-11-24,17.445365636494333,23.870030463210234
Meta,2022-11-25,7.295051688235371,23.993968297245026
Meta,2022-11-26,1.127745834973082,24.275109934421312
Meta,2022-11-27,26.733684937917516,23.69300439682843
Meta,2022-11-28,12.430773329755104,23.821884623617365
Meta,2022-11-29,9.775684816384777,23.90924424396269
Meta,2022-11-30,3.4806778384656845,24.37859952774555
Meta,2022-12-01,2.7854581946277235,24.398748130468864
Meta,2022-12-02,0.0839371208119307,24.30022318522441
Meta,2022-12-03,0.2871387745817091,24.281759338319823
Meta,2022-12-04,2.7854082959016333,24.27861030229511
Meta,2022-12-05,6.295533743429585,24.068717074537812
Meta,2022-12-06,1.3359156813425803,24.1370860832613
Meta,2022-12-07,0.557794444429559,24.17318895984916
Meta,2022-12-08,0.0823572833301959,24.088779816737333
Meta,2022-12-09,0.0397731178697535,24.41203693298713
Meta,2022-12-10,0.0091865171225422,24.39783522454704
Meta,2022-12-11,1.6904129336192717,24.41130086575605
Meta,2022-12-12,3.0002739601454533,24.500912239806787
Meta,2022-12-13,4.2608242205426565,24.40233261492968
Meta,2022-12-14,6.37271799772692,24.516405649027924
Meta,2022-12-15,2.1948288873695763,24.893661738651108
Meta,2022-12-16,0.5989682956533252,25.148869581777724
Meta,2022-12-17,0.0,24.985319864844374
Meta,2022-12-18,0.0,24.833407786840965
Meta,2022-12-19,0.0114770876001979,24.910151019917546
Meta,2022-12-20,0.0104262122390885,25.158371200002343
Meta,2022-12-21,0.3196606704286812,25.28189868484884
Meta,2022-12-22,0.3738191678301686,25.45438475049857
Meta,2022-12-23,0.0301528109011144,25.48221645723519
Meta,2022-12-24,0.0852326211405612,25.08669456984132
Meta,2022-12-25,0.0374788297282369,24.595288194324148
Meta,2022-12-26,0.0601784560704323,24.582347980886908
Meta,2022-12-27,0.0,24.859118367411
Meta,2022-12-28,0.0,25.4931885349562
Meta,2022-12-29,1.076976542745077,25.774094181991167
Meta,2022-12-30,0.4625323694287517,26.12178301128267
Meta,2022-12-31,2.5309385837402334,26.061376488154504
Meta,2023-01-01,0.0,25.949112907637417
Meta,2023-01-02,0.6072859179271328,25.63820428967756
Meta,2023-01-03,1.8890152673137712,25.463616563512964
Meta,2023-01-04,0.5019955520037724,25.717409107160996
Meta,2023-01-05,0.0367938205329713,26.05707702388821
Meta,2023-01-06,0.1156211314391889,26.41106617256519
Meta,2023-01-07,23.896151729032457,25.072711151395723
Meta,2023-01-08,8.691805577456542,23.29273189244488
Meta,2023-01-09,1.428027383690328,23.730469695668184
Meta,2023-01-10,13.818736248826836,24.58036701555645
Meta,2023-01-11,12.1926589451341,24.10644202524938
Meta,2023-01-12,14.743682571858912,23.728269561543787
Meta,2023-01-13,18.474446066748133,24.272026564533707
Meta,2023-01-14,2.0379866230271677,25.13429788321893
Meta,2023-01-15,1.1774621854344125,25.25168221208717
Meta,2023-01-16,1.7002931325385555,24.86484175712341
Meta,2023-01-17,6.059250597893072,24.542720072149987
Meta,2023-01-18,1.8295330312809124,24.652852010057405
Meta,2023-01-19,0.0380650037751381,25.121099594857764
Meta,2023-01-20,0.904163975752328,24.48009087577161
Meta,2023-01-21,0.0002599052350585652,24.381394452646116
Meta,2023-01-22,0.6557359186510497,24.81060319977793
Meta,2023-01-23,0.0055749671881438,24.558125313553997
Meta,2023-01-24,1.2055068405888067,25.1868652636018
Meta,2023-01-25,0.0,25.359248038099608
Meta,2023-01-26,0.0,25.29339409266133
Meta,2023-01-27,0.0,25.50925805997069
Meta,2023-01-28,0.0,25.412069638423056
Meta,2023-01-29,0.0,25.155141081738417
Meta,2023-01-30,0.0,25.657130026375683
Meta,2023-01-31,0.00023306455825348,25.61231855083791
Meta,2023-02-01,0.0,25.418283518238308
Meta,2023-02-02,0.0,25.7763073420566
Meta,2023-02-03,0.0,25.791054761809427
Meta,2023-02-04,0.0,26.59467274941884
Meta,2023-02-05,0.4871609011035425,26.27239556323897
Meta,2023-02-06,0.0015605295557506,26.453061842704503
Meta,2023-02-07,0.0230956629696079,26.732161653782093
Meta,2023-02-08,0.0,26.7268993262934
Meta,2023-02-09,0.0,26.82001941419736
Meta,2023-02-10,0.0,26.77151062792802
Meta,2023-02-11,0.006150134633727,26.76653577716297
Meta,2023-02-12,0.0067471534503559,26.969080867672155
Meta,2023-02-13,0.1198006121261838,26.7611751498611
Meta,2023-02-14,1.4104250468324675,26.98318782797545
Meta,2023-02-15,0.248180861776887,27.29421837255434
Meta,2023-02-16,19.491363780926825,25.61406252823341
Meta,2023-02-17,1.3886684900469637,26.123385569703423
Meta,2023-02-18,4.071889053241728,25.96718926569718
Meta,2023-02-19,0.0259244610977109,26.19914022705257
Meta,2023-02-20,0.306199821596741,26.54838588374461
Meta,2023-02-21,0.1887481823707313,26.39777798018681
Meta,2023-02-22,1.3252585098968466,26.80104319371536
Meta,2023-02-23,0.0932377040076549,26.86328168958824
Meta,2023-02-24,0.015957672288003,27.179978448359066
Meta,2023-02-25,0.0467210126593229,27.368670710755357
Meta,2023-02-26,0.0,27.1308406215256
Meta,2023-02-27,0.0428596842908088,27.036155987249884
Meta,2023-02-28,2.283017221414238,26.345970836948656
Meta,2023-03-01,13.448203508967325,24.43478660437756
Meta,2023-03-02,8.313329901311842,25.00071976398768
Meta,2023-03-03,4.473979567567861,24.598601535192604
Meta,2023-03-04,2.5404652011041016,25.18182663501561
Meta,2023-03-05,1.3619297317511112,25.41660381556082
Meta,2023-03-06,7.897615522482438,25.03494093957043
Meta,2023-03-07,10.387750946598027,25.551014866901056
Meta,2023-03-08,1.91089990848036,25.759767560532275
Meta,2023-03-09,49.5320103511479,24.739029447124864
Meta,2023-03-10,7.275101427050742,24.68403826114213
Meta,2023-03-11,35.195130764326535,23.278842097522084
Meta,2023-03-12,10.896620162154656,22.737110187761395
Meta,2023-03-13,10.871858343783524,24.035221135943203
Meta,2023-03-14,7.1932526543129045,24.77670279430704
Meta,2023-03-15,0.2732238990547744,25.187324423223277
Meta,2023-03-16,0.1781600969052086,25.32563556955453
Meta,2023-03-17,0.0080644233029262,25.98908841002321
Meta,2023-03-18,0.0241559444250827,26.365599880465947
Meta,2023-03-19,0.020999831298292,26.286184457851476
Meta,2023-03-20,0.0251437212493482,26.180514886944938
Meta,2023-03-21,0.0,25.998561506491725
Meta,2023-03-22,0.0,26.14917496037402
Meta,2023-03-23,0.0067542319173936,26.523237553546316
Meta,2023-03-24,0.0119683187724595,27.04422800032953
Meta,2023-03-25,0.6973230528470306,26.708942628028403
Meta,2023-03-26,5.7457102188357645,26.031508234801155
Meta,2023-03-27,2.639368028033154,25.304760972920477
Meta,2023-03-28,0.5753342708624081,25.420011148840672
Meta,2023-03-29,0.6859575650458101,25.84778660482383
Meta,2023-03-30,2.009920491397016,25.95391766337269
Meta,2023-03-31,1.4452120691824497,25.432569513442186
Meta,2023-04-01,13.053660455956372,24.735691435831058
Meta,2023-04-02,26.55466666013137,23.301835500775933
Meta,2023-04-03,0.8159188973869133,24.860856169332894
Meta,2023-04-04,1.1934754399528695,25.80641115997776
Meta,2023-04-05,3.943898984336494,26.062788204088545
Meta,2023-04-06,6.30205254410897,26.082629173058034
Meta,2023-04-07,1.0709460417338483,25.39386872785772
Meta,2023-04-08,15.783911907523857,23.960734898152943
Meta,2023-04-09,1.6590683913058828,23.642610925595527
Meta,2023-04-10,0.2377112453554972,24.44964731509178
Meta,2023-04-11,1.6693763435710522,25.381624645592066
Meta,2023-04-12,11.375425943857056,24.78739396386363
Meta,2023-04-13,3.027151214687243,25.875684920299104
Meta,2023-04-14,3.212724827738569,26.305200372446876
Meta,2023-04-15,4.906825106170304,26.354986348752966
Meta,2023-04-16,17.839338375420354,25.189388176101232
Meta,2023-04-17,19.80141994288536,24.506932210820867
Meta,2023-04-18,20.544516943436445,24.11855343522975
Meta,2023-04-19,1.114673568790378,25.331451146676155
Meta,2023-04-20,10.577817571527817,25.32135164719677
Meta,2023-04-21,12.54563627060008,24.511217947363768
Meta,2023-04-22,18.142626857783984,24.263399453922627
Meta,2023-04-23,31.99250111952537,23.166241824622023
Meta,2023-04-24,4.1656339814077805,23.481078240975037
Meta,2023-04-25,10.31020111875815,23.68180751917753
Meta,2023-04-26,17.323111280689695,23.238194531663225
Meta,2023-04-27,4.740501379519272,24.150606327164663
Meta,2023-04-28,8.603055418793556,24.454705635928622
Meta,2023-04-29,9.315474561907935,24.195541943460704
Meta,2023-04-30,5.843848503437787,24.496110189389324
Meta,2023-05-01,9.580827597005472,24.910536741191738
Meta,2023-05-02,9.698960930882656,25.146697909095423
Meta,2023-05-03,4.830759356208059,25.270466776155693
Meta,2023-05-04,3.243025123821622,25.08108105214062
Meta,2023-05-05,7.404709110530272,25.404772695459496
Meta,2023-05-06,25.15869439171728,25.119379692174924
Meta,2023-05-07,1.7292076423061338,25.40726290762624
Meta,2023-05-08,19.55095262108744,25.0461591731467
Meta,2023-05-09,19.858831284299416,23.723562825577243
Meta,2023-05-10,3.6035952861259295,23.12143312556105
Meta,2023-05-11,11.25469621541338,23.91629904256929
Meta,2023-05-12,12.412058159694606,24.67277666246289
Meta,2023-05-13,5.568964202342319,23.8323470404496
Meta,2023-05-14,4.974394500821949,23.8604248270045
Meta,2023-05-15,13.22666321311656,23.6809113005198
Meta,2023-05-16,1.3509040745064365,24.731277898281903
Meta,2023-05-17,17.980677458189255,25.16072105606252
Meta,2023-05-18,0.4939074459143451,25.377646601548985
Meta,2023-05-19,17.660886439337066,24.95917281282891
Meta,2023-05-20,20.795314184302168,24.90248196725377
Meta,2023-05-21,29.533642559730502,25.145426740745048
Meta,2023-05-22,2.584599095823707,25.017263697384564
Meta,2023-05-23,9.877572237354896,24.472428830973016
Meta,2023-05-24,8.54279888388716,24.349545940007527
Meta,2023-05-25,28.556393577041867,23.63549342440664
Meta,2023-05-26,17.151557958940355,23.605554153397417
Meta,2023-05-27,1.2576696286082216,24.405461689363516
Meta,2023-05-28,8.14730566039874,24.552138527985463
Meta,2023-05-29,4.152180913461343,25.252708789929383
Meta,2023-05-30,18.226026271791994,25.11258274994957
Meta,2023-05-31,19.191624822889143,23.80398456559604
Meta,2023-06-01,23.389307267542627,23.19090045431121
Meta,2023-06-02,11.297876504872791,23.803091752169884
Meta,2023-06-03,2.174207076402399,24.873426374233784
Meta,2023-06-04,2.374802555629073,24.881901528732502
Meta,2023-06-05,13.568676315109274,24.03721355377852
Meta,2023-06-06,8.63633842058495,23.738336189649804
Meta,2023-06-07,5.121998487482726,24.48117479300134
Meta,2023-06-08,37.70053404718411,24.05392050866948
Meta,2023-06-09,3.5919863203824693,24.237402027191287
Meta,2023-06-10,0.9120068960839368,24.893294084811437
Meta,2023-06-11,42.42341015926112,24.02417173676044
Meta,2023-06-12,16.27764040178705,24.35885915745532
Meta,2023-06-13,3.0089908730408395,24.758052654441823
Meta,2023-06-14,22.30243868644665,23.434368243854557
Meta,2023-06-15,7.912503932910654,22.086655869540408
Meta,2023-06-16,0.0,20.82801516835971
Meta,2023-06-17,0.0,21.52681008708894
Meta,2023-06-18,0.0400213210029912,22.836380881617348
Meta,2023-06-19,0.0,23.691874362460013
Meta,2023-06-20,0.0027332380998866,23.856441542300804
Meta,2023-06-21,0.2576543791098773,23.856525069113847
Meta,2023-06-22,1.6774949405947843,24.23874400535915
Meta,2023-06-23,4.577123836812964,24.398623712013727
Meta,2023-06-24,33.734068590219664,24.20483327519924
Meta,2023-06-25,13.192424788489133,24.185266049295773
Meta,2023-06-26,14.479122410094003,24.1992554124754
Meta,2023-06-27,9.133391585164423,24.66142334543564
Meta,2023-06-28,7.049395897384327,24.563451552543334
Meta,2023-06-29,11.483493442831966,24.249094297815383
Meta,2023-06-30,6.88423649643643,23.306548552318148
Meta,2023-07-01,0.393019717894857,24.11614104642144
Meta,2023-07-02,5.827630213951272,23.28586020578119
Meta,2023-07-03,0.7008329860965822,23.96860920801568
Meta,2023-07-04,13.677962192934835,24.137932817811297
Meta,2023-07-05,21.11589209505107,24.075345102426606
Meta,2023-07-06,26.161018687330465,23.21351354707664
Meta,2023-07-07,31.065734310985125,23.366435097868443
Meta,2023-07-08,22.95394332212199,23.359060569079386
Meta,2023-07-09,1.7358553947920323,23.92564732068013
Meta,2023-07-10,23.5359142738454,24.10204039082535
Meta,2023-07-11,3.130528589340671,24.172917006912183
Meta,2023-07-12,5.662867619686823,24.43874414465173
Meta,2023-07-13,3.8369347731405488,24.7091046985782
Meta,2023-07-14,39.44083398770376,23.624677586927596
Meta,2023-07-15,10.812144540383676,23.567539584859905
Meta,2023-07-16,0.8655143947680533,24.104938555033478
Meta,2023-07-17,45.10931996406256,23.21019774784121
Meta,2023-07-18,5.790137262402363,23.628293019934286
Meta,2023-07-19,6.820007751201284,23.51182739973735
Meta,2023-07-20,1.3841678229847916,23.95819386056219
Meta,2023-07-21,7.699179495228641,23.230920752735056
Meta,2023-07-22,0.4103820860126578,24.014361156273026
Meta,2023-07-23,2.5456373183555563,23.91045710293924
Meta,2023-07-24,0.2862443777377962,23.49724722091862
Meta,2023-07-25,0.5194457198223109,23.39811251190433
Meta,2023-07-26,0.0,24.56614389195668
Meta,2023-07-27,47.49862091525225,24.165618702031576
Meta,2023-07-28,11.40540818417158,23.505663871167386
Meta,2023-07-29,7.145110769464121,23.730407586719004
Meta,2023-07-30,1.5384792119488115,23.193555277685004
Meta,2023-07-31,0.5955349648221806,23.413144979905496
Meta,2023-08-01,0.0,23.391386159151057
Meta,2023-08-02,0.8767838489164792,24.099949212636616
Meta,2023-08-03,2.389261548343182,24.65990164096515
Meta,2023-08-04,7.828223834769278,24.811313991960056
Meta,2023-08-05,17.77038674574541,24.17476033587636
Meta,2023-08-06,9.180390235307843,24.46639551998789
Meta,2023-08-07,4.212915868988184,25.06411225444023
Meta,2023-08-08,0.5491040693125341,25.424640103227745
Meta,2023-08-09,24.748378292281423,24.80197374243257
Meta,2023-08-10,14.675380455970704,24.64878985754008
Meta,2023-08-11,14.888695542001448,24.79371606117061
Meta,2023-08-12,8.651788695635528,24.60618474921482
Meta,2023-08-13,9.477521194404662,24.888753293988145
Meta,2023-08-14,10.076677535227509,23.83655994957868
Meta,2023-08-15,7.296816577974929,23.20977355868177
Meta,2023-08-16,1.5245478984959535,24.174289913579265
Meta,2023-08-17,0.0832001880760925,25.00147921564193
Meta,2023-08-18,6.936048666546372,25.571512684042464
Meta,2023-08-19,4.802302690787478,25.627834652028568
Meta,2023-08-20,25.20057743592473,24.978855168775414
Meta,2023-08-21,15.9188698067124,24.932451058002457
Meta,2023-08-22,22.7767542185258,25.28516737818462
Meta,2023-08-23,3.305860197021641,25.89076351555157
Meta,2023-08-24,4.862543946993529,26.034628833275537
Meta,2023-08-25,3.1767041355230887,25.906635430498405
Meta,2023-08-26,0.4675677618770173,26.081297747112316
Meta,2023-08-27,12.998744092412675,25.95814887531916
Meta,2023-08-28,11.270886110964446,25.705374989567485
Meta,2023-08-29,5.91745482890838,25.91959154481743
Meta,2023-08-30,7.266600955801512,25.95053866793045
Meta,2023-08-31,5.108332520725796,26.159421537560014
Meta,2023-09-01,0.9810114641034536,26.254296712043665
Meta,2023-09-02,5.178851566983338,26.488210191232625
Meta,2023-09-03,4.883672283446845,26.27079496326963
Meta,2023-09-04,12.486411358524508,25.77221800778018
Meta,2023-09-05,15.44362479464908,25.590717550653626
Meta,2023-09-06,2.712322285140483,25.76521268819208
Meta,2023-09-07,0.2961671420114187,26.31290847288715
Meta,2023-09-08,15.025971921791829,25.48775140562179
Meta,2023-09-09,15.808596167311322,24.745013317635685
Meta,2023-09-10,16.829618181628383,25.011943046695837
Meta,2023-09-11,8.080281318817983,25.407364256580223
Meta,2023-09-12,1.745530735682159,26.044133437683897
Meta,2023-09-13,0.8786667770044315,26.266474832855614
Meta,2023-09-14,14.00725497564223,25.403097114434104
Meta,2023-09-15,3.2103753964971595,25.6582596084994
Meta,2023-09-16,0.4346513264540501,25.9610004917118
Meta,2023-09-17,13.56252201403657,24.906819841434
Meta,2023-09-18,2.826232215561219,25.15348031028559
Meta,2023-09-19,5.29518410292623,25.69344713436632
Meta,2023-09-20,1.3609930261213938,25.65331880912024
Meta,2023-09-21,0.98567548320923,25.75590100434039
Meta,2023-09-22,2.320742638765946,26.133217205081493
Meta,2023-09-23,15.63792324753978,24.434687550374257
Meta,2023-09-24,5.2527043813428085,24.799495080304908
Meta,2023-09-25,1.765535783053558,25.38248424503769
Meta,2023-09-26,0.074903676304654,26.544329888316177
Meta,2023-09-27,0.1445425112185598,27.225215554550072
Meta,2023-09-28,14.89621023695055,26.46747276476259
Meta,2023-09-29,6.9816724537176,26.660427404480348
Meta,2023-09-30,7.493592826280626,26.449884791745287
Meta,2023-10-01,11.683965540839202,25.687819580945128
Meta,2023-10-02,0.2625256246682202,26.499546843272388
Meta,2023-10-03,1.569168969189171,27.10741371137179
Meta,2023-10-04,1.715910730382961,27.42374270960897
Meta,2023-10-05,6.478712452498976,26.88292495745344
Meta,2023-10-06,16.612898616329108,27.07792216470903
Meta,2023-10-07,3.647908101163909,27.007736187745795
Meta,2023-10-08,3.768790197278103,26.921745923593186
Meta,2023-10-09,5.493798477019055,26.84274869942343
Meta,2023-10-10,27.072852525689143,25.1186770857577
Meta,2023-10-11,1.246531876196221,26.006561698096647
Meta,2023-10-12,2.116070851747604,26.31287579467636
Meta,2023-10-13,14.045047365597604,26.01208051696984
Meta,2023-10-14,5.40693243175269,25.7988980843706
Meta,2023-10-15,2.647908416966877,25.88544788820161
Meta,2023-10-16,6.172986433427028,25.80182582542847
Meta,2023-10-17,1.451029960606471,25.568569944995897
Meta,2023-10-18,3.9630421184354567,25.516659725387782
Meta,2023-10-19,2.347061393285093,25.34238463761168
Meta,2023-10-20,1.8288768185737092,25.667006344891544
Meta,2023-10-21,0.940999179771591,26.236096783849497
Meta,2023-10-22,20.624914202053606,25.28181573828869
Meta,2023-10-23,2.5502771399189754,25.50451693966351
Meta,2023-10-24,7.707266353002443,25.41340349536056
Meta,2023-10-25,8.210018772356086,25.68168807373758
Meta,2023-10-26,4.6293683140142345,25.53993789513665
Meta,2023-10-27,4.932216747511859,25.38376729344305
Meta,2023-10-28,6.071014945297094,25.934205113384955
Meta,2023-10-29,19.71839258142469,24.866646406664305
Meta,2023-10-30,1.9837656238525567,25.67002081992532
Meta,2023-10-31,7.2633036187617055,26.278036159328767
Meta,2023-11-01,13.64129792563161,26.028297733328444
Meta,2023-11-02,3.8947583556980088,25.380847716718502
Meta,2023-11-03,2.656936462812674,25.43577772865427
Meta,2023-11-04,36.50355749522307,24.475505189652832
Meta,2023-11-05,0.1853353638261811,25.23693082307041
Meta,2023-11-06,9.35589595624527,25.44631450136516
Meta,2023-11-07,11.306071505897595,24.770116394814195
Meta,2023-11-08,1.5331281417065967,25.38748315753433
Meta,2023-11-09,3.792565056467144,25.58001870684843
Meta,2023-11-10,8.782507336066674,24.25801784944313
Meta,2023-11-11,5.192734027629719,24.722467282731547
Meta,2023-11-12,3.892761328629997,24.859942134416727
Meta,2023-11-13,3.640583955562666,25.69108194006239
Meta,2023-11-14,8.708734558137978,25.7083291376028
Meta,2023-11-15,5.785870917429366,26.082597304830333
Meta,2023-11-16,0.3893590633007929,26.196122937077547
Meta,2023-11-17,0.1941154148294802,26.33064668550685
Meta,2023-11-18,1.710847418526006,26.49355297916347
Meta,2023-11-19,1.030336487380087,26.69241647005001
Meta,2023-11-20,4.412070189934106,26.63086538130228
Meta,2023-11-21,3.978868427052577,26.66372390750852
Meta,2023-11-22,7.391465744805759,26.53781593929234
Meta,2023-11-23,2.939105611597916,26.408347494107943
Meta,2023-11-24,9.436826738475046,26.27845956387104
Meta,2023-11-25,25.71243332447565,25.13267658070316
Meta,2023-11-26,6.250422513794576,24.821571249291942
Meta,2023-11-27,2.4850251164144006,25.1282130069857
Meta,2023-11-28,0.8400008815692889,25.430962927523243
Meta,2023-11-29,4.859723245397345,25.22897370405946
Meta,2023-11-30,0.5197491713685468,25.8006500326599
Meta,2023-12-01,0.0591619323489069,25.411979249020717
Meta,2023-12-02,0.0,25.44707050683048
Meta,2023-12-03,0.0,25.775965232746948
Meta,2023-12-04,0.0,26.10408665071416
Meta,2023-12-05,0.0,25.873666814648768
Meta,2023-12-06,0.2969058754680906,26.148527184076347
Meta,2023-12-07,0.0874672286069959,26.254120380315303
Meta,2023-12-08,1.4063790041265705,25.54032899928625
Meta,2023-12-09,7.350073138409472,24.51369157153304
Meta,2023-12-10,5.80718808093441,24.74102916419345
Meta,2023-12-11,0.0775672689722077,25.832177331772957
Meta,2023-12-12,0.0,26.297163957015933
Meta,2023-12-13,0.0,26.41995168691874
Meta,2023-12-14,0.0396548287179058,26.43056240954016
Meta,2023-12-15,1.0733329726966292,25.816739134470527
Meta,2023-12-16,21.78063391358337,24.99005935108672
Meta,2023-12-17,14.155240372650242,24.70506848171872
Meta,2023-12-18,19.81834067234924,24.898634124551627
Meta,2023-12-19,3.274738463967573,25.66774856958241
Meta,2023-12-20,1.4668067930336486,26.572776629130743
Meta,2023-12-21,1.0972841280159882,26.783565057616123
Meta,2023-12-22,5.27731965077679,26.33463488747986
Meta,2023-12-23,4.043671781807558,25.91860930449171
Meta,2023-12-24,10.165985815964774,26.061766760931476
Meta,2023-12-25,19.13203564953827,25.536947215353223
Meta,2023-12-26,18.48018303937709,24.590588803257106
Meta,2023-12-27,22.42070340577216,24.424874595918105
Meta,2023-12-28,17.823050812387486,24.285852725004958
Meta,2023-12-29,2.6296361552035457,24.83703599693193
Meta,2023-12-30,7.8633126097570845,25.43520422961157
Meta,2023-12-31,1.538064482077504,26.10096114413013
Meta,2024-01-01,2.637003169854173,26.07015403622061
Meta,2024-01-02,0.1893836397632142,25.846187811767454
Meta,2024-01-03,0.0395491853380749,25.771576964800712
Meta,2024-01-04,0.0,25.762129512039817
Meta,2024-01-05,0.019484168324178,25.43278774280346
Meta,2024-01-06,0.00375572116697,25.76029688357337
Meta,2024-01-07,0.0301436779662065,26.0608933874343
Meta,2024-01-08,2.1362265590048364,25.982262481492093
Meta,2024-01-09,0.0,25.798390164024458
Meta,2024-01-10,0.0,26.5405243975432
Meta,2024-01-11,0.0859511618051832,26.663895721456825
Meta,2024-01-12,0.9830965003439744,26.487018245734777
Meta,2024-01-13,1.0210938531202465,26.35979792981972
Meta,2024-01-14,0.4855173389724558,26.951418224502195
Meta,2024-01-15,0.0,26.88336680334232
Meta,2024-01-16,0.0,27.09038060484111
Meta,2024-01-17,0.0,27.705361528898024
Meta,2024-01-18,0.0090333337909687,27.5316211875122
Meta,2024-01-19,0.005891389377714,26.479410863944565
Meta,2024-01-20,0.0099384396360846,26.207104285506688
Meta,2024-01-21,0.9128431662392968,26.711987074786176
Meta,2024-01-22,0.0919512241841472,27.264644600465704
Meta,2024-01-23,0.0,27.370912634335312
Meta,2024-01-24,0.0031112097290476,27.31635366524561
Meta,2024-01-25,0.0,27.580829130117845
Meta,2024-01-26,0.0323894250099826,27.448330122315404
Meta,2024-01-27,0.0320307814468529,27.77591763322284
Meta,2024-01-28,0.4914836758438706,27.861567887961854
Meta,2024-01-29,0.152378766504719,28.061999704471805
Meta,2024-01-30,0.2280241685108035,27.954836392372368
Meta,2024-01-31,5.739679903216391,28.00186588699669
Meta,2024-02-01,7.96505691218298,27.337367608629343
Meta,2024-02-02,44.85060415519485,25.099469216145952
Meta,2024-02-03,3.979472282107837,25.33296863376296
Meta,2024-02-04,25.518832089316785,24.77366554389138
Meta,2024-02-05,4.365919277186697,24.618149754595024
Meta,2024-02-06,4.02838823565,24.803887569841365
Meta,2024-02-07,0.4453509871969239,26.067164882751825
Meta,2024-02-08,9.091592153197114,25.801798798381583
Meta,2024-02-09,21.14149302179184,24.971621628828903
Meta,2024-02-10,2.6475087231878245,25.330238273953224
Meta,2024-02-11,2.772819317372152,26.353155661597324
Meta,2024-02-12,0.0042765083740746,26.392974901328184
Meta,2024-02-13,0.0173157921279704,26.48640891119112
Meta,2024-02-14,0.4568706953589966,26.077950435223304
Meta,2024-02-15,0.7855559022664139,25.68017696310374
Meta,2024-02-16,6.37229586210157,25.22811949036703
Meta,2024-02-17,1.9186369630218352,25.68708736399315
Meta,2024-02-18,0.002948830510842,26.56818475605486
Meta,2024-02-19,0.0003213714906306793,27.23511596900368
Meta,2024-02-20,0.0,27.53303363215321
Meta,2024-02-21,0.0,27.44360804841976
Meta,2024-02-22,0.0004179033062946139,27.88582482368815
Meta,2024-02-23,0.0,27.82509216189672
Meta,2024-02-24,0.0,27.79706543494193
Meta,2024-02-25,0.0797843517803163,27.991081834177944
Meta,2024-02-26,0.5060589408383784,27.711222738561908
Meta,2024-02-27,3.0737935016905853,27.14942067336954
Meta,2024-02-28,3.871090102069895,27.38146589668305
Meta,2024-02-29,0.3647226605392902,27.797420032991084
Meta,2024-03-01,0.0010975507600493,27.848639669780315
Meta,2024-03-02,0.2145365428962033,27.45865008938899
Meta,2024-03-03,0.2957639171770848,27.31242378897489
Meta,2024-03-04,0.0286723192669062,27.71376892640096
Meta,2024-03-05,0.0,28.22529874485912
Meta,2024-03-06,0.4308713015247988,28.112067176237275
Meta,2024-03-07,14.37757506659798,26.981062129827563
Meta,2024-03-08,14.636314747606978,26.063808447928075
Meta,2024-03-09,12.82530136076679,25.22432723189945
Meta,2024-03-10,6.26878827060164,26.574730799299523
Meta,2024-03-11,12.699384954112174,26.40231127703688
Meta,2024-03-12,11.857332384146703,26.209928261764222
Meta,2024-03-13,2.2997816533781203,26.222158955589663
Meta,2024-03-14,12.385971418315286,25.94498986434752
Meta,2024-03-15,3.661557968481636,26.600710981987824
Meta,2024-03-16,2.635284729426824,26.538547515480307
Meta,2024-03-17,1.869366467569625,27.03510542224352
Meta,2024-03-18,6.75889562967612,26.603026062715653
Meta,2024-03-19,3.227403049103247,26.58943339643221
Meta,2024-03-20,0.8343490829203078,27.36657420944657
Meta,2024-03-21,2.750050001714835,27.682401544561728
Meta,2024-03-22,4.926856729965293,27.79139046960521
Meta,2024-03-23,6.760348752937453,27.087822819536058
Meta,2024-03-24,1.519958173656382,26.32833440655133
Meta,2024-03-25,6.592990941072872,26.36138781840413
Meta,2024-03-26,4.53430125804246,27.082510904320834
Meta,2024-03-27,16.943350537490172,26.246803334992187
Meta,2024-03-28,3.1592410027426743,26.54912718178205
Meta,2024-03-29,18.17460810470524,25.433774027777275
Meta,2024-03-30,4.871601356905485,26.18504872157413
Meta,2024-03-31,8.46591136712445,25.23155267754497
Meta,2024-04-01,0.516059531485914,26.10071128680185
Meta,2024-04-02,18.415670488543984,25.552208619757863
Meta,2024-04-03,10.83202933868844,25.098351977523578
Meta,2024-04-04,11.739877407685436,24.870549790671934
Meta,2024-04-05,5.369881688666338,25.331675078590543
Meta,2024-04-06,4.290069679597834,24.790148239326456
Meta,2024-04-07,4.549017141726776,25.73701559033207
Meta,2024-04-08,7.077869539497758,25.969063297618103
Meta,2024-04-09,1.071982200634609,26.652482716434744
Meta,2024-04-10,0.7839302574218875,27.03343169936068
Meta,2024-04-11,0.043024930403298,27.19858842325607
Meta,2024-04-12,0.5644779772217113,27.06030044219975
Meta,2024-04-13,0.9654361880052112,27.646965343576404
Meta,2024-04-14,1.7787320053571551,27.62095723331433
Meta,2024-04-15,0.5906164138026861,27.812756283373144
Meta,2024-04-16,0.6880878714022588,27.687193589662822
Meta,2024-04-17,10.406170922176422,26.514964338591746
Meta,2024-04-18,20.77829798491482,25.64353600599204
Meta,2024-04-19,8.807164119692303,24.697880105807
Meta,2024-04-20,13.33696876690668,24.67935899079125
Meta,2024-04-21,16.823027867656286,25.1642872084151
Meta,2024-04-22,12.240778529448358,23.93988505803729
Meta,2024-04-23,6.6841153439191565,24.9253325564285
Meta,2024-04-24,29.43746805773546,25.57919694119051
Meta,2024-04-25,15.730064780964472,25.060757605468652
Meta,2024-04-26,13.707246462893703,24.328807333243148
Meta,2024-04-27,3.914669466650876,25.01676318952885
Meta,2024-04-28,13.859677706007467,25.396333778420487
Meta,2024-04-29,56.83887333426673,24.043825042110733
Meta,2024-04-30,2.8251549486983887,25.43234303734461
Meta,2024-05-01,14.42100569347169,24.82271830694484
Meta,2024-05-02,1.7903672434788824,25.813198693106656
Meta,2024-05-03,11.90524629101628,25.37302678412949
Meta,2024-05-04,12.427339141126598,25.34056957216189
Meta,2024-05-05,18.95809754054002,24.4577574426843
Meta,2024-05-06,12.806186168329155,25.163290191037703
Meta,2024-05-07,2.396079532603565,26.68776127493749
Meta,2024-05-08,26.374174358694383,24.93940441853388
Meta,2024-05-09,26.92785218695209,24.117681591432053
Meta,2024-05-10,15.085046542837722,23.72219786425957
Meta,2024-05-11,0.0105485848144015,25.25104205462537
Meta,2024-05-12,4.427921058765095,26.136925967604306
Meta,2024-05-13,22.192640919517714,25.439201366535134
Meta,2024-05-14,18.331397193159493,25.19793906319361
Meta,2024-05-15,15.005938183838158,25.00335820957341
Meta,2024-05-16,12.122288579562175,24.27583453866875
Meta,2024-05-17,4.708578339118215,25.25850595935201
Meta,2024-05-18,5.63332266462809,24.608220244742636
Meta,2024-05-19,48.950029202140406,24.867553286181646
Meta,2024-05-20,10.39240026078885,24.260160880450183
Meta,2024-05-21,4.986875710734126,24.40218356007696
Meta,2024-05-22,9.031911470243882,24.99347565567367
Meta,2024-05-23,4.374791831411777,25.304763645952157
Meta,2024-05-24,7.141752683013214,25.78458202708221
Meta,2024-05-25,60.58364300326478,24.085962998014843
Meta,2024-05-26,20.768317055320523,24.63150203517191
Meta,2024-05-27,3.1707617136263555,24.848128537534283
Meta,2024-05-28,9.006262351606908,24.34546543879056
Meta,2024-05-29,13.98389943203494,23.07013163442222
Meta,2024-05-30,0.0652779819138944,23.29141860823813
Meta,2024-05-31,0.0,23.867281941497343
Meta,2024-06-01,0.0,24.438055893778422
Meta,2024-06-02,0.0,25.12084335313764
Meta,2024-06-03,0.3865570199086618,25.260348981971585
Meta,2024-06-04,12.136880137449788,23.673197203989247
Meta,2024-06-05,11.874584378177932,22.741484001272617
Meta,2024-06-06,0.0638869817982493,23.067843388076373
Meta,2024-06-07,17.46330841302746,23.914063353936577
Meta,2024-06-08,13.943374529888962,23.8960486036241
Meta,2024-06-09,12.129417250911883,24.04118443405192
Meta,2024-06-10,12.89752767503664,24.29588662046873
Meta,2024-06-11,19.331553107957703,23.82271430646993
Meta,2024-06-12,21.488058770785084,24.030641221616328
Meta,2024-06-13,12.573443771454494,25.128436391815868
Meta,2024-06-14,11.271940180157632,24.2766157333998
Meta,2024-06-15,25.16265373104379,24.07891843966132
Meta,2024-06-16,16.494048827391413,24.34841729067795
Meta,2024-06-17,5.595768193092489,24.9660200613374
Meta,2024-06-18,15.8710105217814,25.145768375246867
Meta,2024-06-19,16.451717579367585,24.809338038729045
Meta,2024-06-20,14.939077490199756,24.247595388130296
Meta,2024-06-21,10.4979323681932,23.711034205025776
Meta,2024-06-22,6.694770739249682,24.136418724350552
Meta,2024-06-23,6.7399954134208695,24.23597294611666
Meta,2024-06-24,20.47966021882447,24.172564323080216
Meta,2024-06-25,6.287627487320896,24.902977529925003
Meta,2024-06-26,2.865912957153284,24.239139445924184
Meta,2024-06-27,16.38604607908144,24.206302020148
Meta,2024-06-28,8.557206183736888,23.869249491031145
Meta,2024-06-29,12.874176733014425,24.59370270837054
Meta,2024-06-30,33.28949593200631,24.131933271078648
Meta,2024-07-01,25.543814388754228,24.278014442852736
Meta,2024-07-02,7.706348103039044,24.163844489656302
Meta,2024-07-03,13.578024567714577,23.6736182103188
Meta,2024-07-04,2.1454697394908413,24.02015839399079
Meta,2024-07-05,29.34529713867086,23.40420119679737
Meta,2024-07-06,6.784168417112596,23.598991075262653
Meta,2024-07-07,20.99829456156139,23.52533242062602
Meta,2024-07-08,7.491494429268556,24.43740309207632
Meta,2024-07-09,11.085461495576514,24.076475367839816
Meta,2024-07-10,0.0,24.568510192217587
Meta,2024-07-11,12.52550465204803,24.79035178321726
Meta,2024-07-12,41.28313846211093,23.708684467645263
Meta,2024-07-13,4.073454774663366,23.13857554843716
Meta,2024-07-14,3.1162263556116283,22.832611375616302
Meta,2024-07-15,1.8417948637377943,23.03499246759351
Meta,2024-07-16,0.0209364858873419,23.62170868737558
Meta,2024-07-17,0.0,23.279970062111417
Meta,2024-07-18,0.3327795009942139,23.036309021291306
Meta,2024-07-19,0.0029677365302451,23.303338914161447
Meta,2024-07-20,0.7000209582454112,23.40355850646696
Meta,2024-07-21,1.3337097615529847,22.53096986193736
Meta,2024-07-22,0.1554469485242154,22.821526285062763
Meta,2024-07-23,1.5868461368852471,23.607217046783767
Meta,2024-07-24,0.1198973910390814,23.26104868566891
Meta,2024-07-25,0.8629217720622394,23.7124574344642
Meta,2024-07-26,0.1209265275127972,23.396979001197096
Meta,2024-07-27,3.7352810071337306,23.98667088173175
Meta,2024-07-28,27.244825042050312,24.092974259473078
Meta,2024-07-29,5.311165487393962,24.22944881709263
Meta,2024-07-30,5.6747846308626375,23.99652483134564
Meta,2024-07-31,4.675417799791069,23.21105119889745
Meta,2024-08-01,0.9815048584801952,23.96794910203337
Meta,2024-08-02,0.0,24.473056672764123
Meta,2024-08-03,4.0114001224724944,25.035355646235026
Meta,2024-08-04,40.32531953885725,23.885333481489845
Meta,2024-08-05,12.835683421976832,23.819515195197415
Meta,2024-08-06,2.715525107593951,24.679780236217248
Meta,2024-08-07,0.3651993411069984,25.44676858618825
Meta,2024-08-08,14.676170504433935,25.11868559899382
Meta,2024-08-09,21.27818672445677,23.91269409446601
Meta,2024-08-10,10.855582983117085,23.62137193323723
Meta,2024-08-11,17.162309491795256,24.096424547418422
Meta,2024-08-12,16.554664243900447,23.7870397762192
Meta,2024-08-13,9.992534386059054,23.75575018567765
Meta,2024-08-14,5.853882264125311,24.162163317095608
Meta,2024-08-15,0.4364544451332255,24.471030748777203
Meta,2024-08-16,0.0058887404401014,25.07713392402411
Meta,2024-08-17,0.1721164057182741,25.40362003041688
Meta,2024-08-18,2.553214620508056,25.422740884163257
Meta,2024-08-19,3.8797239978945615,25.428616216434094
Meta,2024-08-20,1.142927225224283,25.90291694709792
Meta,2024-08-21,0.9810568572799944,25.823237890920648
Meta,2024-08-22,3.366191697209033,26.159840527908194
Meta,2024-08-23,8.451950233420234,25.26826381416525
Meta,2024-08-24,10.34216370105549,24.957461901692312
Meta,2024-08-25,5.825681186493296,24.85011735486284
Meta,2024-08-26,18.931274214179727,24.821157948149573
Meta,2024-08-27,9.878066206861767,24.687374961748517
Meta,2024-08-28,19.804492543644148,24.932717671002703
Meta,2024-08-29,3.19454342904022,24.749830632917245
Meta,2024-08-30,1.0122897219578155,25.6548253511624
Meta,2024-08-31,1.1791318214382056,25.875236701769428
Meta,2024-09-01,7.254952058091722,26.210073502788163
Meta,2024-09-02,12.93056832439979,25.62801933257669
Meta,2024-09-03,0.0,26.308483768023027
Meta,2024-09-04,12.47240323089927,26.7161469500844
Meta,2024-09-05,11.291540059565548,25.816299706629845
Meta,2024-09-06,6.656513108557843,26.213083832216903
Meta,2024-09-07,3.545724066941877,25.300184631837617
Meta,2024-09-08,7.240168470289657,25.465315703255627
Meta,2024-09-09,1.087048584018091,26.18826152210076
Meta,2024-09-10,2.1819570161778072,26.49632062252655
Meta,2024-09-11,2.265343337476523,26.8605348166724
Meta,2024-09-12,7.519063884299861,27.34493862513009
Meta,2024-09-13,16.463226952995964,26.75202028959351
Meta,2024-09-14,27.08122449202699,26.439254022561936
Meta,2024-09-15,2.7185833575420206,27.40426072063895
Meta,2024-09-16,3.749234838853388,26.95859442137113
Meta,2024-09-17,6.483548936477391,25.77277681771865
Meta,2024-09-18,0.1758156943541982,26.114099366800257
Meta,2024-09-19,1.1255906494844328,26.627734362595277
Meta,2024-09-20,5.340320343082913,26.71948029747753
Meta,2024-09-21,8.290574941522971,26.33325476286989
Meta,2024-09-22,6.836277384990962,26.31252614300885
Meta,2024-09-23,12.34623072032461,26.61015441572474
Meta,2024-09-24,0.0853145556645973,26.749608002169285
Meta,2024-09-25,7.314087173670018,27.015583048513893
Meta,2024-09-26,5.005722555865179,26.7948265810426
Meta,2024-09-27,14.64069236589221,26.51163918668655
Meta,2024-09-28,19.23231997817006,25.34477786525373
Meta,2024-09-29,10.960865756079563,24.48834425478211
Meta,2024-09-30,0.6948558336870656,25.06672034452149
Meta,2024-10-01,3.004667372161105,25.985463580990388
Meta,2024-10-02,4.975227463772894,25.554864254293328
Meta,2024-10-03,13.091092045636646,25.767505305136165
Meta,2024-10-04,2.101493126225116,25.89414540632861
Meta,2024-10-05,6.232238648881188,26.29832051651097
Meta,2024-10-06,8.759516278687839,25.7559121955754
Meta,2024-10-07,2.3481766684674747,25.78810160064297
Meta,2024-10-08,22.992421620454053,24.09985546937777
Meta,2024-10-09,1.5211627925771245,24.94744266608877
Meta,2024-10-10,8.617440837452962,25.47049561623093
Meta,2024-10-11,0.2547838558982787,25.891718688182813
Meta,2024-10-12,7.512989542230364,25.746467975052248
Meta,2024-10-13,18.809737152936517,25.37734601319972
Meta,2024-10-14,1.892583896293173,25.121667775414224
Meta,2024-10-15,1.521226871683428,25.32021107088787
Meta,2024-10-16,1.0612608046078786,25.87056342979056
Meta,2024-10-17,1.2707724919165388,26.17107753931154
Meta,2024-10-18,0.4724866163608262,26.447033629179437
Meta,2024-10-19,5.860761383777579,26.38402846281268
Meta,2024-10-20,3.184359200739057,26.7569443442396
Meta,2024-10-21,4.94765254712379,27.05465161249561
Meta,2024-10-22,2.769351591184276,26.98060652221098
Meta,2024-10-23,4.6257887061422185,26.486879371985506
Meta,2024-10-24,4.203849751252651,26.32196476259293
Meta,2024-10-25,12.102038272399266,26.848942553596856
Meta,2024-10-26,12.63769894761936,26.34557241418103
Meta,2024-10-27,8.978015422206289,26.302331979631283
Meta,2024-10-28,8.096312148162745,25.49182115740253
Meta,2024-10-29,7.756799483072717,25.04864588637384
Meta,2024-10-30,16.218793149406004,24.81982557671956
Meta,2024-10-31,2.2602858290843724,25.82959246813982
Meta,2024-11-01,0.9689068176227132,26.283575694231864
Meta,2024-11-02,1.5626025602229852,26.357439902186982
Meta,2024-11-03,9.713439090094472,25.41082552062638
Meta,2024-11-04,26.770162821188755,24.32991074997874
Meta,2024-11-05,0.106899964589051,25.31616316041311
Meta,2024-11-06,1.0172662403379815,26.182182694027794
Meta,2024-11-07,0.7130688627037135,26.726886073213574
Meta,2024-11-08,20.571949503482323,25.830551818915687
Meta,2024-11-09,17.11750417490902,24.386099835845798
Meta,2024-11-10,24.81803738468625,24.31663730504678
Meta,2024-11-11,5.165391188027586,24.664467900004684
Meta,2024-11-12,28.4228080287614,25.324789779728263
Meta,2024-11-13,1.4225048189472318,25.97599303893968
Meta,2024-11-14,37.238041214417024,24.21995725437171
Meta,2024-11-15,6.3569707262721735,24.396454996031892
Meta,2024-11-16,15.502080552680182,24.242779042220068
Meta,2024-11-17,10.3547883192667,24.904973520436407
Meta,2024-11-18,4.289650768276819,24.86719594138784
Meta,2024-11-19,12.19229063610575,24.93143004652682
Meta,2024-11-20,1.5147054445943051,25.453321337610618
Meta,2024-11-21,20.771327087884902,24.50538728468151
Meta,2024-11-22,12.960639676643405,23.623273378351584
Meta,2024-11-23,13.971215812850382,23.53093543618865
Meta,2024-11-24,2.371244327823932,24.727664444449445
Meta,2024-11-25,0.0015249061044186,25.48943449566249
Meta,2024-11-26,0.6036549387790345,25.726105029232347
Meta,2024-11-27,0.553333956305375,25.755127156152124
Meta,2024-11-28,5.944873261758668,24.98907685140194
Meta,2024-11-29,1.5223151192949294,25.6566180609823
Meta,2024-11-30,0.6301547733676541,25.632252012105848
Meta,2024-12-01,0.5834067404133737,25.360778457677547
Meta,2024-12-02,0.3015178379303468,25.550897839434228
Meta,2024-12-03,0.6444749654068865,26.108999061345397
Meta,2024-12-04,0.1478550892181082,25.98539368012705
Meta,2024-12-05,0.027637759907363,25.91586102973902
Meta,2024-12-06,0.1639477617982168,25.5691744647202
Meta,2024-12-07,0.0,25.29828968626904
Meta,2024-12-08,0.0,25.489031451059468
Meta,2024-12-09,0.1876377510983637,25.447918694390584
Meta,2024-12-10,0.0038577131816596,25.700717752013748
Meta,2024-12-11,0.0,25.56504827377843
Meta,2024-12-12,0.1617264844523079,25.72856735782956
Meta,2024-12-13,0.9915539968012907,25.85767432504693
Meta,2024-12-14,0.021374687120695,25.911199742025325
Meta,2024-12-15,0.0,25.938397785780214
Meta,2024-12-16,4.360708433688487,25.964883033465373
Meta,2024-12-17,11.6326161639141,25.44010778015068
Meta,2024-12-18,14.877515331495632,25.185001598604305
Meta,2024-12-19,5.777007778064501,25.162407654277505
Meta,2024-12-20,1.2924446708783497,25.720641666745205
Meta,2024-12-21,12.114338667057083,25.17902831579885
Meta,2024-12-22,3.711460842669738,25.658574462060106
Meta,2024-12-23,13.079611788312224,24.9548738382576
Meta,2024-12-24,19.86506352242532,25.4153053224151
Meta,2024-12-25,0.540580517208733,25.390378272197736
Meta,2024-12-26,0.0304933213373085,25.60717418331929
Meta,2024-12-27,3.804606461214252,25.635696236416912
Meta,2024-12-28,32.55068005573761,24.279197729768285
Meta,2024-12-29,10.350436773741269,24.221206108552018
Meta,2024-12-30,9.65150587194258,24.650542453950045
Meta,2024-12-31,0.0421731537898145,25.236311010130187
Meta,2025-01-01,0.5082730073542163,25.25462799969245
Meta,2025-01-02,3.845754652149137,25.203420622311345
Meta,2025-01-03,14.769542873598692,23.725166095963274
Meta,2025-01-04,13.674422974935752,23.9150867983945
Meta,2025-01-05,45.73078578346287,23.01283599824278
Meta,2025-01-06,6.699876165569259,23.85480265364652
Meta,2025-01-07,3.6747102583533673,25.09493062779527
Meta,2025-01-08,0.0133273513792663,24.916023462585905
Meta,2025-01-09,0.0,25.030514037233583
Meta,2025-01-10,0.002652254193212,25.36643480763172
Meta,2025-01-11,0.0162521334630155,25.683773360999396
Meta,2025-01-12,0.0,25.213504044398867
Meta,2025-01-13,0.0,25.23392436631491
Meta,2025-01-14,0.038733566125823,25.695912680286096
Meta,2025-01-15,0.1159629262031394,25.3586444480334
Meta,2025-01-16,0.0,25.42472147010744
Meta,2025-01-17,0.0,25.48033486029472
Meta,2025-01-18,0.0,25.5390613403542
Meta,2025-01-19,0.0,26.011739737708943
Meta,2025-01-20,0.0,26.04389637464629
Meta,2025-01-21,1.0206710456231552e-05,25.88372293811438
Meta,2025-01-22,2.499993015486034e-06,25.89688785034631
Meta,2025-01-23,0.1373805294641986,25.26821044244553
Meta,2025-01-24,2.8834820163615484,24.17407125506238
Meta,2025-01-25,8.70360136430898,23.516673876642407
Meta,2025-01-26,3.1447365193866696,23.743106690076107
Meta,2025-01-27,0.5519377147338395,24.608065272737885
Meta,2025-01-28,1.6471212303312286,25.14119592810941
Meta,2025-01-29,6.178953631007327,25.127550521513623
Meta,2025-01-30,6.521044763808819,24.480670463382666
Meta,2025-01-31,1.3003537491807693,24.48236768519465
Meta,2025-02-01,0.0123337044484542,25.59212353257021
Meta,2025-02-02,0.4534621757545792,25.76066106431357
Meta,2025-02-03,0.0766575946988774,25.62316408824536
Meta,2025-02-04,0.3908173346150853,25.92117964947929
Meta,2025-02-05,0.0053553718188026,26.14046746821205
Meta,2025-02-06,2.4004921855086536,25.657997015044344
Meta,2025-02-07,1.8542025375132491,25.832559412019695
Meta,2025-02-08,8.477641934778843,24.705520351627943
Meta,2025-02-09,2.984471787289204,25.032391518798672
Meta,2025-02-10,4.623521748553324,25.33532983156388
Meta,2025-02-11,0.4467608641131392,25.57863624754635
Meta,2025-02-12,0.0,25.950252661615853
Meta,2025-02-13,0.00030260865286802386,26.308761238965456
Meta,2025-02-14,0.0162857598216997,26.51027704063404
Meta,2025-02-15,0.0099390847791471,26.630573516506452
Meta,2025-02-16,0.0,26.489210815717662
Meta,2025-02-17,0.0029133537921671,26.819195980381146
Meta,2025-02-18,0.33515060366464,26.63280182968596
Meta,2025-02-19,1.6957804772659288,25.94173361115524
Meta,2025-02-20,3.3462893515214875,24.628941055760126
Meta,2025-02-21,5.640178611297056,25.12305275197953
Meta,2025-02-22,38.06327636596136,23.92435424467231
Meta,2025-02-23,8.51758056097829,23.879456005215232
Meta,2025-02-24,7.432278301117562,24.31526051563145
Meta,2025-02-25,11.200738364901303,24.6859237188404
Meta,2025-02-26,15.456061442960875,25.30065755881117
Meta,2025-02-27,7.590757638066406,25.04433742593686
Meta,2025-02-28,1.2450403827783465,25.37179393006478
Meta,2025-03-01,2.068213460764799,25.81487418366797
Meta,2025-03-02,3.797328174940161,26.011252493205305
Meta,2025-03-03,4.520757034476586,25.940295107120384
Meta,2025-03-04,6.936316214265317,25.618678032453182
Meta,2025-03-05,15.904463501228491,24.975185156661
Meta,2025-03-06,20.670412031103336,24.269811177319724
Meta,2025-03-07,8.453133042982858,24.749085709434407
Meta,2025-03-08,8.825548594335084,25.702024919004447
Meta,2025-03-09,1.1871155864073473,25.752217119959337
Meta,2025-03-10,2.5499454805885007,25.45874479325401
Meta,2025-03-11,4.5553467943634764,25.267179815405846
Meta,2025-03-12,16.10466215252067,24.821253169798517
Meta,2025-03-13,11.467351215995771,25.065073803984586
Meta,2025-03-14,28.328481752472584,24.257149610715565
Meta,2025-03-15,4.953941862253824,24.641506529436985
Meta,2025-03-16,5.847249978841425,24.7582658784971
Meta,2025-03-17,25.8178902762572,23.294611504896498
Meta,2025-03-18,13.30107696924276,24.211477330212738
Meta,2025-03-19,8.064540143756497,24.68493577852497
Meta,2025-03-20,16.167664507925902,23.796332737379306
Meta,2025-03-21,4.7514179368804905,25.136691780169308
Meta,2025-03-22,10.496913376743828,24.23283522380001
Meta,2025-03-23,0.2229666099118292,25.423048066545736
Meta,2025-03-24,0.0,25.477517773969144
Meta,2025-03-25,0.0014085219579871,25.735125209585224
Meta,2025-03-26,0.1131455531611924,25.968086127109565
Meta,2025-03-27,0.1477979006208086,26.05365251727824
Meta,2025-03-28,0.8484103873208018,26.14500474404423
Meta,2025-03-29,2.7383400810644947,25.89035398952933
Meta,2025-03-30,1.748547509779653,25.91371006185666
Meta,2025-03-31,0.8566632914988805,25.399538370093136
Meta,2025-04-01,6.265396593627617,24.75189536334961
Meta,2025-04-02,32.40693647207211,23.511960562158944
Meta,2025-04-03,11.37826971398859,23.77984555876969
Meta,2025-04-04,22.46152703575867,23.216135684521507
Meta,2025-04-05,4.265811798816357,22.852065226361965
Meta,2025-04-06,6.756770167638059,23.55629954278495
Meta,2025-04-07,12.095644424476587,23.543077823893054
Meta,2025-04-08,14.957651013753956,23.793947410425115
Meta,2025-04-09,34.744105779793884,23.90279895641921
Meta,2025-04-10,17.192280964909116,24.13278940243417
Meta,2025-04-11,11.602300745019589,24.38830702463763
Meta,2025-04-12,0.3687215704848885,25.67734413600292
Meta,2025-04-13,1.0762434301110524,25.779296250781165
Meta,2025-04-14,3.2321414721108277,25.958151182922336
Meta,2025-04-15,6.453891625224834,25.73870954215997
Meta,2025-04-16,11.43075329312363,25.567191359629977
Meta,2025-04-17,16.095928854939697,25.243924326790808
Meta,2025-04-18,7.639966485910972,25.199355431399383
Meta,2025-04-19,18.339939434397465,24.88603855655562
Meta,2025-04-20,22.69163332210246,24.62407420523985
Meta,2025-04-21,11.123200690807469,24.271916489462857
Meta,2025-04-22,1.793427687865763,24.258256758257147
Meta,2025-04-23,8.800466387227607,24.911190041340006
Meta,2025-04-24,27.49089289937494,24.382353036161504
Meta,2025-04-25,17.712887686557313,24.40825083506379
Meta,2025-04-26,16.9695305307173,24.012921983413424
Meta,2025-04-27,12.465292317833388,24.936452915962477
Meta,2025-04-28,33.72454192712402,24.36373465481613
Meta,2025-04-29,9.966233655997826,24.6001016690965
Meta,2025-04-30,22.427002454661555,23.803513140716667
Meta,2025-05-01,3.100072235659378,24.54048397310321
Meta,2025-05-02,26.315857800084935,24.600296681563517
Meta,2025-05-03,34.522904180957944,23.48465968110227
Meta,2025-05-04,11.662950438669393,23.94991073802745
Meta,2025-05-05,24.50907220745906,23.084937561640984
Meta,2025-05-06,16.808859249416084,23.906420188602603
Meta,2025-05-07,42.02492795017153,23.61984900126155
Meta,2025-05-08,5.454434489532649,24.48371742500469
Meta,2025-05-09,14.570760517132394,24.055657327961917
Meta,2025-05-10,8.444237304980607,24.78466829387929
Meta,2025-05-11,18.399574806147005,23.803805264326996
Meta,2025-05-12,5.810599802447933,23.45578585479802
Meta,2025-05-13,14.994529684680328,23.856348480660152
Meta,2025-05-14,11.495831141264055,23.45518194574892
Meta,2025-05-15,7.877234265226867,23.386641336615103
Meta,2025-05-16,8.302868340817982,23.63054070973349
Meta,2025-05-17,9.118860451226611,23.13264994638976
Meta,2025-05-18,3.2479323746052366,24.131420886247827
Meta,2025-05-19,22.730973891493065,23.95544626494872
Meta,2025-05-20,29.508767804121828,23.53488737028905
Meta,2025-05-21,11.303414317046071,24.131309314063948
Meta,2025-05-22,25.97191740502846,23.012361642742533
Meta,2025-05-23,2.481159025754884,23.25177015022097
Meta,2025-05-24,13.013610729429775,23.427443729165567
Meta,2025-05-25,15.35146138481038,23.87680858094689
Meta,2025-05-26,9.165021002031969,23.870908725535703
Meta,2025-05-27,18.288860996275087,23.516676379854086
Meta,2025-05-28,0.3343536067287634,23.950350211727
Meta,2025-05-29,1.802134911001904,24.33383127812893
Meta,2025-05-30,56.05054830037111,23.342817106366265
Meta,2025-05-31,3.1633239601125425,23.08639665684292
Meta,2025-06-01,16.002799699176027,22.352369592976864
Meta,2025-06-02,27.00689019365945,22.27975358815655
Meta,2025-06-03,3.4976722686974178,22.186351463877976
Meta,2025-06-04,14.559186003376768,22.46020631673408
Meta,2025-06-05,7.845854678497887,22.38422577924444
Meta,2025-06-06,22.952987972071785,21.700590179920905
Meta,2025-06-07,1.2514042233727043,21.984871657859152
Meta,2025-06-08,4.99341800550812,23.36670511756972
Meta,2025-06-09,39.448435307720025,22.895758230180657
Meta,2025-06-10,19.74040071346029,22.65010956444821
Meta,2025-06-11,10.72590384964788,22.82782175635665
Meta,2025-06-12,9.54762456443635,22.86281618795481
Meta,2025-06-13,14.062705513928911,23.2803464785747
Meta,2025-06-14,8.6489542135169,22.938978174397967
Meta,2025-06-15,26.605019816902573,23.07883495555216
Meta,2025-06-16,13.86116991897907,23.661070316395577
Meta,2025-06-17,33.21938112678763,23.09174121671052
Meta,2025-06-18,1.5571411879353212,23.07515367892644
Meta,2025-06-19,2.8518758148428858,23.087090848257773
Meta,2025-06-20,4.124341545928959,22.33554064380559
Meta,2025-06-21,0.6118161932664307,22.59120824372184
Meta,2025-06-22,0.2690505337559036,22.92815594664922
Meta,2025-06-23,8.00360440760049,23.59054978548031
Meta,2025-06-24,49.0107915394729,22.850686005724857
Meta,2025-06-25,0.475694445294721,23.44298558315656
Meta,2025-06-26,8.893797295289705,23.902563643863203
Meta,2025-06-27,38.71632041507543,23.50563709423553
Meta,2025-06-28,32.03454603142583,23.31938569577035
Meta,2025-06-29,12.279711360318966,23.24780284993817
Meta,2025-06-30,9.336042737436754,22.90888500646327
Meta,2025-07-01,18.627788461058703,22.578818975746252
Meta,2025-07-02,10.065418231080232,22.374368131955688
Meta,2025-07-03,25.52964912893924,21.29343840699042
Meta,2025-07-04,5.750626424066669,20.22490780496626
Meta,2025-07-05,2.0688167726886806,21.44489882360373
Meta,2025-07-06,0.0765281826640961,22.313156561231683
Meta,2025-07-07,0.0965857628514206,23.07911791503093
Meta,2025-07-08,5.72058678376305,22.592925692953173
Meta,2025-07-09,3.1463820401526994,22.134192502635404
Meta,2025-07-10,2.095006333396237,22.54293513398172
Meta,2025-07-11,15.632546102453952,21.777857664474865
Meta,2025-07-12,20.323294910632253,21.564874009181334
Meta,2025-07-13,12.068644684077071,22.281296880085527
Meta,2025-07-14,1.531264956122247,22.1300195375094
Meta,2025-07-15,0.0,21.975530218192358
Meta,2025-07-16,0.0,22.75771262079849
Meta,2025-07-17,0.0752119906742986,22.84184049538788
Meta,2025-07-18,17.189338682505074,22.22230205934229
Meta,2025-07-19,3.630835165914273,22.53694646593761
Meta,2025-07-20,0.0,23.141257878168048
Meta,2025-07-21,3.961822455914739,23.10712347143419
Meta,2025-07-22,5.556472860011038,22.728209213230983
Meta,2025-07-23,7.775283365514165,22.9500826306981
Meta,2025-07-24,17.325759543096364,23.54149026151731
Meta,2025-07-25,10.574969364209569,23.92476104355055
Meta,2025-07-26,16.681652411962286,23.21648204257608
Meta,2025-07-27,21.90139675838904,23.8055548643233
Meta,2025-07-28,7.892953597315016,23.9974770858723
Meta,2025-07-29,24.437795116879894,23.222097479700437
Meta,2025-07-30,10.157672925063292,23.92102921667676
Meta,2025-07-31,3.4983268863984627,24.40253708402794
Meta,2025-08-01,14.436978662234138,23.596372941034527
Meta,2025-08-02,31.068276281949323,23.262184175428438
Meta,2025-08-03,21.158748122306715,23.33778752407232
Meta,2025-08-04,1.59066595719925,23.61465145401672
Meta,2025-08-05,2.074149064342788,23.9223762111176
Meta,2025-08-06,4.7035340200202365,23.14985675814715
Meta,2025-08-07,8.894593495620168,23.68828746492293
Meta,2025-08-08,13.8476894781686,23.700554431733664
Meta,2025-08-09,32.760022194528986,22.58069096340424
Meta,2025-08-10,11.56421452635549,23.254879114666277
Meta,2025-08-11,17.159531446343838,22.635347766438148
Meta,2025-08-12,3.05704373805146,23.490219579137094
Meta,2025-08-13,19.34360052885335,23.17430641425365
Meta,2025-08-14,5.172088153971289,23.07887246352603
Meta,2025-08-15,1.202193145851311,23.123935338410696
Meta,2025-08-16,2.584926968235985,23.97804191639128
Meta,2025-08-17,0.72114896346049,24.127152194139445
Meta,2025-08-18,3.65541969740913,24.356347048776588
Meta,2025-08-19,7.050225927288754,24.575716162070595
Meta,2025-08-20,0.877351063271862,24.860985005414022
Meta,2025-08-21,23.023175150895806,23.662393520928745
Meta,2025-08-22,1.662111590544901,23.812416117416472
Meta,2025-08-23,0.0538324570293533,24.405847703315832
Meta,2025-08-24,10.833203258441545,24.519244539828826
Meta,2025-08-25,10.89909433983254,23.204565949332363
Meta,2025-08-26,25.03116400697175,22.37877337537461
Meta,2025-08-27,3.741391965833881,22.05265683514675
Meta,2025-08-28,0.1203451982384571,23.058686964071995
Meta,2025-08-29,6.650868621005371,24.05847312026185
Meta,2025-08-30,5.391794991560662,24.63898961842689
Meta,2025-08-31,14.208104031537342,23.73898551775008
Meta,2025-09-01,17.374879926962493,23.18102853966552
Meta,2025-09-02,0.3292910166567372,23.586213905549368
Meta,2025-09-03,5.555276070006683,24.31372104989256
Meta,2025-09-04,21.930527726772784,24.072250837972653
Meta,2025-09-05,11.032274049960668,23.44512776390859
Meta,2025-09-06,1.2192343213002437,24.048677363032304
Meta,2025-09-07,6.572255513268869,23.063069047563378
Meta,2025-09-08,4.908974907208947,24.000126975690648
Meta,2025-09-09,6.306751670157184,24.91688102298466
Meta,2025-09-10,22.557779418274105,23.9766329906052
Meta,2025-09-11,3.286679397556432,24.30884279213937
Meta,2025-09-12,1.259995307597532,24.39525428512185
Meta,2025-09-13,2.0426327911121085,24.83613913908291
Meta,2025-09-14,2.5047018166859947,25.09712189556944
Meta,2025-09-15,15.68084026835656,24.538994419745112
Meta,2025-09-16,0.2199212128518515,24.955209225065826
Meta,2025-09-17,10.485896138521973,24.258505768879537
Meta,2025-09-18,14.548293038590904,23.9621394945282
Meta,2025-09-19,6.690756705663064,24.295648409845462
Meta,2025-09-20,23.541498147271508,23.93176703874745
Meta,2025-09-21,1.3995207088502393,24.84422192577233
Meta,2025-09-22,7.363063390899238,25.530922367407637
Meta,2025-09-23,18.51915139448165,24.99635231565257
Meta,2025-09-24,5.524656883100229,23.629047671280592
Meta,2025-09-25,4.879257318254145,24.47264181319952
Meta,2025-09-26,2.7036042454353595,24.490300362571528
Meta,2025-09-27,1.1867822913560198,24.427569259455627
Meta,2025-09-28,19.64329691425736,23.567135190175485
Meta,2025-09-29,3.109815286666781,23.397254450360087
Meta,2025-09-30,17.992189823165887,23.290814509636892
Meta,2025-10-01,3.3232585819696965,24.16694387369222
Meta,2025-10-02,5.409027098330707,24.736497710026
Meta,2025-10-03,9.718846916534112,24.3479986418478
Meta,2025-10-04,6.684091562432064,24.206424818895147
Meta,2025-10-05,9.933767999412147,24.716352551397694
Meta,2025-10-06,16.28247008334491,24.896061526162395
Meta,2025-10-07,25.438464091693533,24.30796237955676
Meta,2025-10-08,6.041808650637996,23.72203668971568
Meta,2025-10-09,10.01998261291298,23.85606166968156
Meta,2025-10-10,15.44541143429412,23.76245883654232
Meta,2025-10-11,4.328575593786485,23.76468353197576
Meta,2025-10-12,3.429630360766128,24.3422129640001
Meta,2025-10-13,14.028003790167384,24.275735080903868
Meta,2025-10-14,9.536432147544703,23.939862942118904
Meta,2025-10-15,3.229778022584407,24.74042044542816
Meta,2025-10-16,14.636460586775083,23.811523974880878
Meta,2025-10-17,10.06130083819255,24.010775819125403
Meta,2025-10-18,7.6020405188577955,24.322389853302838
Meta,2025-10-19,5.578363020226571,24.653401129817595
Meta,2025-10-20,2.204795290369692,24.82442943513576
Meta,2025-10-21,7.892469049616287,24.948562719464555
Meta,2025-10-22,15.585406178581682,24.751014409189853
Meta,2025-10-23,10.107724972870024,24.41454691282633
Meta,2025-10-24,4.8616021486075685,24.184610150035343
Meta,2025-10-25,5.310773642346293,24.74460012670361
Meta,2025-10-26,1.7425921305444103,24.922595753349427
Meta,2025-10-27,9.31348165154481,25.23902121922417
Meta,2025-10-28,9.820229992477042,25.40128409174958
Meta,2025-10-29,18.065081655556234,24.46350481955608
Meta,2025-10-30,3.352084012697412,24.56201520761537
Meta,2025-10-31,3.935735652933399,24.26586127729914
Meta,2025-11-01,0.5257734591882846,25.011783256852773
Meta,2025-11-02,6.742438665655173,24.812434456139545
Meta,2025-11-03,6.363709039329454,25.2283598132432
Meta,2025-11-04,0.9415010557006904,25.51214932405454
Meta,2025-11-05,12.137046587787903,25.02675063110592
Meta,2025-11-06,19.24981032180685,23.77492500532144
Meta,2025-11-07,1.5326319246144569,24.86185071882215
Meta,2025-11-08,1.5581251236758842,25.327182637603677
Meta,2025-11-09,10.38776952629692,23.66231635097272
Meta,2025-11-10,1.5908071548210216,24.552992930896792
Meta,2025-11-11,6.975210329072389,24.63198481328479
Meta,2025-11-12,17.833658990075033,24.205412899274748
Meta,2025-11-13,8.768283167192413,24.140009636395277
Meta,2025-11-14,3.467705094840849,24.114688405277334
Meta,2025-11-15,6.820816906563236,24.06215290352576
Meta,2025-11-16,18.749133876706768,23.385549355623944
Meta,2025-11-17,1.574081879048107,23.51156187638909
Meta,2025-11-18,2.9500935903088834,24.250794156884776
Meta,2025-11-19,9.75374283463182,24.70434617355812
Meta,2025-11-20,12.604623870205868,24.40054383534108
Meta,2025-11-21,2.7305396663039625,24.49887866221901
Meta,2025-11-22,3.276148730868074,25.053270558682907
Meta,2025-11-23,5.768473396399827,25.06877197475994
Meta,2025-11-24,10.09251721878725,24.0702783812634
Meta,2025-11-25,6.744640070893619,23.396744951451
Meta,2025-11-26,3.1835558691625816,24.02710833288705
Meta,2025-11-27,4.03116695249737,24.936724444588712
Meta,2025-11-28,0.9761311562768128,24.481170676846737
Meta,2025-11-29,0.5640593784908392,24.600147459862598
Meta,2025-11-30,0.9449241994517126,24.744062046804224
Meta,2025-12-01,10.484889320834268,24.55538403317813
Meta,2025-12-02,9.519046792324556,24.614042389184156
Meta,2025-12-03,0.3631373953457458,24.93084093236033
Meta,2025-12-04,4.766159816086082,25.22808655310225
Meta,2025-12-05,0.821637726363497,24.71525090369745
Meta,2025-12-06,1.8593264238422191,24.580422173569666
Meta,2025-12-07,4.313605667938703,24.249527370832052
Meta,2025-12-08,1.1083275958791932,24.48568382687296
Meta,2025-12-09,0.1153534695608212,24.63914272349116
Meta,2025-12-10,0.0185223445898609,24.834287035885
Meta,2025-12-11,2.0088434716206427,24.756345494256585
Meta,2025-12-12,1.856748112129393,25.03187294051778
Meta,2025-12-13,0.1738957858070449,25.19570400744247
Meta,2025-12-14,0.0,25.28052120338346
Meta,2025-12-15,0.0,25.011757079056306
Meta,2025-12-16,0.0176595424986942,25.31878154846988
Meta,2025-12-17,0.2754109871941488,25.44310656534767
Meta,2025-12-18,0.574982227030597,25.39078990609256
Meta,2025-12-19,0.6954260658164837,25.27925833987205
Meta,2025-12-20,0.4723978136849672,25.34097316359086
Meta,2025-12-21,0.0613848955354187,24.84744700388544
Meta,2025-12-22,0.8513679267766698,25.22859710324104
Meta,2025-12-23,0.0777754147406681,26.020330807858443
Meta,2025-12-24,0.0,25.68702146729016
Meta,2025-12-25,1.5487069203464288,25.504112144024976
Meta,2025-12-26,0.004388713188784,25.36681858326668
Meta,2025-12-27,0.059410991808944,25.283188470159217
Meta,2025-12-28,0.0,24.96041199821564
Meta,2025-12-29,0.3928544651286039,24.790896651692663
Meta,2025-12-30,4.282113852140364,24.47138817052337
Meta,2025-12-31,7.181081267794749,24.449365747572017
Meta,2026-01-01,15.123247744081551,24.362507927981294
Meta,2026-01-02,13.958866148617066,24.20666213829189
Meta,2026-01-03,11.829465365567046,24.21170504352897
Meta,2026-01-04,10.187359573257751,24.402619471889025
Meta,2026-01-05,6.01358403706309,25.061245920939083
Meta,2026-01-06,35.64046032944563,23.8618218811769
Meta,2026-01-07,4.71071314944792,23.59674692502716
Meta,2026-01-08,0.2178065187893162,24.503633796364305
Meta,2026-01-09,0.0194956815809263,24.776836533117667
Meta,2026-01-10,0.073264743794915,24.524428333510205
Meta,2026-01-11,3.979896077315453,23.6747249806198
Meta,2026-01-12,3.9187823280084273,23.734207123739274
Meta,2026-01-13,4.66272037956847,23.28562861241148
Meta,2026-01-14,1.0455581916546997,23.23021742065329
Meta,2026-01-15,5.9598211123159786,23.784048179566277
Meta,2026-01-16,5.230594941834446,23.962593090135087
Meta,2026-01-17,7.741298481135988,24.18549133774229
Meta,2026-01-18,3.774569974395794,24.4910902329785
Meta,2026-01-19,0.3821065861902981,24.80419911062034
Meta,2026-01-20,0.1245878702977743,25.224834137503805
Meta,2026-01-21,0.0,25.22903820739501
Meta,2026-01-22,0.2355140018977128,24.964840335393777
Meta,2026-01-23,0.0,25.15168222654801
Meta,2026-01-24,0.0306393708023641,25.40079152727146
Meta,2026-01-25,0.0696951946484354,25.37908202335866
Meta,2026-01-26,0.2269863491058054,25.4882089024135
Meta,2026-01-27,5.510479363995464,25.30894691033081
Meta,2026-01-28,2.754088987249779,25.06594593891572
Meta,2026-01-29,5.409254740664015,24.676600501151302
Meta,2026-01-30,16.22780628631185,23.97652376101015
Meta,2026-01-31,17.560075786855737,23.505627906766208
Meta,2026-02-01,2.254502452436327,24.58860402830913
Meta,2026-02-02,2.7017457141278927,25.226119888381884
Meta,2026-02-03,4.728430161434639,25.237797613816007
Meta,2026-02-04,2.221185865707097,25.205280103887297
Meta,2026-02-05,0.879563653870008,25.372108642260507
Meta,2026-02-06,1.86667175330425,25.676394242482644
Meta,2026-02-07,0.8184015161182254,25.704559327839306
Meta,2026-02-08,0.4998078123811003,25.77722357799472
Meta,2026-02-09,1.658157902124546,25.5455426675
Meta,2026-02-10,0.0,25.802529393855565
Meta,2026-02-11,0.0005103077266546583,25.9893994687409
Meta,2026-02-12,0.2288704285577788,25.90726576498487
Meta,2026-02-13,0.062848024435896,26.01217357459647
Meta,2026-02-14,4.439386828256063,25.32564423193956
Meta,2026-02-15,17.245103924558755,24.71109211622019
Meta,2026-02-16,16.563783980686456,23.63330678046789
Meta,2026-02-17,6.262951145730735,24.14489514874837
Meta,2026-02-18,9.392825720515985,23.508293005190964
Meta,2026-02-19,3.215947961657736,23.771009952097334
Meta,2026-02-20,2.2891022917771764,23.8595131916578
Meta,2026-02-21,3.687577249686394,24.38478579539258
Meta,2026-02-22,1.0881137289053564,24.97166456043356
Meta,2026-02-23,1.7883974164664167,25.30809891410224
Meta,2026-02-24,0.7758188625818109,25.71237601333131
Meta,2026-02-25,0.2159659867391604,25.983282268875733
Meta,2026-02-26,0.2685915141564944,26.09225946598974
Meta,2026-02-27,0.0120131006921845,26.150489795021805
Meta,2026-02-28,0.0,26.475118072931263
Meta,2026-03-01,0.000657422078753182,26.66983514233001
Meta,2026-03-02,0.0263164787872467,26.77530881193259
Meta,2026-03-03,0.3780589697092228,26.94677827389716
Meta,2026-03-04,0.0094845892085439,27.025795553858742
Meta,2026-03-05,1.2486171457715345,26.99632613884673
Meta,2026-03-06,0.0508330353271572,27.06264275640921
Meta,2026-03-07,0.0059614435656548,26.82871199082067
Meta,2026-03-08,0.7151754206814419,27.00969961319553
Meta,2026-03-09,1.779782705759263,26.75633681834593
Meta,2026-03-10,1.8837225694132849,26.245513464602805
Meta,2026-03-11,3.1503590292476846,25.37059365939478
Meta,2026-03-12,13.291455782319888,24.625989696121643
Meta,2026-03-13,1.4244541582314472,24.90400926612353
Meta,2026-03-14,18.22467602602279,25.12409451503873
Meta,2026-03-15,0.02001563090817,25.680952359066552
Meta,2026-03-16,0.0,26.381333957841694
Meta,2026-03-17,0.0736291864260767,26.548888840756227
Meta,2026-03-18,5.956811711591189,26.535414756117905
Meta,2026-03-19,5.6034228978861504,26.628084349020213
Meta,2026-03-20,0.0001528726991681257,27.04427233762074
Meta,2026-03-21,0.0,27.663910652591607
Meta,2026-03-22,0.0114145785562864,28.22452758420473
Meta,2026-03-23,0.1548272451604094,28.00745217245983
Meta,2026-03-24,0.0713641329409007,27.55573352052314
Meta,2026-03-25,1.1791189386603955,28.12808713318701
Meta,2026-03-26,0.0155463681258762,27.76164397392412
Meta,2026-03-27,20.156018321283295,26.40130470034853
Meta,2026-03-28,6.366795092381734,25.76432436664004
Meta,2026-03-29,28.199887557134957,24.849639759218636
Meta,2026-03-30,32.86767130180711,23.37398323414332
Meta,2026-03-31,10.463911906763435,23.623186940274312
Meta,2026-04-01,14.867275802014325,24.12609858992636
Meta,2026-04-02,23.561181360513125,24.492047592998063
Meta,2026-04-03,2.3194903251748458,24.93162634412288
Meta,2026-04-04,5.471316710218829,25.13078403853967
Meta,2026-04-05,26.801710332590165,24.095000360617984
Meta,2026-04-06,3.6213155797288255,24.817976307490845
Meta,2026-04-07,23.402882183511448,24.93411530309469
Meta,2026-04-08,22.826236809501207,24.60481778810339
Meta,2026-04-09,29.851767271031992,24.24402010517638
Meta,2026-04-10,13.662780899655433,24.01097149373192
Meta,2026-04-11,5.443332563102341,24.79509573234344
Meta,2026-04-12,11.498824380660103,25.469868010259283
Meta,2026-04-13,3.653972819765567,25.737068070707924
Meta,2026-04-14,6.925675813987429,25.601156906308585
Meta,2026-04-15,18.390933207254715,24.7552719808372
Meta,2026-04-16,14.374754023337598,24.847320027223716
Meta,2026-04-17,25.70167237839743,23.320169810450995
Meta,2026-04-18,0.6403255795342835,23.889246134106862
Meta,2026-04-19,0.0611939335249013,24.891515932101573
Meta,2026-04-20,10.009342604520205,25.1023126837122
Meta,2026-04-21,20.198326840130985,24.578606085180898
Meta,2026-04-22,4.807233762573024,24.94252431047942
Meta,2026-04-23,31.86877528304974,23.97688900932738
Meta,2026-04-24,5.16262643288187,24.841318049170734
Meta,2026-04-25,25.420674612527023,23.6947521711232
Meta,2026-04-26,11.953607533100138,23.944288824160004
Meta,2026-04-27,1.940358226947162,24.48513103500576
Meta,2026-04-28,12.121333902947857,24.856414255218755
Meta,2026-04-29,31.950235558058065,24.12236003589384
Meta,2026-04-30,1.4751173464803475,25.268194918072066
Meta,2026-05-01,5.748490587041061,25.097696383772107
Meta,2026-05-02,35.37294308469678,24.30319110276201
Meta,2026-05-03,16.331379201564694,24.262681666152293
Meta,2026-05-04,5.060053901567971,23.66004079064625
Meta,2026-05-05,19.79069232846036,24.34782778365592
Meta,2026-05-06,19.47578602928074,24.74406744360427
Meta,2026-05-07,16.7647486522198,24.47083589294723
Meta,2026-05-08,3.3806753467665214,25.269593535539904
Meta,2026-05-09,0.3828827517641885,25.61377311176244
Meta,2026-05-10,2.2846171266954323,24.561146525619563
Meta,2026-05-11,10.662754665887192,23.845473827905757
Meta,2026-05-12,0.150759431219494,22.545678720580483
Meta,2026-05-13,1.4929687254544028,22.897195529611537
Meta,2026-05-14,6.49464497348109,23.716799312053464
Meta,2026-05-15,23.770421981636463,24.182258458893383
Meta,2026-05-16,16.447469817380053,24.10757718918562
Meta,2026-05-17,5.341824452820408,23.547711155897066
Meta,2026-05-18,15.289129896626884,23.62375205657264
Meta,2026-05-19,11.91167645378664,23.82390491643073
Meta,2026-05-20,6.503060527845115,24.097879480067192
Meta,2026-05-21,43.74661196240855,23.043244810604165
Meta,2026-05-22,17.26769409794931,22.60166441500123
Meta,2026-05-23,0.0,22.90728729511528
Meta,2026-05-24,0.0,22.79137685495134
Meta,2026-05-25,0.7281657064376431,23.017601918058663
Meta,2026-05-26,28.89467279659944,23.287729655514216
Meta,2026-05-27,28.5925608536963,23.46728442629976
Meta,2026-05-28,10.454081005633933,23.50376981951068
Meta,2026-05-29,7.778059431556652,23.659254442286624
Meta,2026-05-30,6.443912128541648,23.912283512833856
Meta,2026-05-31,13.698797336158917,23.355500253522912
Tolima,2018-01-01,12.783651504484816,18.2926843209326
Tolima,2018-01-02,7.762049324657703,18.541075078896828
Tolima,2018-01-03,2.939431484454822,18.916894578844197
Tolima,2018-01-04,5.265494334263758,19.48582953546355
Tolima,2018-01-05,8.675251248163654,19.120659675618857
Tolima,2018-01-06,7.013268131680284,18.597561648830705
Tolima,2018-01-07,0.0,19.157926071409044
Tolima,2018-01-08,2.51599421213958,19.591475345261596
Tolima,2018-01-09,12.131132195711045,18.85850611850335
Tolima,2018-01-10,16.76528854156427,18.573249230717
Tolima,2018-01-11,1.8102894813567545,19.0028931239964
Tolima,2018-01-12,17.075685913664337,18.145633040744816
Tolima,2018-01-13,9.952667104706912,17.838966901588858
Tolima,2018-01-14,9.32079937550964,18.24611568667012
Tolima,2018-01-15,7.88489113367479,18.26738460036565
Tolima,2018-01-16,5.894600379729649,18.737760812168396
Tolima,2018-01-17,5.0734671756894905,18.481552150635483
Tolima,2018-01-18,3.7551403499402976,18.237310537289112
Tolima,2018-01-19,0.0503273515242173,18.28274065923181
Tolima,2018-01-20,0.6781218844554096,18.68091931254604
Tolima,2018-01-21,0.0,18.7699354028535
Tolima,2018-01-22,0.982017187919075,19.275285610760136
Tolima,2018-01-23,5.260317776745636,18.897473844288356
Tolima,2018-01-24,0.0602317412924861,19.697743320581857
Tolima,2018-01-25,0.3650083065322394,19.80057085024829
Tolima,2018-01-26,1.99753460295391,19.759803643677145
Tolima,2018-01-27,0.1168582517772072,20.360614178599405
Tolima,2018-01-28,1.50929471160338,20.293497607347163
Tolima,2018-01-29,0.0373097659279517,20.61409267717486
Tolima,2018-01-30,6.994987783642067,20.186439788046293
Tolima,2018-01-31,1.677614449266317,20.46987388078161
Tolima,2018-02-01,0.0,20.87501104047534
Tolima,2018-02-02,15.05855752673144,20.979917526263968
Tolima,2018-02-03,13.444930804738345,19.8307239442328
Tolima,2018-02-04,0.0450307244410204,20.070327504727327
Tolima,2018-02-05,0.8574781578261645,20.59835916652502
Tolima,2018-02-06,5.918692937470773,20.299090444922903
Tolima,2018-02-07,0.9250576153402852,20.51655069803309
Tolima,2018-02-08,0.0014206666513192,20.642724880925027
Tolima,2018-02-09,0.0,20.67406105847956
Tolima,2018-02-10,0.0,20.84241749711746
Tolima,2018-02-11,1.121450429423766,20.77192225436808
Tolima,2018-02-12,0.0,20.731126630458
Tolima,2018-02-13,0.0190894269396501,20.636320256201664
Tolima,2018-02-14,0.4189087298307847,20.16975873497772
Tolima,2018-02-15,2.051188430443326,20.617198094350773
Tolima,2018-02-16,2.494604294858944,20.289541150748303
Tolima,2018-02-17,11.96478824561811,20.70924415548536
Tolima,2018-02-18,21.913717087924592,20.085082372134
Tolima,2018-02-19,21.05358289413389,19.748242653664438
Tolima,2018-02-20,5.3329535109973145,19.93548391240232
Tolima,2018-02-21,0.0431158981971377,20.1098585695938
Tolima,2018-02-22,1.055911102115277,19.972238404495645
Tolima,2018-02-23,0.1368092668903143,19.49942883983232
Tolima,2018-02-24,1.079035114327222,18.689079334187817
Tolima,2018-02-25,0.2856553981741545,18.64826685798262
Tolima,2018-02-26,0.0911898914293752,19.11162378747777
Tolima,2018-02-27,0.0151126657146206,19.423616568383903
Tolima,2018-02-28,0.013389224040376,19.823199625398253
Tolima,2018-03-01,0.0,19.52579237090312
Tolima,2018-03-02,2.8185188363578466,18.984423012891877
Tolima,2018-03-03,1.1116943505906958,19.3741036725604
Tolima,2018-03-04,3.047853752519912,19.35506665903854
Tolima,2018-03-05,6.14003322217235,19.271401376823345
Tolima,2018-03-06,0.679544588847708,18.98151634242856
Tolima,2018-03-07,0.0,19.904329381948457
Tolima,2018-03-08,0.6048696951045115,20.49419033218701
Tolima,2018-03-09,2.2859161657230445,21.067648538337256
Tolima,2018-03-10,0.0,21.138800391387974
Tolima,2018-03-11,0.0,21.59537775527085
Tolima,2018-03-12,0.0,21.876985481666903
Tolima,2018-03-13,0.0,21.63043954264955
Tolima,2018-03-14,0.0,21.588152018299255
Tolima,2018-03-15,6.5049624497507,21.06974590230322
Tolima,2018-03-16,3.205866486432764,20.882675256768028
Tolima,2018-03-17,3.722367239568207,21.29095832177888
Tolima,2018-03-18,2.353770457368165,21.09043034866531
Tolima,2018-03-19,4.329085805198139,20.761059124663404
Tolima,2018-03-20,10.588046751565004,20.63336420414453
Tolima,2018-03-21,5.243058069823818,19.744857332753853
Tolima,2018-03-22,10.117045486011314,19.424433330085986
Tolima,2018-03-23,10.888546056135654,19.961324732484915
Tolima,2018-03-24,25.853032022323536,19.28988320028613
Tolima,2018-03-25,0.5473127327289694,20.13510861009887
Tolima,2018-03-26,3.007824953961634,20.283841534920576
Tolima,2018-03-27,5.8162854603471175,20.0099541598714
Tolima,2018-03-28,12.060666271826662,19.45364031338389
Tolima,2018-03-29,16.095289776944725,19.1273909366452
Tolima,2018-03-30,11.76301097822778,19.07722511294413
Tolima,2018-03-31,22.62038432854267,18.713091277335696
Tolima,2018-04-01,22.154266606074877,18.25961810157799
Tolima,2018-04-02,5.105182336615332,18.260477452481272
Tolima,2018-04-03,4.375420578985416,18.45774507236518
Tolima,2018-04-04,20.853372221648485,18.43134469720076
Tolima,2018-04-05,6.642417281743281,18.626357079934976
Tolima,2018-04-06,13.982448040480914,17.460809632609465
Tolima,2018-04-07,2.351546974106534,17.885760339896844
Tolima,2018-04-08,1.7546945450727252,18.80759397840399
Tolima,2018-04-09,0.7758150287257857,19.453744477455192
Tolima,2018-04-10,18.775477820776896,18.414156138182285
Tolima,2018-04-11,7.097383444261023,17.880632119396015
Tolima,2018-04-12,10.405954634319803,18.187476985239623
Tolima,2018-04-13,1.7787324621978569,18.492182240121853
Tolima,2018-04-14,29.831605140037883,17.73239516038055
Tolima,2018-04-15,0.0,19.026571767678085
Tolima,2018-04-16,1.1315712982587025,19.56442540101014
Tolima,2018-04-17,4.58725630096649,18.80819440538147
Tolima,2018-04-18,3.748460551339962,18.97588212113624
Tolima,2018-04-19,1.9397938988478247,19.178972756521443
Tolima,2018-04-20,15.723533763901838,18.26131092809973
Tolima,2018-04-21,0.0450859136688315,18.75886341813572
Tolima,2018-04-22,2.1259434965143327,19.162656672556007
Tolima,2018-04-23,1.2039170014763998,19.147575717684063
Tolima,2018-04-24,4.519182375514773,19.73893569683884
Tolima,2018-04-25,8.28460747393586,19.30247438435485
Tolima,2018-04-26,8.8790734994148,19.477755980985734
Tolima,2018-04-27,5.944719213756598,19.189801983392595
Tolima,2018-04-28,1.108366540896491,19.06508771106534
Tolima,2018-04-29,21.97355411699798,17.980846543230207
Tolima,2018-04-30,0.1130803299221968,18.190081007157136
Tolima,2018-05-01,0.092749139899254,19.268255429444537
Tolima,2018-05-02,2.908806896448623,19.17753407995736
Tolima,2018-05-03,3.3317220360823274,19.642308584751188
Tolima,2018-05-04,22.028327023854903,19.424932009904296
Tolima,2018-05-05,11.76423745589657,19.10972517939947
Tolima,2018-05-06,9.621027861403183,18.90777696611699
Tolima,2018-05-07,10.614625309783996,18.32009785838373
Tolima,2018-05-08,7.859970143829058,18.05466697392773
Tolima,2018-05-09,7.108129555258388,17.86083586262887
Tolima,2018-05-10,14.891019760074403,18.158945478815507
Tolima,2018-05-11,3.400626177600214,18.51174026152085
Tolima,2018-05-12,8.467432506879051,19.04137332536044
Tolima,2018-05-13,13.240700228663387,18.342554219594632
Tolima,2018-05-14,18.45763428305658,18.46590712005878
Tolima,2018-05-15,1.961479710184028,18.058742322685728
Tolima,2018-05-16,7.39714643034476,18.941976100819115
Tolima,2018-05-17,5.0080869183091705,19.129956451093925
Tolima,2018-05-18,7.189012881906852,19.03922814729492
Tolima,2018-05-19,8.905931706037379,18.91129502997235
Tolima,2018-05-20,10.97758013909263,18.4211953305763
Tolima,2018-05-21,17.852430526049673,18.649928901549973
Tolima,2018-05-22,0.1019848337362476,18.915268044348668
Tolima,2018-05-23,17.579032217309024,18.054185366358585
Tolima,2018-05-24,0.3808004547261759,18.7060629895334
Tolima,2018-05-25,0.1600322802271626,19.17029511218101
Tolima,2018-05-26,2.182051497236729,19.02128521489732
Tolima,2018-05-27,3.3499096906616304,18.8774039753974
Tolima,2018-05-28,14.095222862511386,17.94277720204648
Tolima,2018-05-29,0.1809067697952258,19.124291513595317
Tolima,2018-05-30,21.81888911104298,18.93865075885269
Tolima,2018-05-31,8.721044109524305,19.64899028623153
Tolima,2018-06-01,8.6729663964518,19.019347884971324
Tolima,2018-06-02,4.188533307117676,18.74483717241763
Tolima,2018-06-03,5.036324295057672,19.01425041681274
Tolima,2018-06-04,1.8634686868567256,19.148032944404004
Tolima,2018-06-05,2.9072725740026564,18.908152531937755
Tolima,2018-06-06,1.677266498955242,19.25977330173391
Tolima,2018-06-07,0.174351428853035,19.704686411417764
Tolima,2018-06-08,0.0052024388548397,20.061540003787336
Tolima,2018-06-09,0.2559046831100223,19.701637285152792
Tolima,2018-06-10,2.143042102461381,19.19544892093243
Tolima,2018-06-11,3.436299546525559,18.70405033274846
Tolima,2018-06-12,9.17419544547556,18.430943553785166
Tolima,2018-06-13,1.4646679992476563,19.15273151366497
Tolima,2018-06-14,1.631036668060661,18.322344191871057
Tolima,2018-06-15,0.0213219812541663,19.226945152099955
Tolima,2018-06-16,0.0463942115287464,18.85231116767569
Tolima,2018-06-17,0.1844172758344109,18.58327229692185
Tolima,2018-06-18,0.074950261537252,18.680758480863712
Tolima,2018-06-19,0.0,18.617216733008256
Tolima,2018-06-20,0.0,18.640496839519813
Tolima,2018-06-21,0.0,18.42802316816157
Tolima,2018-06-22,0.0249790755141063,18.97046804440032
Tolima,2018-06-23,3.060163824435482,19.08241134316641
Tolima,2018-06-24,4.250452360664115,18.873051116703824
Tolima,2018-06-25,0.4489796050452645,19.01793669372696
Tolima,2018-06-26,0.7769998758576757,19.20426931462592
Tolima,2018-06-27,0.0328934565352449,19.078522024351827
Tolima,2018-06-28,16.04694859376658,18.16767414905645
Tolima,2018-06-29,1.2757089399686454,18.063127541071477
Tolima,2018-06-30,7.65875669602316,18.04513048770876
Tolima,2018-07-01,1.171164634425782,18.38235678862433
Tolima,2018-07-02,3.654871782871413,19.029172089616846
Tolima,2018-07-03,5.33040305962702,18.302009834181963
Tolima,2018-07-04,0.0347857945929434,18.297868813780468
Tolima,2018-07-05,0.2441481946853347,18.91398625849893
Tolima,2018-07-06,0.2354253540264575,19.017647015928283
Tolima,2018-07-07,0.2535317539190697,18.35544375725221
Tolima,2018-07-08,0.1135559571689341,19.361739465433065
Tolima,2018-07-09,4.526711659943534,19.19120205615375
Tolima,2018-07-10,0.2388651784512237,19.17621181845073
Tolima,2018-07-11,0.6316697235171884,19.115506631256807
Tolima,2018-07-12,0.0,19.287425213786964
Tolima,2018-07-13,0.0829553504878416,19.34187334388077
Tolima,2018-07-14,0.0473528615181222,19.62510823452688
Tolima,2018-07-15,0.2799722573421417,19.8139898305755
Tolima,2018-07-16,0.0,19.737237698750587
Tolima,2018-07-17,0.0150576755767414,19.590334241224237
Tolima,2018-07-18,0.5146777673868299,18.853808686910043
Tolima,2018-07-19,0.0,19.840278446152617
Tolima,2018-07-20,1.729489199107202,19.631740599570616
Tolima,2018-07-21,0.0167975571271039,19.42885092855772
Tolima,2018-07-22,5.857674225602738,19.30622472741816
Tolima,2018-07-23,0.3203219942331988,19.43510477740544
Tolima,2018-07-24,10.765181614155738,18.708730733521584
Tolima,2018-07-25,0.0,19.02931998514025
Tolima,2018-07-26,0.1854957671482936,19.625070527402418
Tolima,2018-07-27,3.444196598850265,19.20323278694008
Tolima,2018-07-28,4.475167482890684,18.667294693461795
Tolima,2018-07-29,0.8268131297288954,18.923121610716787
Tolima,2018-07-30,0.428961569012347,18.37114972811332
Tolima,2018-07-31,15.658702934762012,17.51917445889991
Tolima,2018-08-01,0.1415661400062534,18.56560606447002
Tolima,2018-08-02,0.0878677062051104,19.023708871310102
Tolima,2018-08-03,2.343839204254405,18.93617696132357
Tolima,2018-08-04,5.074630014312731,18.002263463764425
Tolima,2018-08-05,10.671165696870773,18.175270629106496
Tolima,2018-08-06,0.01961954677788,19.25681026641168
Tolima,2018-08-07,0.4929715995738831,19.060569099458235
Tolima,2018-08-08,0.1841174956576747,19.203880079486105
Tolima,2018-08-09,0.0505226382798232,19.42815345692954
Tolima,2018-08-10,0.0,19.37929389349105
Tolima,2018-08-11,0.0,19.05946577336361
Tolima,2018-08-12,0.0,19.35026913790651
Tolima,2018-08-13,0.0089366199723699,19.627966299900983
Tolima,2018-08-14,4.926817862571633,19.562862547156318
Tolima,2018-08-15,1.4709915721857922,19.517014959896294
Tolima,2018-08-16,0.0150701396797746,19.995031677881336
Tolima,2018-08-17,1.2490714475554798,19.679403226994555
Tolima,2018-08-18,1.6062873892043172,19.85712335842472
Tolima,2018-08-19,0.8201167999080257,20.253574787177016
Tolima,2018-08-20,0.7323218928233761,20.37574928252604
Tolima,2018-08-21,0.118657620541356,20.07445940718167
Tolima,2018-08-22,0.9119550215795886,19.941189114864365
Tolima,2018-08-23,0.0190793681120063,20.145174568804336
Tolima,2018-08-24,11.85861667892434,20.070692242358398
Tolima,2018-08-25,0.0,20.400883844422232
Tolima,2018-08-26,0.0652622005275662,20.7305378105861
Tolima,2018-08-27,3.630318492377955,19.852280223400577
Tolima,2018-08-28,0.0,20.136464153090078
Tolima,2018-08-29,0.0003143941473152793,20.202349295073702
Tolima,2018-08-30,1.4130792140195414,20.493857066017917
Tolima,2018-08-31,0.0577990838918589,20.810631838529343
Tolima,2018-09-01,0.178978400029938,20.807621360318027
Tolima,2018-09-02,1.8714557437697608,21.180137476353075
Tolima,2018-09-03,7.560451902821388,21.09346626740957
Tolima,2018-09-04,4.442168746761788,20.58923439681325
Tolima,2018-09-05,0.0,20.110265889294656
Tolima,2018-09-06,0.0984495894475723,20.05789386561716
Tolima,2018-09-07,0.0720308768440364,20.28987442156055
Tolima,2018-09-08,0.6206249313395015,20.495128413854168
Tolima,2018-09-09,1.3371915364922429,20.780579606740247
Tolima,2018-09-10,0.479850600399993,21.19435049524769
Tolima,2018-09-11,0.2411046341976574,21.014738871944736
Tolima,2018-09-12,0.5493039938049366,21.249070886709948
Tolima,2018-09-13,18.56929154423357,20.6355637436085
Tolima,2018-09-14,18.439099307489563,18.040261135732653
Tolima,2018-09-15,14.062585851826949,17.95375046301325
Tolima,2018-09-16,5.751205507052916,18.36109249831608
Tolima,2018-09-17,0.5383385089271794,19.23859389143692
Tolima,2018-09-18,3.355712486828773,20.39514795002982
Tolima,2018-09-19,3.0255044676927967,20.61192163012649
Tolima,2018-09-20,0.4938752190499881,21.011740898287023
Tolima,2018-09-21,0.2125434348915126,20.673683093695
Tolima,2018-09-22,0.823870084573612,20.747090204802344
Tolima,2018-09-23,0.0017895813891608,20.73763970517133
Tolima,2018-09-24,0.2625179045396685,21.059010960716854
Tolima,2018-09-25,0.0168548396156603,20.660647923578797
Tolima,2018-09-26,0.6872250607518212,20.592622216484877
Tolima,2018-09-27,8.313861039758168,20.19514636343632
Tolima,2018-09-28,2.512809470669425,20.30876814369821
Tolima,2018-09-29,5.483322532559749,21.20746377681388
Tolima,2018-09-30,8.93984690725322,21.402535456611595
Tolima,2018-10-01,7.92272540883687,21.04685084234737
Tolima,2018-10-02,29.510169226418714,20.74460792158601
Tolima,2018-10-03,1.7971628284089864,20.25266818595024
Tolima,2018-10-04,19.597596284946466,19.2971195329236
Tolima,2018-10-05,5.505937712587797,18.94278956497204
Tolima,2018-10-06,29.59964910898684,18.203048842870366
Tolima,2018-10-07,1.0980357314346,18.342762098371875
Tolima,2018-10-08,23.73945693857191,19.323065936590403
Tolima,2018-10-09,20.7957381053906,19.134511441464824
Tolima,2018-10-10,5.3559990524353465,18.577007288256024
Tolima,2018-10-11,36.85620874515375,17.827960817481227
Tolima,2018-10-12,0.4430798375721759,18.585301051926272
Tolima,2018-10-13,4.116204639078723,18.30156312855572
Tolima,2018-10-14,1.2906636999470733,18.695845858405697
Tolima,2018-10-15,8.009182796742785,18.841969496111314
Tolima,2018-10-16,6.122177541655455,19.288617760656752
Tolima,2018-10-17,13.251949424052649,19.307576647713333
Tolima,2018-10-18,1.8380411850186005,19.317901125546378
Tolima,2018-10-19,4.428572976764519,18.847261898080884
Tolima,2018-10-20,6.278430722960127,19.1462265597818
Tolima,2018-10-21,8.078966319856267,18.4781062613863
Tolima,2018-10-22,0.1712939339992715,18.732434215506945
Tolima,2018-10-23,8.777815364495863,18.96635734990919
Tolima,2018-10-24,6.467001121134903,18.980618340872105
Tolima,2018-10-25,2.987905044376313,19.278942294240093
Tolima,2018-10-26,8.836363930241395,19.406085717991864
Tolima,2018-10-27,11.162747598858637,19.620315239524523
Tolima,2018-10-28,0.2225689992515497,19.591773974171414
Tolima,2018-10-29,20.26501720310711,18.962419085800462
Tolima,2018-10-30,6.718237890152079,19.46664378094233
Tolima,2018-10-31,3.772363038656463,19.53057411276316
Tolima,2018-11-01,2.9939127951256586,19.82920245661755
Tolima,2018-11-02,10.027426976817578,18.950316443714904
Tolima,2018-11-03,11.438436823228557,18.829821885100152
Tolima,2018-11-04,3.041131219772501,19.022611115611685
Tolima,2018-11-05,14.75446239733592,18.519357264002224
Tolima,2018-11-06,0.71695284331466,18.57726420620746
Tolima,2018-11-07,2.2235146062847253,19.231593897387835
Tolima,2018-11-08,2.0454059383151386,19.450784727548434
Tolima,2018-11-09,22.45010565249296,19.338198422941648
Tolima,2018-11-10,2.589005279747544,19.220512258908265
Tolima,2018-11-11,4.642681424429132,19.30112450729017
Tolima,2018-11-12,9.370847628448882,19.88753960069593
Tolima,2018-11-13,3.4076075082828408,19.85580298598493
Tolima,2018-11-14,5.665519186715332,20.19220428042336
Tolima,2018-11-15,1.5610049844225364,19.86881165077964
Tolima,2018-11-16,3.50156507075428,19.606908222386803
Tolima,2018-11-17,12.50877118942534,20.242328776493
Tolima,2018-11-18,16.852707393134963,20.16183250123387
Tolima,2018-11-19,34.9812414447433,19.78818807296453
Tolima,2018-11-20,7.029053220841964,20.02810423974162
Tolima,2018-11-21,14.02496102925995,19.604567448082918
Tolima,2018-11-22,2.376505768408314,19.463907535990085
Tolima,2018-11-23,4.00376687752822,19.56316615032128
Tolima,2018-11-24,0.4809352666824709,19.435610453819656
Tolima,2018-11-25,10.602673690522634,19.97342743780416
Tolima,2018-11-26,4.542306304960938,19.251841032289637
Tolima,2018-11-27,16.84945778996658,19.077130172363415
Tolima,2018-11-28,15.539464187093012,18.374290399733265
Tolima,2018-11-29,2.8474775060399566,19.050364233399925
Tolima,2018-11-30,9.248639791791062,18.59861188872674
Tolima,2018-12-01,11.595374337575938,18.75077140335451
Tolima,2018-12-02,2.715118839165038,18.875000233697044
Tolima,2018-12-03,0.0,19.198592359844987
Tolima,2018-12-04,0.1239580188172314,18.821072875185624
Tolima,2018-12-05,5.539782605199386,18.6700086223179
Tolima,2018-12-06,4.286437768364353,18.469195181529365
Tolima,2018-12-07,1.1180712373340218,18.95850872643165
Tolima,2018-12-08,0.0459387566580541,19.416795571058973
Tolima,2018-12-09,3.1762909077899217,19.565747602224548
Tolima,2018-12-10,0.0,20.23742613883382
Tolima,2018-12-11,0.4759815704194433,19.990275325274688
Tolima,2018-12-12,0.0,20.05388869339197
Tolima,2018-12-13,2.565794168266459,20.127388905556938
Tolima,2018-12-14,3.511826540623772,19.067187115388705
Tolima,2018-12-15,0.1126551966455913,19.030817794753677
Tolima,2018-12-16,0.0841648887025622,19.282184663817567
Tolima,2018-12-17,1.3617880553935984,19.86438164887685
Tolima,2018-12-18,0.8638506032555661,19.916587863692435
Tolima,2018-12-19,0.1288721627351642,20.08608895776656
Tolima,2018-12-20,1.787114676562468,19.97124977328841
Tolima,2018-12-21,13.874854742803402,19.904159517613905
Tolima,2018-12-22,0.6567496061549674,19.897981708058005
Tolima,2018-12-23,0.0230633631461662,19.77819486910169
Tolima,2018-12-24,7.779253992502428,20.081982978943746
Tolima,2018-12-25,0.0784436478935034,20.124496386365337
Tolima,2018-12-26,1.0480945627119682,20.223233036165123
Tolima,2018-12-27,5.919691612540661,20.26717534706158
Tolima,2018-12-28,0.2159813489463748,20.605518234616408
Tolima,2018-12-29,0.0,20.263041267829276
Tolima,2018-12-30,0.2933525774242619,20.43034277498209
Tolima,2018-12-31,0.0277112589226676,20.025126755645747
Tolima,2019-01-01,0.0,20.399691705600013
Tolima,2019-01-02,0.0,20.824468011281372
Tolima,2019-01-03,0.4740117422616534,20.296834009112168
Tolima,2019-01-04,0.1059679435318533,20.71478517123699
Tolima,2019-01-05,0.0912236343183599,20.80132048417914
Tolima,2019-01-06,6.935666123024616,21.22492886038266
Tolima,2019-01-07,19.984341054636182,20.032147542402072
Tolima,2019-01-08,5.524548978847683,19.3933180528822
Tolima,2019-01-09,5.418223902221866,18.974393939939898
Tolima,2019-01-10,2.243695351879824,17.966339221601906
Tolima,2019-01-11,0.2063383765872678,18.323178270325887
Tolima,2019-01-12,0.3077351020678711,18.62774685683233
Tolima,2019-01-13,0.0285233676960614,18.66581111578053
Tolima,2019-01-14,1.7927343823083493,18.85849924563855
Tolima,2019-01-15,0.036902062655713,19.313955091962743
Tolima,2019-01-16,2.5031409893865035,19.7173296590095
Tolima,2019-01-17,1.2108267569216564,19.965424811463595
Tolima,2019-01-18,0.4015534778827558,19.868659360681622
Tolima,2019-01-19,0.1760267579516205,20.21181386610278
Tolima,2019-01-20,0.0656636781551663,20.187680062951053
Tolima,2019-01-21,0.5803533198206119,19.91347344361277
Tolima,2019-01-22,0.0,20.62261775746448
Tolima,2019-01-23,0.0,20.967519738876145
Tolima,2019-01-24,0.0,21.10451091067601
Tolima,2019-01-25,0.08605836498537,20.996437037457664
Tolima,2019-01-26,0.0,21.802782163944578
Tolima,2019-01-27,0.0470221440420468,21.475493857212875
Tolima,2019-01-28,23.240149901608536,20.710398580248416
Tolima,2019-01-29,6.876255825748238,19.661569043645024
Tolima,2019-01-30,0.2291078987723408,20.7000217966633
Tolima,2019-01-31,0.0372657896042959,20.72632197772892
Tolima,2019-02-01,1.1364450413725156,20.52839159070307
Tolima,2019-02-02,2.123709276557778,20.25833658671388
Tolima,2019-02-03,0.0,21.05164145671038
Tolima,2019-02-04,0.0,20.9346426639314
Tolima,2019-02-05,0.5502958005058033,20.59906154539523
Tolima,2019-02-06,8.377984152424819,20.178530223070183
Tolima,2019-02-07,19.702317217954217,20.139024339311774
Tolima,2019-02-08,12.774350283622407,20.030280094850426
Tolima,2019-02-09,0.6883497566372121,20.12165901040397
Tolima,2019-02-10,0.4182074094860749,20.262712236085424
Tolima,2019-02-11,0.0,20.944301998934066
Tolima,2019-02-12,0.3896827463508815,21.234555109202702
Tolima,2019-02-13,0.0009940314049955083,21.31255446861104
Tolima,2019-02-14,1.7064880592255458,20.959337948522183
Tolima,2019-02-15,0.3941102375532406,21.751015938790307
Tolima,2019-02-16,0.99882558079366,21.77318804664392
Tolima,2019-02-17,5.997269451338879,21.05855081807309
Tolima,2019-02-18,17.189396577177636,20.856044214474174
Tolima,2019-02-19,4.725371638188771,20.6675229631238
Tolima,2019-02-20,25.53108753033423,20.33763695369616
Tolima,2019-02-21,7.791533070643288,19.8389855739282
Tolima,2019-02-22,0.1317869963344507,20.93430369473348
Tolima,2019-02-23,2.150236528607776,21.433349433348518
Tolima,2019-02-24,27.88832094871909,20.334313068780965
Tolima,2019-02-25,1.025611991625464,20.83560403582011
Tolima,2019-02-26,4.852745476944833,20.211220760389192
Tolima,2019-02-27,0.253002193157648,20.15134373721813
Tolima,2019-02-28,0.1314156251897449,20.54703794732334
Tolima,2019-03-01,0.1714455315838175,21.460775769092788
Tolima,2019-03-02,11.323490316114588,19.648773508512
Tolima,2019-03-03,0.942527551713254,19.38598089477534
Tolima,2019-03-04,3.563308970726804,20.263041176916435
Tolima,2019-03-05,19.74401215410227,20.28929641220365
Tolima,2019-03-06,1.213868383812987,20.973504222039317
Tolima,2019-03-07,15.240414108217538,20.65666557097627
Tolima,2019-03-08,3.7270872253981966,20.6955365507925
Tolima,2019-03-09,0.7536650898850217,21.18216638673536
Tolima,2019-03-10,12.13351638008186,21.26095557587851
Tolima,2019-03-11,3.762461263974031,20.067540246726534
Tolima,2019-03-12,8.895847083719522,20.792017764164548
Tolima,2019-03-13,0.3376624243769974,20.699617211676216
Tolima,2019-03-14,7.820062452628687,20.739322045846063
Tolima,2019-03-15,5.046750597236762,20.3641758812582
Tolima,2019-03-16,0.958173536843117,20.837342476823967
Tolima,2019-03-17,5.299533597430946,20.98126966840292
Tolima,2019-03-18,4.421713953168353,21.26700320144884
Tolima,2019-03-19,20.871888050836034,19.45965077304001
Tolima,2019-03-20,11.287586636962295,19.314287788951702
Tolima,2019-03-21,2.3328031503580795,19.693642751219294
Tolima,2019-03-22,12.85009737638599,19.440611682742567
Tolima,2019-03-23,14.309184818987289,19.281312457184885
Tolima,2019-03-24,14.321751692076491,19.53978442433211
Tolima,2019-03-25,0.8123657175195373,19.602424942771574
Tolima,2019-03-26,13.285923848646872,20.010166204889327
Tolima,2019-03-27,0.0,20.64504729451752
Tolima,2019-03-28,4.798360909782723,20.869788987723425
Tolima,2019-03-29,14.029241561607575,19.746618932721688
Tolima,2019-03-30,3.660901861720657,19.63896356819788
Tolima,2019-03-31,0.3852350514700973,20.80033614323441
Tolima,2019-04-01,10.295661471165658,19.81500638738677
Tolima,2019-04-02,24.999527867241177,18.86967522950697
Tolima,2019-04-03,0.3161663095489324,19.41727734453214
Tolima,2019-04-04,1.4135591873258468,19.886697180464992
Tolima,2019-04-05,7.96607789913177,19.31417846178781
Tolima,2019-04-06,10.40351211310057,19.487783879954467
Tolima,2019-04-07,0.3636101458194483,19.6511279537083
Tolima,2019-04-08,0.3617685323933914,20.44096064649723
Tolima,2019-04-09,4.6847291215472,20.37180607616804
Tolima,2019-04-10,11.92967428523974,20.52870671348113
Tolima,2019-04-11,3.089356295550553,19.905162462627853
Tolima,2019-04-12,5.843484397620148,20.51321567684893
Tolima,2019-04-13,1.3919647207738588,20.70923855791448
Tolima,2019-04-14,2.6648168777937884,21.157372437950457
Tolima,2019-04-15,23.69716104214814,19.33213521806145
Tolima,2019-04-16,0.5957975737738995,19.66518230371796
Tolima,2019-04-17,5.58668085591344,20.68946784094736
Tolima,2019-04-18,16.981068235494384,20.070696530773887
Tolima,2019-04-19,10.114139631486308,19.93254446224516
Tolima,2019-04-20,15.534947900999766,19.70152438146758
Tolima,2019-04-21,7.344056123994353,18.853818164053653
Tolima,2019-04-22,11.746103917812928,18.84964375357155
Tolima,2019-04-23,6.201542891677919,18.95077695071127
Tolima,2019-04-24,10.66406580466966,18.566114396083467
Tolima,2019-04-25,5.626955982677904,19.535772398276357
Tolima,2019-04-26,1.3082782384070168,19.843685748580903
Tolima,2019-04-27,6.048923681370544,20.01584171240974
Tolima,2019-04-28,2.4330480416583304,20.35728413007992
Tolima,2019-04-29,2.9278753085586464,20.245448820078337
Tolima,2019-04-30,0.2044609025304161,20.25068500843684
Tolima,2019-05-01,0.4817141245303231,20.70086025393341
Tolima,2019-05-02,0.0784459145936945,20.675953513265927
Tolima,2019-05-03,0.5755368415297799,19.641993006784613
Tolima,2019-05-04,0.2763387178500628,19.980356877987617
Tolima,2019-05-05,1.2845976965613553,20.313803063974564
Tolima,2019-05-06,2.386893161713578,21.067496695372814
Tolima,2019-05-07,0.2779579831753714,20.9628746956534
Tolima,2019-05-08,8.961760020992264,20.092069819345337
Tolima,2019-05-09,8.717219163665535,18.531702078670094
Tolima,2019-05-10,0.3645112406853485,19.18799822927467
Tolima,2019-05-11,4.737128570312909,19.52959850378782
Tolima,2019-05-12,12.393836403755484,19.114911469580434
Tolima,2019-05-13,3.3502961137766047,19.20363418060545
Tolima,2019-05-14,13.798518134554946,18.66068302181549
Tolima,2019-05-15,4.350111981379825,18.825725677502444
Tolima,2019-05-16,2.961803007458704,19.399586627072964
Tolima,2019-05-17,4.073869753351667,19.145331161614877
Tolima,2019-05-18,5.933798256816576,19.366335676549493
Tolima,2019-05-19,26.306668847177363,18.435213202948447
Tolima,2019-05-20,17.496669777719937,18.429925060227355
Tolima,2019-05-21,0.0607306975726933,19.427652671425147
Tolima,2019-05-22,0.0443535127164559,19.704879216421165
Tolima,2019-05-23,27.565555829835983,19.08124402754703
Tolima,2019-05-24,2.1453285438407623,18.85685647116721
Tolima,2019-05-25,5.111257029770068,18.79121330579703
Tolima,2019-05-26,16.11529283262628,18.971281804755414
Tolima,2019-05-27,11.004827678114976,19.36792985259271
Tolima,2019-05-28,3.450324160528669,19.09392576509539
Tolima,2019-05-29,2.0207507869204795,18.826560352175303
Tolima,2019-05-30,16.342977325956138,18.75559507935922
Tolima,2019-05-31,22.704617766074016,18.68378876176248
Tolima,2019-06-01,12.460546448531916,18.36243435053409
Tolima,2019-06-02,0.3971423404413963,19.224391786599814
Tolima,2019-06-03,9.118883515594163,19.63663500125358
Tolima,2019-06-04,0.1742280780918625,19.958831267543143
Tolima,2019-06-05,1.5746259727975358,19.70783928728484
Tolima,2019-06-06,1.231919324841451,19.39604601026235
Tolima,2019-06-07,2.0986766651680027,18.884072275286485
Tolima,2019-06-08,0.1133730099174135,18.855815085287198
Tolima,2019-06-09,0.5330788014802814,19.204934861476307
Tolima,2019-06-10,0.164698853658082,18.961738068689417
Tolima,2019-06-11,3.2952896038880075,18.772819632369405
Tolima,2019-06-12,3.965553594365397,19.15073119027949
Tolima,2019-06-13,2.933707439652567,19.4757235955553
Tolima,2019-06-14,1.2570391665448724,19.509849334356048
Tolima,2019-06-15,1.1801111093017802,19.79930758784156
Tolima,2019-06-16,3.5341823737632345,19.24095140761849
Tolima,2019-06-17,0.0085040725773782,19.26564870068904
Tolima,2019-06-18,0.1523542251762193,19.318592058520515
Tolima,2019-06-19,11.112951126165996,19.313423584061244
Tolima,2019-06-20,0.4257396169133949,19.144594656408454
Tolima,2019-06-21,2.7992311593239028,18.764831566057865
Tolima,2019-06-22,1.9059076096832108,19.100409975122425
Tolima,2019-06-23,0.2043407557981394,19.512459387501853
Tolima,2019-06-24,0.8731220546898538,18.750923305670558
Tolima,2019-06-25,2.340035595163555,18.451828529656503
Tolima,2019-06-26,0.0,19.47672938717969
Tolima,2019-06-27,0.0,20.424094241432453
Tolima,2019-06-28,3.487586810961752,20.07622079206948
Tolima,2019-06-29,0.0,20.00629988084496
Tolima,2019-06-30,0.6838946970367751,19.45522457625753
Tolima,2019-07-01,4.553734143464044,18.574221429442705
Tolima,2019-07-02,0.1214389969044121,18.658324012951173
Tolima,2019-07-03,0.1708339241230023,18.91363606676233
Tolima,2019-07-04,2.284287670705123,20.15609847574537
Tolima,2019-07-05,3.251858216126429,20.138203280361147
Tolima,2019-07-06,1.384572297759777,19.793800960732675
Tolima,2019-07-07,0.0058637728522616,19.74013908205675
Tolima,2019-07-08,0.0629977987482741,19.79137154444495
Tolima,2019-07-09,0.576101129093275,19.25527319746855
Tolima,2019-07-10,0.2937375258940244,19.478826315171
Tolima,2019-07-11,0.0,19.74086908981577
Tolima,2019-07-12,0.7073726268934181,19.917153061613472
Tolima,2019-07-13,1.182219376123277,19.174270381969173
Tolima,2019-07-14,0.1024155139832341,19.30831783190481
Tolima,2019-07-15,5.734773962522104,19.058219958794467
Tolima,2019-07-16,4.665586922673193,18.444690723150817
Tolima,2019-07-17,0.2216446103914434,19.131629087556675
Tolima,2019-07-18,0.0240465681912827,19.81581779591041
Tolima,2019-07-19,3.114014749092138,20.030611439279788
Tolima,2019-07-20,0.0307634030464091,20.111514582078275
Tolima,2019-07-21,0.1004234307928433,20.084128257883844
Tolima,2019-07-22,1.510322232972755,19.98691096686598
Tolima,2019-07-23,6.013344883129565,19.197775167367155
Tolima,2019-07-24,2.5674468952756517,18.699492291067862
Tolima,2019-07-25,5.303722281304237,19.21667189641848
Tolima,2019-07-26,7.600979729291041,18.39424951385829
Tolima,2019-07-27,0.5997005101091025,19.01692574347353
Tolima,2019-07-28,0.0920994140584008,19.414953728567543
Tolima,2019-07-29,0.0,20.02280067915109
Tolima,2019-07-30,0.2640828719887972,20.38844465202614
Tolima,2019-07-31,0.0,20.15748193781629
Tolima,2019-08-01,0.0178444027722252,20.672640678230323
Tolima,2019-08-02,1.0644584180487011,20.4995221194663
Tolima,2019-08-03,0.6779913218201197,20.361487645903985
Tolima,2019-08-04,1.369436084611251,20.06981569835651
Tolima,2019-08-05,0.1555418794491391,20.15411541455803
Tolima,2019-08-06,0.025229456799959,19.66381259082265
Tolima,2019-08-07,0.0,20.30089286919231
Tolima,2019-08-08,0.1027330063015127,20.77814590644925
Tolima,2019-08-09,0.8586489590422478,20.56095511873531
Tolima,2019-08-10,0.0388549070251872,20.613741788738945
Tolima,2019-08-11,0.0,20.427144588265808
Tolima,2019-08-12,0.0165854988325374,20.237300014177386
Tolima,2019-08-13,0.031308933603719,20.36964815644181
Tolima,2019-08-14,1.3106937858118126,19.778751807069877
Tolima,2019-08-15,0.0085367192079175,19.739791848262897
Tolima,2019-08-16,0.3867754765194817,19.696902049921384
Tolima,2019-08-17,0.1098575366687426,19.12186583377292
Tolima,2019-08-18,0.0279352622427733,20.61571900173794
Tolima,2019-08-19,0.0218787577215007,20.608972141238773
Tolima,2019-08-20,0.0292907756465791,20.57096826048342
Tolima,2019-08-21,0.003960943865668,20.643005995907608
Tolima,2019-08-22,0.0,20.60554605358256
Tolima,2019-08-23,0.0115836188189087,20.81017770885773
Tolima,2019-08-24,0.0315193832759184,20.436116031163483
Tolima,2019-08-25,0.2717613387990745,20.160180669252917
Tolima,2019-08-26,0.066904321033052,20.469560073768704
Tolima,2019-08-27,0.0076401355639977,20.769212551839612
Tolima,2019-08-28,6.88678169070205,20.143361320663413
Tolima,2019-08-29,0.1095502061429295,20.448263422519886
Tolima,2019-08-30,0.0,20.63176010583361
Tolima,2019-08-31,2.5250378029355423,20.880512741932247
Tolima,2019-09-01,0.3369491734404158,20.89375514532049
Tolima,2019-09-02,2.461008689265844,20.481216338410476
Tolima,2019-09-03,0.4336204373495513,21.472272977332665
Tolima,2019-09-04,2.713142367435025,20.9666273801161
Tolima,2019-09-05,0.0,21.38051554345396
Tolima,2019-09-06,2.6573438902367004,21.43593342614299
Tolima,2019-09-07,0.0,21.161261221412108
Tolima,2019-09-08,0.0718826284449188,21.414785677667417
Tolima,2019-09-09,0.0286179149792201,21.17299306087952
Tolima,2019-09-10,0.0,21.40851184765846
Tolima,2019-09-11,0.3812024073402753,21.925597605349303
Tolima,2019-09-12,0.4605880029759417,21.82436199258612
Tolima,2019-09-13,9.541425562280551,21.730928338668843
Tolima,2019-09-14,1.40404771977994,21.17721375720677
Tolima,2019-09-15,0.4640449414403324,21.062340666927916
Tolima,2019-09-16,0.7263883693437404,21.51536581041748
Tolima,2019-09-17,0.7905113762235915,21.484247650227854
Tolima,2019-09-18,9.517594516924555,20.51117627573703
Tolima,2019-09-19,4.9597462784434985,19.708572522185147
Tolima,2019-09-20,30.75869357288809,19.515216177682067
Tolima,2019-09-21,4.325117726627391,19.72348399020928
Tolima,2019-09-22,0.6297724710403855,20.359865532627555
Tolima,2019-09-23,4.300007874279257,20.62950624649421
Tolima,2019-09-24,1.950759660614932,21.13139601835945
Tolima,2019-09-25,2.7750486687767717,20.68286349158252
Tolima,2019-09-26,7.955051504541529,20.66658529005143
Tolima,2019-09-27,2.2627004882716277,20.86904403912236
Tolima,2019-09-28,1.0939167373611582,21.048675457374237
Tolima,2019-09-29,16.275291649528004,20.21128569760696
Tolima,2019-09-30,0.4235494915951177,20.560514944614575
Tolima,2019-10-01,20.014818203587648,20.538844769116665
Tolima,2019-10-02,2.5910109389028984,20.116419122639595
Tolima,2019-10-03,16.53781373537752,18.45223241684121
Tolima,2019-10-04,0.0138707985149034,19.339057612019733
Tolima,2019-10-05,1.1114175788045304,20.27853843717152
Tolima,2019-10-06,5.368807866080401,20.011734498747145
Tolima,2019-10-07,7.327150973970857,20.29261120676533
Tolima,2019-10-08,15.236690418433623,20.15915601286037
Tolima,2019-10-09,0.0403852625207101,19.95321957461377
Tolima,2019-10-10,1.0738584183285536,20.575227577835086
Tolima,2019-10-11,2.78100318047945,20.33302376279972
Tolima,2019-10-12,3.452153371940316,20.367456126626013
Tolima,2019-10-13,9.1654956399719,19.43452582144156
Tolima,2019-10-14,4.732161605316365,19.4726202040977
Tolima,2019-10-15,0.1426206221909944,19.830326065992743
Tolima,2019-10-16,6.387867211251853,19.24486987210098
Tolima,2019-10-17,0.1397980302126908,19.099017331708176
Tolima,2019-10-18,7.699397481450622,19.83755051257813
Tolima,2019-10-19,27.86008832612435,19.01272497672865
Tolima,2019-10-20,13.42152958650072,18.95253051785453
Tolima,2019-10-21,3.2108954117101822,19.457236662699398
Tolima,2019-10-22,9.135892140101458,19.188339973537897
Tolima,2019-10-23,11.485675464915609,19.36854837648725
Tolima,2019-10-24,12.680822137210304,19.45830837816664
Tolima,2019-10-25,2.551426431744843,19.49374903780821
Tolima,2019-10-26,1.6087880739082028,20.09887574245173
Tolima,2019-10-27,10.76609264646004,19.96457855688551
Tolima,2019-10-28,0.0599415749537567,20.350178858986755
Tolima,2019-10-29,4.343300421918617,20.142711451201396
Tolima,2019-10-30,8.663414026535202,20.14477552413149
Tolima,2019-10-31,8.0215551723364,20.08917744992226
Tolima,2019-11-01,0.9419523076204178,20.027773973756595
Tolima,2019-11-02,17.190350912852573,20.11046799248904
Tolima,2019-11-03,1.9561522998973573,20.016747481739458
Tolima,2019-11-04,14.415440040643483,20.314828115152228
Tolima,2019-11-05,6.768663209089873,20.408848007647386
Tolima,2019-11-06,7.365387091608917,20.55686679908481
Tolima,2019-11-07,1.599154965203974,21.06406740086652
Tolima,2019-11-08,5.415590518687337,21.322404634853868
Tolima,2019-11-09,16.737073753654975,19.675132424378692
Tolima,2019-11-10,17.109230556789147,19.63251826986496
Tolima,2019-11-11,9.700563599629016,19.08783949597772
Tolima,2019-11-12,17.636507029673268,19.042104201314974
Tolima,2019-11-13,19.521868576237733,18.882452321515288
Tolima,2019-11-14,10.850470684141566,18.865081911030344
Tolima,2019-11-15,13.835981968058077,18.49046546627147
Tolima,2019-11-16,6.3829736748042825,18.59552071281193
Tolima,2019-11-17,3.8544373596755737,18.9938002721362
Tolima,2019-11-18,1.8010721387732815,19.24548275989444
Tolima,2019-11-19,9.77041290617553,19.296027456157603
Tolima,2019-11-20,17.368398594388882,18.710583278214177
Tolima,2019-11-21,0.3781634710359013,19.10484024804505
Tolima,2019-11-22,6.947772541382818,19.07035200221041
Tolima,2019-11-23,3.0008974268477604,18.854385910048595
Tolima,2019-11-24,2.0472922239003224,19.14229068406803
Tolima,2019-11-25,0.0,20.054015766476763
Tolima,2019-11-26,1.3013307558565672,20.114089161321957
Tolima,2019-11-27,1.3650457337972748,20.39761762658657
Tolima,2019-11-28,0.7165057944498939,20.442090101657985
Tolima,2019-11-29,7.114286929770777,20.42797119011306
Tolima,2019-11-30,8.91035097786644,19.836744405474512
Tolima,2019-12-01,4.477571719423834,19.70935408002162
Tolima,2019-12-02,0.373099870501676,20.436359867608367
Tolima,2019-12-03,2.365619420396948,19.723715698287496
Tolima,2019-12-04,1.421258423419559,20.11059033448833
Tolima,2019-12-05,9.339518099543282,20.163772679540347
Tolima,2019-12-06,5.21791206834937,20.576188779363093
Tolima,2019-12-07,12.39786986656086,19.99636500769467
Tolima,2019-12-08,2.913079563942464,19.332316722123164
Tolima,2019-12-09,1.4853296941189709,19.556451079957903
Tolima,2019-12-10,0.0141169468460015,20.858916668440926
Tolima,2019-12-11,12.916617454588708,20.54820823835496
Tolima,2019-12-12,5.305873600061056,19.544926528513773
Tolima,2019-12-13,1.2084866169858437,19.3112649503544
Tolima,2019-12-14,14.730941426300662,19.145762305956456
Tolima,2019-12-15,4.635901497790615,19.006314082070865
Tolima,2019-12-16,4.029199178328372,20.28059914476972
Tolima,2019-12-17,3.9950545829997495,20.512695952141076
Tolima,2019-12-18,2.6864667466777536,20.469967573106217
Tolima,2019-12-19,1.673763280621197,20.410720903659847
Tolima,2019-12-20,0.9288258013444164,20.5869262971472
Tolima,2019-12-21,5.830281803256117,20.59602614285845
Tolima,2019-12-22,0.0110803209745543,20.910591698800232
Tolima,2019-12-23,2.2803376777643907,20.67921959643397
Tolima,2019-12-24,0.0002851804239757525,21.32376955266037
Tolima,2019-12-25,2.3214374411068888,21.067111837423628
Tolima,2019-12-26,7.66898948386397,21.518644492113253
Tolima,2019-12-27,3.5973631371983434,21.213451716837465
Tolima,2019-12-28,0.0010464091079302,20.87122483220497
Tolima,2019-12-29,0.2305117945494159,21.42734167412572
Tolima,2019-12-30,11.916016398725027,21.20476990503363
Tolima,2019-12-31,22.13099317699104,20.23059004681103
Tolima,2020-01-01,3.315477837067988,19.9259910302019
Tolima,2020-01-02,1.502579552445047,20.257185311142408
Tolima,2020-01-03,0.1853099500460951,20.31803129891177
Tolima,2020-01-04,0.0,20.092390864285345
Tolima,2020-01-05,0.0723067067227151,19.78072513776844
Tolima,2020-01-06,0.2443255721380024,19.77596922306042
Tolima,2020-01-07,0.0,19.80274041588393
Tolima,2020-01-08,0.0,20.03195638563886
Tolima,2020-01-09,0.0,20.605063578313796
Tolima,2020-01-10,0.0,20.99651574410805
Tolima,2020-01-11,0.0,20.784248525754915
Tolima,2020-01-12,0.0,21.16243293447915
Tolima,2020-01-13,0.0,21.283235926004355
Tolima,2020-01-14,0.3467658079839949,21.068578385533165
Tolima,2020-01-15,0.2055047412638864,21.32182543804618
Tolima,2020-01-16,0.0,21.41724357906828
Tolima,2020-01-17,0.4349089628197932,21.58835644404688
Tolima,2020-01-18,0.0,21.92062482015333
Tolima,2020-01-19,0.172184836531316,21.75161684872098
Tolima,2020-01-20,10.715899645750852,21.190454908388475
Tolima,2020-01-21,15.405559756026449,20.738562720632142
Tolima,2020-01-22,1.747416962066476,19.15596098759759
Tolima,2020-01-23,0.0996941536214102,18.81989899910747
Tolima,2020-01-24,7.340568005446004,19.82536428026898
Tolima,2020-01-25,8.885297042877365,20.18840742907254
Tolima,2020-01-26,8.382506419338542,20.12993222820494
Tolima,2020-01-27,0.2062383399101906,19.950217651822054
Tolima,2020-01-28,0.0278020880285763,19.794755190017675
Tolima,2020-01-29,0.0109569091980542,20.230969771031315
Tolima,2020-01-30,0.0184652413157934,20.04187086403085
Tolima,2020-01-31,0.0350608950189152,20.93780552417111
Tolima,2020-02-01,0.1479706811536247,21.16335961134577
Tolima,2020-02-02,2.180052181998936,21.00732634109491
Tolima,2020-02-03,0.7529297002780085,21.719958940326883
Tolima,2020-02-04,0.0,21.75151994268843
Tolima,2020-02-05,0.0,21.330075932455927
Tolima,2020-02-06,0.0,20.873638701009156
Tolima,2020-02-07,0.0,20.82417217561602
Tolima,2020-02-08,0.111558019483602,21.347322269834944
Tolima,2020-02-09,1.1081489223936296,21.396770380483705
Tolima,2020-02-10,0.0070672890199606,21.117792303075344
Tolima,2020-02-11,0.0,21.563282703714727
Tolima,2020-02-12,0.0,21.86798098751685
Tolima,2020-02-13,0.0,22.034221535607568
Tolima,2020-02-14,0.0624350669747597,21.488219637456528
Tolima,2020-02-15,2.960044180817757,21.717379201992426
Tolima,2020-02-16,0.0,21.99438847338683
Tolima,2020-02-17,0.0036354455750521,22.25745267912982
Tolima,2020-02-18,0.0930892988297977,22.551186827531136
Tolima,2020-02-19,0.2078163422346771,22.52586115027503
Tolima,2020-02-20,7.844413825815765,22.18018201921441
Tolima,2020-02-21,7.307744284832363,21.749030396166003
Tolima,2020-02-22,7.189445883510435,20.455427809603364
Tolima,2020-02-23,2.9788120910336384,20.293175468708046
Tolima,2020-02-24,17.123654389005758,20.02937597145213
Tolima,2020-02-25,17.343470449881245,20.72460452758165
Tolima,2020-02-26,23.36648436641676,20.748686139845145
Tolima,2020-02-27,0.1156869251414108,20.40532790536709
Tolima,2020-02-28,0.0155247753210007,20.60248109259317
Tolima,2020-02-29,0.3292708233872132,21.22816249105593
Tolima,2020-03-01,4.769366197235109,21.35289862048571
Tolima,2020-03-02,6.115160758548449,20.899716693783365
Tolima,2020-03-03,8.256330725569093,21.487744890165278
Tolima,2020-03-04,3.0256861251466898,21.79256710156317
Tolima,2020-03-05,0.0,22.13874002993775
Tolima,2020-03-06,0.8310036108899662,22.03158729235682
Tolima,2020-03-07,14.964220489749726,21.77516341255227
Tolima,2020-03-08,1.6673218256678994,21.25385527629575
Tolima,2020-03-09,3.359256734360056,21.621779905613096
Tolima,2020-03-10,12.259083296540934,21.45705635288648
Tolima,2020-03-11,16.23505997490125,20.51263817587551
Tolima,2020-03-12,4.924644069071963,20.70394280791994
Tolima,2020-03-13,8.648618926397479,20.8809923134707
Tolima,2020-03-14,9.393277834776024,19.855172998536812
Tolima,2020-03-15,2.035542903131391,20.531714473353617
Tolima,2020-03-16,0.2063179282294196,20.971518787053338
Tolima,2020-03-17,0.8654411338108708,20.99975639009505
Tolima,2020-03-18,0.4218432913211485,21.05255402189577
Tolima,2020-03-19,0.0962032980908656,21.32273866083625
Tolima,2020-03-20,3.940249620511415,19.66240647004788
Tolima,2020-03-21,0.0,18.889795926157685
Tolima,2020-03-22,0.0,19.63369751919042
Tolima,2020-03-23,0.5914181909504105,19.425255687306763
Tolima,2020-03-24,6.788510837961513,20.329360609568628
Tolima,2020-03-25,1.0741925763732374,20.75823511123295
Tolima,2020-03-26,9.581882881616504,20.965272756540177
Tolima,2020-03-27,3.562077968015582,20.877725179930845
Tolima,2020-03-28,0.2646271157415436,20.801594000396392
Tolima,2020-03-29,0.0,21.076474974742784
Tolima,2020-03-30,0.1817786674821126,20.78883884718562
Tolima,2020-03-31,0.5502225756593081,19.8307219750015
Tolima,2020-04-01,1.8660788670633932,19.83035158035391
Tolima,2020-04-02,8.283774297893517,19.86278579781213
Tolima,2020-04-03,0.0,20.897655182505957
Tolima,2020-04-04,0.0,21.39808328578172
Tolima,2020-04-05,3.481556144858837,21.169538699795503
Tolima,2020-04-06,2.2132858786153187,21.06496196109091
Tolima,2020-04-07,9.488812002757433,20.584298216047085
Tolima,2020-04-08,1.3152497639485132,21.34304490929992
Tolima,2020-04-09,3.197326863068916,20.366768394388043
Tolima,2020-04-10,0.5074713910731559,20.8516638878448
Tolima,2020-04-11,8.093078953121825,20.14433800467984
Tolima,2020-04-12,25.40967965690802,19.547642209819497
Tolima,2020-04-13,0.159917426596323,20.11308482242204
Tolima,2020-04-14,5.080266679330911,19.46709305154757
Tolima,2020-04-15,0.3175246375865743,19.21194757421852
Tolima,2020-04-16,0.7258206063701321,19.762695460029924
Tolima,2020-04-17,5.622841147046591,19.76089951502022
Tolima,2020-04-18,1.240121570296263,19.943859377118116
Tolima,2020-04-19,0.0251496522148687,19.918196835289883
Tolima,2020-04-20,3.4238365548388314,20.350808796822754
Tolima,2020-04-21,6.982388843915623,20.29779593545471
Tolima,2020-04-22,3.7742562867502114,20.123008484457536
Tolima,2020-04-23,9.447078928033989,19.6974159881525
Tolima,2020-04-24,6.862923000778458,19.927639327860057
Tolima,2020-04-25,2.6313040156952217,20.488031445741832
Tolima,2020-04-26,0.786419523047256,21.22627330884166
Tolima,2020-04-27,19.95353978238825,21.10502892954506
Tolima,2020-04-28,15.096016570832424,20.044428335949704
Tolima,2020-04-29,3.720319331699484,20.683353475250957
Tolima,2020-04-30,7.391786905227681,20.723746662588766
Tolima,2020-05-01,10.40612110988448,19.83482911452807
Tolima,2020-05-02,0.4856985085907148,20.174295173251632
Tolima,2020-05-03,0.115429906298897,19.84185510212053
Tolima,2020-05-04,0.0938094665039447,19.853699369630974
Tolima,2020-05-05,6.151334402516459,19.97898122206627
Tolima,2020-05-06,1.5346504778253525,20.94986816152191
Tolima,2020-05-07,6.1648841738356825,20.15598165438476
Tolima,2020-05-08,1.1130671668657175,19.853059150843908
Tolima,2020-05-09,0.0,20.14216982278021
Tolima,2020-05-10,0.1977342497822135,20.603405027819782
Tolima,2020-05-11,2.865675896011729,20.988198144347447
Tolima,2020-05-12,8.734154430073984,20.658619720943506
Tolima,2020-05-13,15.135021008879226,19.48039377896161
Tolima,2020-05-14,0.0,19.92213388790272
Tolima,2020-05-15,0.7852631027616115,20.396071762807985
Tolima,2020-05-16,0.7742186745658445,20.9095014588724
Tolima,2020-05-17,0.6486013943162137,20.890737801965805
Tolima,2020-05-18,2.3041892590319466,20.006006256426154
Tolima,2020-05-19,3.5639787180426468,19.687797673497176
Tolima,2020-05-20,0.0,19.882205988087943
Tolima,2020-05-21,0.2321902590507348,20.8899230217655
Tolima,2020-05-22,1.9988161586211812,20.96432010690024
Tolima,2020-05-23,0.5074097217475892,21.07341221458504
Tolima,2020-05-24,0.7146230311236513,21.04352734230686
Tolima,2020-05-25,0.5220345966021872,20.75517391656855
Tolima,2020-05-26,2.7391617076500925,20.715951913939467
Tolima,2020-05-27,5.284603934501103,19.44711482563684
Tolima,2020-05-28,1.9636897688741584,19.34023029143777
Tolima,2020-05-29,3.074203595502739,18.71299219482444
Tolima,2020-05-30,39.08637053714507,18.255558113638
Tolima,2020-05-31,4.010884644854549,18.282587073411843
Tolima,2020-06-01,6.227953375135482,18.364969913164508
Tolima,2020-06-02,6.431637614198164,19.32331046457838
Tolima,2020-06-03,12.12312611215518,18.71168999370288
Tolima,2020-06-04,13.7163906824921,19.00313603327897
Tolima,2020-06-05,6.113811156845821,20.140605121972555
Tolima,2020-06-06,14.172674300268945,19.722842986204316
Tolima,2020-06-07,0.8481032064704078,20.136711613026208
Tolima,2020-06-08,0.7943219449268292,20.186009722533846
Tolima,2020-06-09,0.0,20.37425383991335
Tolima,2020-06-10,1.2576605495552702,20.13354204914337
Tolima,2020-06-11,4.54998988856651,18.975645133391417
Tolima,2020-06-12,4.873544370640646,18.187180812755454
Tolima,2020-06-13,4.164274880589753,19.327548804002344
Tolima,2020-06-14,8.469693280960403,19.320877749860752
Tolima,2020-06-15,1.2618597330545724,19.331828648419894
Tolima,2020-06-16,0.0001924369617041312,20.08820009739877
Tolima,2020-06-17,16.00568835927611,18.980372840675795
Tolima,2020-06-18,0.5355984473324974,19.583898581654903
Tolima,2020-06-19,7.7795210780023965,19.71926406345181
Tolima,2020-06-20,2.4271217344631406,19.8958353960017
Tolima,2020-06-21,1.8985343346558217,19.07096193763626
Tolima,2020-06-22,0.5558848070066792,19.247982516096453
Tolima,2020-06-23,0.3928444569453887,19.734798661519264
Tolima,2020-06-24,1.7200395253975396,19.813737590882276
Tolima,2020-06-25,2.025665499281345,19.9684221193248
Tolima,2020-06-26,3.5254934756621408,19.799061211822348
Tolima,2020-06-27,0.859969606484306,19.828096116571945
Tolima,2020-06-28,12.393515728525935,19.02276991457251
Tolima,2020-06-29,1.2578632310421085,19.25937604103776
Tolima,2020-06-30,0.4454301981953117,20.02546192162164
Tolima,2020-07-01,4.535751372894169,20.116136932556067
Tolima,2020-07-02,19.25097849500484,18.76874911132175
Tolima,2020-07-03,2.99348398150545,19.426982414250745
Tolima,2020-07-04,15.01527602020014,19.088156427897687
Tolima,2020-07-05,8.741284987249788,18.3831856588807
Tolima,2020-07-06,8.05996402733233,18.495680006245635
Tolima,2020-07-07,3.355196271453589,19.17379081407335
Tolima,2020-07-08,0.0,19.734654288792004
Tolima,2020-07-09,3.4480988517288096,19.384230375940465
Tolima,2020-07-10,2.5770577401305883,19.178495741376874
Tolima,2020-07-11,4.276956204386227,19.40626424622236
Tolima,2020-07-12,0.9774976448735024,18.637203857604696
Tolima,2020-07-13,1.2419629525175082,18.975107455498097
Tolima,2020-07-14,3.803341399382008,19.27986666985368
Tolima,2020-07-15,0.0,19.339850291905115
Tolima,2020-07-16,0.4524107948476784,19.67926787010853
Tolima,2020-07-17,0.8386454567327221,19.45305242800238
Tolima,2020-07-18,0.4246816974052521,19.880490537920892
Tolima,2020-07-19,0.0646567981635621,19.934783021751286
Tolima,2020-07-20,1.0616762830915,20.284005967571115
Tolima,2020-07-21,0.103759093456869,19.863050363781905
Tolima,2020-07-22,2.312357416089328,19.11249473270309
Tolima,2020-07-23,16.24831608610762,19.000922218299092
Tolima,2020-07-24,16.75572925521426,18.35017929947632
Tolima,2020-07-25,11.264414265179797,18.057050609034132
Tolima,2020-07-26,0.0003930256084568646,18.794109336027365
Tolima,2020-07-27,1.6787655689080778,19.54146446940595
Tolima,2020-07-28,0.1850002049819687,19.35520905685672
Tolima,2020-07-29,1.2149736867593854,20.06888379108484
Tolima,2020-07-30,3.2128651315296164,19.855938702717275
Tolima,2020-07-31,0.0,20.19371959677268
Tolima,2020-08-01,0.0,20.452151643736176
Tolima,2020-08-02,0.0,20.371939386651192
Tolima,2020-08-03,0.0,20.406927889666093
Tolima,2020-08-04,0.0012613989559072,20.10148567857032
Tolima,2020-08-05,0.221405343658694,19.59895840804403
Tolima,2020-08-06,0.0049150935634789,20.27776535928469
Tolima,2020-08-07,0.0020833330599656,20.125293895637032
Tolima,2020-08-08,0.0,20.23498641817421
Tolima,2020-08-09,0.0,20.38900776231199
Tolima,2020-08-10,0.0,20.613293875088463
Tolima,2020-08-11,0.0,21.136939889691394
Tolima,2020-08-12,6.113162157020499,21.24559738190275
Tolima,2020-08-13,6.582057087394914,20.888344950936386
Tolima,2020-08-14,7.925217162528725,19.650103133352825
Tolima,2020-08-15,9.786640465897598,19.45707657201842
Tolima,2020-08-16,3.283392728357695,19.47842477012101
Tolima,2020-08-17,12.729798246769116,19.00466396679689
Tolima,2020-08-18,0.2653116857397284,19.55972194484968
Tolima,2020-08-19,15.5133920197298,19.342736831891912
Tolima,2020-08-20,8.37427183163691,19.453482423389165
Tolima,2020-08-21,2.323468165686515,19.40694862166215
Tolima,2020-08-22,12.396285977207128,19.00426874174665
Tolima,2020-08-23,0.8234143898800969,19.50975380143941
Tolima,2020-08-24,8.379270008333135,19.696526354939728
Tolima,2020-08-25,14.458996512827648,19.86093336941993
Tolima,2020-08-26,3.2761548339965234,19.751838545277487
Tolima,2020-08-27,2.142199633637235,19.058338602080525
Tolima,2020-08-28,2.494338189156296,19.72464494670873
Tolima,2020-08-29,8.471184017492636,19.806243526977344
Tolima,2020-08-30,24.709212459036404,18.61558821408654
Tolima,2020-08-31,0.956509845274944,18.98226870902952
Tolima,2020-09-01,0.0240865121745485,19.943691961906808
Tolima,2020-09-02,13.168088468688625,19.59978874321849
Tolima,2020-09-03,0.0,20.549766993477267
Tolima,2020-09-04,3.733171934747357,20.52754898402896
Tolima,2020-09-05,0.0,20.834907519469542
Tolima,2020-09-06,10.46634593458596,20.25508737435357
Tolima,2020-09-07,0.1424289316948135,20.25423975161053
Tolima,2020-09-08,15.162368912715554,19.477559718446365
Tolima,2020-09-09,0.0352502495408696,20.1536791075514
Tolima,2020-09-10,0.8626999910622593,20.72371508642143
Tolima,2020-09-11,0.031696022650509,21.04422655272037
Tolima,2020-09-12,0.9554379672659972,21.20974155506735
Tolima,2020-09-13,0.0,20.58669723316914
Tolima,2020-09-14,0.0,21.019726183846977
Tolima,2020-09-15,0.1649639058587598,21.353979293998893
Tolima,2020-09-16,1.2061203038880108,20.20926633286931
Tolima,2020-09-17,8.793462905596295,19.73555301382904
Tolima,2020-09-18,2.6370496860140995,20.04219252583064
Tolima,2020-09-19,7.327734290428566,19.751674676710767
Tolima,2020-09-20,12.71823505825892,19.31098335683948
Tolima,2020-09-21,0.94614696877723,20.63995803838416
Tolima,2020-09-22,0.3544831758031058,20.97499061765993
Tolima,2020-09-23,6.060225909009744,20.639041584964037
Tolima,2020-09-24,0.5832329330882511,20.1618170799184
Tolima,2020-09-25,1.4156429705098317,20.25020293414407
Tolima,2020-09-26,3.8470597880039055,20.166084649262
Tolima,2020-09-27,3.4881911915702557,20.199059363946727
Tolima,2020-09-28,2.795929301858974,19.80581461661056
Tolima,2020-09-29,1.7729562530890262,20.379628804462865
Tolima,2020-09-30,3.9671811348499,20.04315432857892
Tolima,2020-10-01,0.2048452194858352,20.072344975045297
Tolima,2020-10-02,3.085658737052676,20.75100180913513
Tolima,2020-10-03,0.6679933956472547,20.845696223765163
Tolima,2020-10-04,3.39506934729276,19.200347673229956
Tolima,2020-10-05,0.8417456656379991,19.48680603119834
Tolima,2020-10-06,2.372444278673155,20.41307868964707
Tolima,2020-10-07,0.2312376240181897,20.6451377885515
Tolima,2020-10-08,0.1516990214194572,19.916879944935623
Tolima,2020-10-09,0.1931641136225809,19.673862090034337
Tolima,2020-10-10,0.0,20.519913931882616
Tolima,2020-10-11,0.1817134690866172,20.860224803088528
Tolima,2020-10-12,0.1713734560013847,21.03569773594829
Tolima,2020-10-13,8.570790677675417,19.879737366118647
Tolima,2020-10-14,0.1694438116435518,20.27978696411957
Tolima,2020-10-15,0.3716920321614019,20.508677326865463
Tolima,2020-10-16,9.371823931601549,20.26539741428969
Tolima,2020-10-17,1.2814952463133438,20.412030689976515
Tolima,2020-10-18,3.212509114919509,20.95987389978949
Tolima,2020-10-19,10.854080034967902,19.803744951077647
Tolima,2020-10-20,0.8211016893824673,19.62115239879813
Tolima,2020-10-21,19.934206661765693,19.405475221312532
Tolima,2020-10-22,3.4739148458472977,20.1218470121012
Tolima,2020-10-23,0.9590067251729004,19.94848013585993
Tolima,2020-10-24,2.044506157764111,19.722429685802304
Tolima,2020-10-25,0.863193033634413,19.81169024483169
Tolima,2020-10-26,3.3451100511865453,20.2465937630547
Tolima,2020-10-27,4.830991938494745,20.28958504726643
Tolima,2020-10-28,23.56741985608016,18.97122665823313
Tolima,2020-10-29,5.383484268032967,18.81534167903479
Tolima,2020-10-30,4.615385029724134,18.970419473369216
Tolima,2020-10-31,11.728240598310943,18.559589399660943
Tolima,2020-11-01,10.37647220588192,18.39143700914712
Tolima,2020-11-02,0.0052416122563756,19.393294143040627
Tolima,2020-11-03,0.2042860033987927,19.05757075628324
Tolima,2020-11-04,1.1245998955048644,19.07795672600941
Tolima,2020-11-05,18.505221211686983,19.113835024361613
Tolima,2020-11-06,9.636085200908123,18.949178834563696
Tolima,2020-11-07,4.841833401180583,19.21165539722268
Tolima,2020-11-08,1.2199625436154296,19.52750241081471
Tolima,2020-11-09,15.683521984598546,19.555142641968168
Tolima,2020-11-10,5.843134869067435,18.667001140186255
Tolima,2020-11-11,19.73796654281784,18.91490250695471
Tolima,2020-11-12,0.7223059985804252,18.500994822039267
Tolima,2020-11-13,21.75135453575677,19.06544022367066
Tolima,2020-11-14,9.305657905503889,18.87880759229772
Tolima,2020-11-15,16.211917068921704,19.293964777267348
Tolima,2020-11-16,21.71427146574966,18.980235503356845
Tolima,2020-11-17,10.674960884299288,18.568463253662117
Tolima,2020-11-18,6.224637675129462,18.378064459251718
Tolima,2020-11-19,5.392472522289164,18.554319742818876
Tolima,2020-11-20,1.2089322859373013,18.88786450356641
Tolima,2020-11-21,13.212090171757108,19.24545598696485
Tolima,2020-11-22,3.183316024189378,19.10116857265726
Tolima,2020-11-23,1.6694883553284428,19.510959430876056
Tolima,2020-11-24,0.0194428493313556,19.77887477989253
Tolima,2020-11-25,11.451183977706831,19.61354306702908
Tolima,2020-11-26,6.393180824815349,19.71150054732752
Tolima,2020-11-27,3.432376942679935,19.2399005741638
Tolima,2020-11-28,26.7083963343676,19.300478623611237
Tolima,2020-11-29,17.603781618894164,19.186567478897317
Tolima,2020-11-30,2.1189511625119075,19.76587324542941
Tolima,2020-12-01,18.44245615335301,19.58690543469902
Tolima,2020-12-02,15.70676574955846,18.966316049307068
Tolima,2020-12-03,16.621333787136656,18.557045434833967
Tolima,2020-12-04,0.0340305663386225,19.167049059393065
Tolima,2020-12-05,0.0369077938482078,19.688397662447777
Tolima,2020-12-06,0.3359602559467204,19.680571818959635
Tolima,2020-12-07,9.817489627126267,19.887486620006538
Tolima,2020-12-08,4.217987286133484,19.2128427470358
Tolima,2020-12-09,9.83560515497431,19.46979509352213
Tolima,2020-12-10,1.2951500582729225,19.458974246923137
Tolima,2020-12-11,1.6184465996410378,19.878748161968865
Tolima,2020-12-12,2.385871384754988,20.009357326696527
Tolima,2020-12-13,3.747067576555345,20.225802707739284
Tolima,2020-12-14,1.9069910328594852,20.371756010350715
Tolima,2020-12-15,4.300208497672775,19.921509718937237
Tolima,2020-12-16,7.279565696693549,20.04896544385084
Tolima,2020-12-17,0.9570980686798344,20.046473684910325
Tolima,2020-12-18,2.7064568064563232,20.031824567581925
Tolima,2020-12-19,3.832303798930319,20.172383772532264
Tolima,2020-12-20,1.193332632712003,19.830742396327352
Tolima,2020-12-21,4.036820985391285,20.152656803375105
Tolima,2020-12-22,0.4149050246719791,20.0363893680844
Tolima,2020-12-23,2.891798709509938,20.354491858395846
Tolima,2020-12-24,8.673998098080597,20.336150290048494
Tolima,2020-12-25,23.191593537764017,19.60799438623436
Tolima,2020-12-26,24.9305379973852,18.20980442641185
Tolima,2020-12-27,1.8016747220584397,17.979774784931664
Tolima,2020-12-28,0.6743046353813943,18.50897612980259
Tolima,2020-12-29,1.7982263102754428,18.80216922047642
Tolima,2020-12-30,0.9558174960070672,18.576719576918144
Tolima,2020-12-31,2.883283378624101,18.788586691333688
Tolima,2021-01-01,0.1640021919650436,19.38165053738124
Tolima,2021-01-02,0.0709310437216665,19.61491708512524
Tolima,2021-01-03,24.59747200169483,19.492488204558423
Tolima,2021-01-04,0.4687363552209417,19.355569086823085
Tolima,2021-01-05,2.6664732743958366,18.58064417309307
Tolima,2021-01-06,0.639078467000032,18.82406465197608
Tolima,2021-01-07,3.354689643821384,19.0321452287845
Tolima,2021-01-08,15.580627798530676,18.726426928617123
Tolima,2021-01-09,11.34657496483448,17.892744825539857
Tolima,2021-01-10,0.0894123222266422,18.248620664444125
Tolima,2021-01-11,3.4440317091089216,18.28126170388609
Tolima,2021-01-12,5.098751866188263,19.102541927641948
Tolima,2021-01-13,0.3820606125050295,19.814869335119624
Tolima,2021-01-14,0.0,20.018552177949505
Tolima,2021-01-15,0.0,19.828452512871525
Tolima,2021-01-16,0.2036787679411093,19.70032046896024
Tolima,2021-01-17,0.0316572890202181,19.499996380084788
Tolima,2021-01-18,0.0,19.77655665132089
Tolima,2021-01-19,0.2344494259204212,20.056971694264107
Tolima,2021-01-20,0.226927665860994,20.487876691582212
Tolima,2021-01-21,0.0579922099284254,20.35132865207671
Tolima,2021-01-22,0.0841258153531145,20.31409591068311
Tolima,2021-01-23,9.445380319392038,19.46308085134477
Tolima,2021-01-24,0.3278867198388988,19.330107365096907
Tolima,2021-01-25,0.8270672266986984,19.65252683612844
Tolima,2021-01-26,2.435782878885034,19.859301556822626
Tolima,2021-01-27,0.2598171552704185,20.636133333068475
Tolima,2021-01-28,0.8699896186163253,20.47931968613857
Tolima,2021-01-29,0.4952241523301049,20.581810284442035
Tolima,2021-01-30,0.0,20.78459688556157
Tolima,2021-01-31,0.0,20.57994993300986
Tolima,2021-02-01,0.0,21.04938660119459
Tolima,2021-02-02,0.0935193272732592,20.615092030301525
Tolima,2021-02-03,0.0190184637111213,21.28059503253633
Tolima,2021-02-04,0.5057040056807005,21.37967374922369
Tolima,2021-02-05,1.1686184926831982,21.21999437032031
Tolima,2021-02-06,3.1396772599432823,20.85588865606242
Tolima,2021-02-07,0.5346990909527263,21.68691673444188
Tolima,2021-02-08,13.199802639777484,21.184272622220977
Tolima,2021-02-09,13.5366322760956,20.8496588118256
Tolima,2021-02-10,5.2856081697989055,19.987772199756044
Tolima,2021-02-11,0.7547474312628863,19.91073655204367
Tolima,2021-02-12,1.7077180112665864,20.057466897221488
Tolima,2021-02-13,1.265486255935441,19.982346872143825
Tolima,2021-02-14,0.1211560434742801,20.42245722764841
Tolima,2021-02-15,11.877461620276904,20.005724385965618
Tolima,2021-02-16,4.53911605913952,19.994524073074828
Tolima,2021-02-17,1.92929705424925,19.59265780118919
Tolima,2021-02-18,0.6160163062308406,18.999230176610464
Tolima,2021-02-19,27.36572434249089,18.86212425382092
Tolima,2021-02-20,3.015436830841608,19.076471275653272
Tolima,2021-02-21,3.505151335512659,18.73760481979144
Tolima,2021-02-22,2.0457524911028258,19.157560743844886
Tolima,2021-02-23,0.125091498642155,19.24305708858872
Tolima,2021-02-24,0.0,19.88448016217511
Tolima,2021-02-25,0.0,20.6143015184039
Tolima,2021-02-26,0.0,20.59099522719421
Tolima,2021-02-27,17.158578053146616,20.00388096072516
Tolima,2021-02-28,4.532471689939478,19.950381634628428
Tolima,2021-03-01,13.528488324132384,18.94114097147941
Tolima,2021-03-02,8.509847871223478,18.580224689710487
Tolima,2021-03-03,1.7035485585793055,19.13446667076549
Tolima,2021-03-04,0.9248909065153296,19.082625079580705
Tolima,2021-03-05,5.185426674169374,19.44271694724265
Tolima,2021-03-06,0.9471520477767986,20.08129634708312
Tolima,2021-03-07,4.8510562162028,19.40232860798337
Tolima,2021-03-08,27.699937628000395,17.87018214183835
Tolima,2021-03-09,0.3832114764799235,18.87568166430253
Tolima,2021-03-10,12.497704218753098,19.030998795622303
Tolima,2021-03-11,12.295482276938722,18.127936939700252
Tolima,2021-03-12,6.635197185502022,17.650205310800384
Tolima,2021-03-13,3.1102051963699604,17.821383971435736
Tolima,2021-03-14,1.9350042795612867,18.528353729269643
Tolima,2021-03-15,8.173713124356459,18.07650226702661
Tolima,2021-03-16,20.56276876862415,17.950892287572344
Tolima,2021-03-17,4.838824837500773,18.688735412206
Tolima,2021-03-18,6.257963656875092,17.791789700330526
Tolima,2021-03-19,3.870891765735707,18.7425881684849
Tolima,2021-03-20,8.052431955758575,18.973436568560533
Tolima,2021-03-21,8.140149168306358,19.242115822628698
Tolima,2021-03-22,4.247015659471471,19.167463011277327
Tolima,2021-03-23,0.3453650355083343,19.35872459325432
Tolima,2021-03-24,11.840876844992186,19.00429612020614
Tolima,2021-03-25,0.0072149812715602,19.629940072978787
Tolima,2021-03-26,7.857470679804251,19.60538543715986
Tolima,2021-03-27,21.26117796868527,18.21624094517266
Tolima,2021-03-28,3.042599817455852,18.929261396235884
Tolima,2021-03-29,0.3524655008409493,19.841995618747188
Tolima,2021-03-30,0.1140861115908149,20.13145940262795
Tolima,2021-03-31,1.241208121133241,19.4629432069042
Tolima,2021-04-01,16.62382429037179,20.204771722093632
Tolima,2021-04-02,8.007632406762468,20.00083769006211
Tolima,2021-04-03,7.4833272926052,19.421933376162208
Tolima,2021-04-04,13.56933789169765,19.227572050298107
Tolima,2021-04-05,1.9484973847435283,19.40396748285584
Tolima,2021-04-06,6.638771012564695,19.11367129485766
Tolima,2021-04-07,0.9438963315952,19.035029123089185
Tolima,2021-04-08,0.0,19.583308197452556
Tolima,2021-04-09,4.540579278026978,19.27653819389056
Tolima,2021-04-10,0.1325094480932439,19.04831293417924
Tolima,2021-04-11,7.328827859057794,19.600501709220755
Tolima,2021-04-12,23.374214410905715,19.695449764510037
Tolima,2021-04-13,0.0448253165019724,20.02011898675199
Tolima,2021-04-14,7.971642021121006,20.17599743261491
Tolima,2021-04-15,6.363412198651579,19.36331244000321
Tolima,2021-04-16,6.745953540829276,19.339186598045472
Tolima,2021-04-17,16.996248307075064,19.485834864579843
Tolima,2021-04-18,2.699792790510893,19.614699835714035
Tolima,2021-04-19,9.823968727966408,18.77222130366438
Tolima,2021-04-20,1.8496696017923813,19.845101348705423
Tolima,2021-04-21,6.677430987569648,19.88123232350364
Tolima,2021-04-22,0.7156431431722571,20.490464201033355
Tolima,2021-04-23,7.5650876451714675,20.34818992387296
Tolima,2021-04-24,1.0898234906570925,20.70482286740704
Tolima,2021-04-25,6.835424526180141,20.288756247571847
Tolima,2021-04-26,16.399024849192394,20.14442161065411
Tolima,2021-04-27,10.403708522757858,19.209121010516537
Tolima,2021-04-28,13.04859166301497,18.637125358090582
Tolima,2021-04-29,9.26134106732979,18.341149689452777
Tolima,2021-04-30,26.735694377018078,16.933617948306974
Tolima,2021-05-01,2.167135641186001,17.92263293181711
Tolima,2021-05-02,12.209341156982648,18.021396891404333
Tolima,2021-05-03,12.97623868783621,17.507415316331834
Tolima,2021-05-04,2.0154479771355343,17.740103678425672
Tolima,2021-05-05,3.454396497067436,18.12161896886623
Tolima,2021-05-06,12.089959664066964,18.52108444591237
Tolima,2021-05-07,8.142917739818445,18.43269246984488
Tolima,2021-05-08,7.123092897103778,18.246045627626277
Tolima,2021-05-09,2.284795600551172,18.941130591628955
Tolima,2021-05-10,7.776445432058155,18.392920875514307
Tolima,2021-05-11,0.112283372987198,18.478385623115496
Tolima,2021-05-12,0.4195809764411918,19.152992627374683
Tolima,2021-05-13,0.5740400052072213,19.67868860245689
Tolima,2021-05-14,1.7429652915117648,19.32753115340653
Tolima,2021-05-15,7.584491826712568,19.43548113478029
Tolima,2021-05-16,7.663447773348713,19.20280335636397
Tolima,2021-05-17,12.429419120479022,18.242432297273744
Tolima,2021-05-18,1.8240272240223645,18.43204285574605
Tolima,2021-05-19,0.2431533808232416,19.209155015798103
Tolima,2021-05-20,0.0123342161164411,19.536576243349792
Tolima,2021-05-21,1.6113012227422288,19.930169830162207
Tolima,2021-05-22,8.349934621326913,19.40012101561739
Tolima,2021-05-23,7.128615401684898,19.342179104798102
Tolima,2021-05-24,0.069507194618981,19.66474483130464
Tolima,2021-05-25,0.1426231504056302,19.85355294641352
Tolima,2021-05-26,4.597766263153468,19.64179601577095
Tolima,2021-05-27,0.3887212933326129,19.601534885247503
Tolima,2021-05-28,0.1726075469336715,19.47085296610478
Tolima,2021-05-29,14.583504192993589,19.028151283484643
Tolima,2021-05-30,4.8766477932152,18.85434205482261
Tolima,2021-05-31,8.833606139223162,18.944510337072664
Tolima,2021-06-01,3.955431444404808,19.312395830928192
Tolima,2021-06-02,6.382765457773561,19.56384378671742
Tolima,2021-06-03,9.193121408382703,19.60351650011495
Tolima,2021-06-04,16.344464494548678,19.19480296056075
Tolima,2021-06-05,3.3472897684125336,19.48898718967675
Tolima,2021-06-06,4.086706247588389,19.555183642973443
Tolima,2021-06-07,3.5195155495853534,19.195678637470174
Tolima,2021-06-08,17.79955393161945,17.63303287756084
Tolima,2021-06-09,0.0382535437976194,17.6483894221763
Tolima,2021-06-10,13.079675240583448,17.91236720482657
Tolima,2021-06-11,0.7298832186304612,18.57251803707194
Tolima,2021-06-12,2.4202834300710148,19.22761001033165
Tolima,2021-06-13,28.72915802266221,18.32360028777607
Tolima,2021-06-14,11.110945178852376,17.80996291961747
Tolima,2021-06-15,7.990819069871733,17.495281652859372
Tolima,2021-06-16,8.794831394563623,17.99786563557238
Tolima,2021-06-17,5.228233876793978,18.670224591518416
Tolima,2021-06-18,0.516891145608309,19.009672238114188
Tolima,2021-06-19,2.5330660721531184,18.733080740800474
Tolima,2021-06-20,0.356692975668353,18.40617733963773
Tolima,2021-06-21,3.733333804672722,18.44751313773951
Tolima,2021-06-22,2.917414390244185,18.631227532485077
Tolima,2021-06-23,1.661136277599344,18.45599972418184
Tolima,2021-06-24,5.142827162137232,18.669156685942827
Tolima,2021-06-25,11.800323743231225,18.84577851656513
Tolima,2021-06-26,1.1669208317122628,18.55261707321899
Tolima,2021-06-27,4.854782986345242,17.78049811485753
Tolima,2021-06-28,0.4145551524032269,18.27378431052748
Tolima,2021-06-29,4.458057406656242,18.95640066467674
Tolima,2021-06-30,0.5262269248146985,18.240723078134607
Tolima,2021-07-01,0.0201077347554089,18.067451087132827
Tolima,2021-07-02,0.0,18.458635910233152
Tolima,2021-07-03,0.0,18.69590495273668
Tolima,2021-07-04,0.0,18.673009832480076
Tolima,2021-07-05,0.0,19.161662985441357
Tolima,2021-07-06,0.0585627302936053,19.40987612615914
Tolima,2021-07-07,0.0,19.63981201908417
Tolima,2021-07-08,0.0022237453377395,19.695355269857203
Tolima,2021-07-09,0.0173567923382346,18.5124845064793
Tolima,2021-07-10,1.2588073262507156,18.96247811004848
Tolima,2021-07-11,6.813342171144628,18.97409002518116
Tolima,2021-07-12,1.650060239256673,19.37547365524421
Tolima,2021-07-13,0.2403138551507324,19.08014125096555
Tolima,2021-07-14,0.1772566334730063,18.912446840298173
Tolima,2021-07-15,1.972189926756145,19.9819005501695
Tolima,2021-07-16,0.0600862458888586,20.08659775093889
Tolima,2021-07-17,2.116929964044889,19.84132121468273
Tolima,2021-07-18,0.816125686704994,19.02623559586332
Tolima,2021-07-19,0.0,18.973659527285403
Tolima,2021-07-20,0.0,19.803556414754325
Tolima,2021-07-21,0.0,19.169730457736264
Tolima,2021-07-22,0.9908712860767782,19.037323839069494
Tolima,2021-07-23,1.4567395463432318,19.607128259886306
Tolima,2021-07-24,6.145159988711935,18.755864771516
Tolima,2021-07-25,6.736174798467148,18.20174683627254
Tolima,2021-07-26,0.9896661417008792,19.0693647379368
Tolima,2021-07-27,15.484204468834765,18.660887141741224
Tolima,2021-07-28,6.415797020152379,19.37894664772599
Tolima,2021-07-29,1.0337686771101764,19.713784752081786
Tolima,2021-07-30,0.1325121239938913,19.153356795064568
Tolima,2021-07-31,0.0113524421659752,19.85306044065721
Tolima,2021-08-01,0.0,19.648036875649648
Tolima,2021-08-02,2.609486154402914e-05,18.86741694216769
Tolima,2021-08-03,1.0003700647475642,18.53692692153687
Tolima,2021-08-04,0.0169946413691681,19.15565126165017
Tolima,2021-08-05,0.0,18.94450159255058
Tolima,2021-08-06,0.0,19.237025387355946
Tolima,2021-08-07,0.313411958787793,19.44902822713166
Tolima,2021-08-08,2.672218289549971,19.497650331202017
Tolima,2021-08-09,10.221808303957166,18.94146509539121
Tolima,2021-08-10,8.34595002040738,19.893657536115672
Tolima,2021-08-11,0.7651526472641769,19.62709546794045
Tolima,2021-08-12,4.948612501410759,19.51407564667277
Tolima,2021-08-13,5.283566807213904,19.45199445209106
Tolima,2021-08-14,3.164005749175445,19.11837985667451
Tolima,2021-08-15,19.68594457655257,19.31813539892851
Tolima,2021-08-16,5.355928303461359,19.56982704575505
Tolima,2021-08-17,7.963212713841039,18.51524193982184
Tolima,2021-08-18,0.3467782241058479,18.856998355993035
Tolima,2021-08-19,7.65743807818114,19.173416132711896
Tolima,2021-08-20,5.583574252465299,19.13114801899165
Tolima,2021-08-21,5.868311868857166,19.387657405748687
Tolima,2021-08-22,0.178293659349251,20.1082153145208
Tolima,2021-08-23,0.3395889037917516,20.232556936523604
Tolima,2021-08-24,16.666251973156648,19.85124767976201
Tolima,2021-08-25,0.8922932085040166,19.66245797761896
Tolima,2021-08-26,16.202648846253684,19.057286349369424
Tolima,2021-08-27,0.5282846475172059,19.064474880981685
Tolima,2021-08-28,16.649112508854287,19.03672557893388
Tolima,2021-08-29,7.960644196318029,19.84237950729272
Tolima,2021-08-30,3.0847440130788373,19.3028297459136
Tolima,2021-08-31,1.5835627556695846,18.629336413404538
Tolima,2021-09-01,6.47538271151474,18.267569053246376
Tolima,2021-09-02,0.0043172994535657,19.35702565708428
Tolima,2021-09-03,5.351502780527299,19.770517241837428
Tolima,2021-09-04,1.5568251860260534,20.041942701245315
Tolima,2021-09-05,4.665351823327423,19.628945803070987
Tolima,2021-09-06,11.63930450658206,18.50071900263645
Tolima,2021-09-07,0.0101302627082172,19.373001656972217
Tolima,2021-09-08,6.82668589747872,19.13178254802088
Tolima,2021-09-09,1.3696896577673303,19.816445496513733
Tolima,2021-09-10,2.563147636764633,19.781937664525344
Tolima,2021-09-11,7.526922082369724,19.425478025349573
Tolima,2021-09-12,3.502151740494872,19.30116812406661
Tolima,2021-09-13,0.0,19.713688548528943
Tolima,2021-09-14,0.4516061754705429,19.856024994203604
Tolima,2021-09-15,5.479307173345828,19.688575588201022
Tolima,2021-09-16,0.0,19.42743957234996
Tolima,2021-09-17,0.0,19.9561121640764
Tolima,2021-09-18,0.0,20.433368925254616
Tolima,2021-09-19,0.0916987172530883,20.503169019236843
Tolima,2021-09-20,0.2671312498469789,20.36244078437156
Tolima,2021-09-21,7.90461146860885,20.19851237164997
Tolima,2021-09-22,2.56533424095116,20.205034157904706
Tolima,2021-09-23,13.214815981575017,19.49719117776573
Tolima,2021-09-24,0.413613641285295,20.21348320150195
Tolima,2021-09-25,0.0791422442400225,19.68731433655717
Tolima,2021-09-26,0.0,20.3264520036927
Tolima,2021-09-27,0.0,20.79780256875834
Tolima,2021-09-28,2.04248412095721,20.00422846609462
Tolima,2021-09-29,2.394110801736838,19.32390748778781
Tolima,2021-09-30,18.747922889716712,17.774318616607328
Tolima,2021-10-01,0.2727190006426997,18.54264816863864
Tolima,2021-10-02,1.4755769757635369,19.437882470402503
Tolima,2021-10-03,0.9402507111393914,20.22466751930533
Tolima,2021-10-04,7.953713969528243,19.91791995533115
Tolima,2021-10-05,12.606493803809506,19.930246888512613
Tolima,2021-10-06,5.007880179141775,19.670748547214124
Tolima,2021-10-07,5.379198456955038,20.13838371814641
Tolima,2021-10-08,11.184153527693944,20.23962184048751
Tolima,2021-10-09,46.3536039258729,18.841969871289315
Tolima,2021-10-10,1.9850725764581416,19.634956656486164
Tolima,2021-10-11,17.057341014160375,18.127028326299715
Tolima,2021-10-12,0.0024212193660895,19.692033716106
Tolima,2021-10-13,2.027821046558206,19.888904300275694
Tolima,2021-10-14,2.9819195126128077,19.82129519327072
Tolima,2021-10-15,20.74149850346864,20.093239078817035
Tolima,2021-10-16,17.99247680950023,19.64679418632963
Tolima,2021-10-17,15.993091523510872,17.725962005155992
Tolima,2021-10-18,0.0,18.744207071644823
Tolima,2021-10-19,4.462789563815835,19.268389486623875
Tolima,2021-10-20,3.3694400128769164,18.98403737157184
Tolima,2021-10-21,16.72200019470592,18.95156903726029
Tolima,2021-10-22,13.179013266963011,18.78586403327009
Tolima,2021-10-23,6.103967991419675,18.93250749082056
Tolima,2021-10-24,8.834481811183478,19.13496163931788
Tolima,2021-10-25,2.3805358212269496,19.32641347198217
Tolima,2021-10-26,11.32190310669232,18.51234702752374
Tolima,2021-10-27,13.435468242701225,18.27559667446561
Tolima,2021-10-28,1.7930539633496407,19.123897493208805
Tolima,2021-10-29,6.958046801062536,19.051351669289527
Tolima,2021-10-30,16.716991014136166,19.0247036598453
Tolima,2021-10-31,3.4852666171328788,18.32685873227186
Tolima,2021-11-01,0.1608106736163607,18.60187197320256
Tolima,2021-11-02,2.4159467829650243,18.372321325726475
Tolima,2021-11-03,15.777184669083171,18.281709754059765
Tolima,2021-11-04,13.42718710544208,18.086280891632917
Tolima,2021-11-05,7.240687082784678,18.65187061023996
Tolima,2021-11-06,0.4965037181144479,19.130091794281466
Tolima,2021-11-07,1.6691233014353768,19.1279837322444
Tolima,2021-11-08,19.50487410620107,19.2641645351782
Tolima,2021-11-09,8.48020264554707,18.389612497491683
Tolima,2021-11-10,10.04590505900781,18.53260522555896
Tolima,2021-11-11,5.6773252693073015,18.83846968323404
Tolima,2021-11-12,6.991966006698228,19.029182721495637
Tolima,2021-11-13,21.026949760773466,19.29601565068891
Tolima,2021-11-14,0.4104517704953526,18.845107907847336
Tolima,2021-11-15,4.113444380457687,19.18485088183619
Tolima,2021-11-16,2.697024003858794,19.068567928417032
Tolima,2021-11-17,0.9191403045041484,19.32151692835744
Tolima,2021-11-18,0.0601605247168526,18.984292860322185
Tolima,2021-11-19,1.5989745144225875,18.70111856713893
Tolima,2021-11-20,2.2352064805726863,19.088426432127065
Tolima,2021-11-21,11.695880581361134,19.150526272600278
Tolima,2021-11-22,19.649223239111706,18.734756677719684
Tolima,2021-11-23,5.381341824744191,18.196414799205197
Tolima,2021-11-24,7.056549042664896,17.642162526587484
Tolima,2021-11-25,21.571010705718937,17.592880352576227
Tolima,2021-11-26,0.5501963808548267,18.088449887088
Tolima,2021-11-27,10.987260785826948,18.481707997656223
Tolima,2021-11-28,0.4572147824227415,19.05414060150806
Tolima,2021-11-29,8.178742429522993,19.22805699965865
Tolima,2021-11-30,23.38477136468172,18.746341220147617
Tolima,2021-12-01,0.7181917734598863,18.766628422342382
Tolima,2021-12-02,1.520083016132837,19.044050048087605
Tolima,2021-12-03,3.2312427213618617,19.444379569840752
Tolima,2021-12-04,3.1588130990673364,19.35976747132112
Tolima,2021-12-05,4.129683822236284,19.32208842322504
Tolima,2021-12-06,1.058064999313295,19.59562264280584
Tolima,2021-12-07,0.7644292458635166,20.18758612749096
Tolima,2021-12-08,0.0137873276948792,20.064481444484542
Tolima,2021-12-09,10.238448538030898,19.673062826602862
Tolima,2021-12-10,16.3338442882671,19.175212096533528
Tolima,2021-12-11,33.21399853683457,19.16166296365372
Tolima,2021-12-12,3.617752803673018,17.91465060004425
Tolima,2021-12-13,0.0,17.95431781511235
Tolima,2021-12-14,0.0,18.796989308475283
Tolima,2021-12-15,0.3864527511339623,19.125222343209305
Tolima,2021-12-16,0.0088913094769722,19.218709294095568
Tolima,2021-12-17,0.0576214837021558,19.01055338509245
Tolima,2021-12-18,5.50965900121358,18.578936589299357
Tolima,2021-12-19,0.0965407326344806,19.022972481249692
Tolima,2021-12-20,1.9365615649726724,19.25800693570745
Tolima,2021-12-21,0.0446653266013477,19.33318968171129
Tolima,2021-12-22,0.0136450847187402,18.860102094034527
Tolima,2021-12-23,0.0075033106142881,18.921046758482337
Tolima,2021-12-24,0.4457656836296678,19.46505716202168
Tolima,2021-12-25,0.576749372567413,19.833717657590228
Tolima,2021-12-26,14.676841900944614,19.71743119436367
Tolima,2021-12-27,2.8101904910929743,19.381205215901527
Tolima,2021-12-28,0.0848407202746676,19.42676389347044
Tolima,2021-12-29,22.014732998508947,18.91969780498864
Tolima,2021-12-30,8.77455762991874,18.37454033421436
Tolima,2021-12-31,0.1285590912779021,19.348594812963203
Tolima,2022-01-01,4.761475239099392,19.52572791075553
Tolima,2022-01-02,3.101738575785805,19.73315314885396
Tolima,2022-01-03,9.591356257151498,18.619439337607503
Tolima,2022-01-04,1.1404170516152887,18.979476173345866
Tolima,2022-01-05,0.0,18.707886336996367
Tolima,2022-01-06,0.1523020299483716,18.715414301836564
Tolima,2022-01-07,4.794569002166903,18.871613844774156
Tolima,2022-01-08,0.5391094492654761,19.054627392914227
Tolima,2022-01-09,0.1050685426234392,18.83226449719393
Tolima,2022-01-10,0.0390041517011809,18.62843974292793
Tolima,2022-01-11,6.385818838801533,18.297241724188147
Tolima,2022-01-12,0.004941676456889,18.47424039408669
Tolima,2022-01-13,0.3527272245844365,18.1237153321324
Tolima,2022-01-14,5.086748062145034,17.853219450986995
Tolima,2022-01-15,6.859385555308279,18.693128016337763
Tolima,2022-01-16,0.48573292468599,19.19015847186201
Tolima,2022-01-17,4.618226392932269,19.242290710505653
Tolima,2022-01-18,0.0,19.14303013069697
Tolima,2022-01-19,0.6384820395029663,19.644704581645897
Tolima,2022-01-20,0.023557564916966,20.552458496803155
Tolima,2022-01-21,0.2153937221870357,20.35857728828818
Tolima,2022-01-22,4.690447874355165,20.178575863050977
Tolima,2022-01-23,12.39374442430504,19.730665301483555
Tolima,2022-01-24,0.1756395809905625,20.582531404811
Tolima,2022-01-25,24.852224050499974,19.56497257087425
Tolima,2022-01-26,16.553274516711557,18.966006465552063
Tolima,2022-01-27,0.017372395318573,19.49753784902343
Tolima,2022-01-28,0.0009264478646532088,19.158361214471185
Tolima,2022-01-29,0.0160470163819782,19.140353916319043
Tolima,2022-01-30,0.1290568837346719,18.712676097153054
Tolima,2022-01-31,0.0,18.83583179805638
Tolima,2022-02-01,0.4808516341695598,19.18402656229322
Tolima,2022-02-02,0.0,19.15569547053161
Tolima,2022-02-03,0.0,19.99521080215029
Tolima,2022-02-04,4.7835392071792455,19.93363108512911
Tolima,2022-02-05,1.991900331561232,18.903037645963717
Tolima,2022-02-06,0.8179713873313956,18.155338028802586
Tolima,2022-02-07,0.7387074262731135,18.63188943676724
Tolima,2022-02-08,47.41239408463793,17.32823132241538
Tolima,2022-02-09,0.2154613461230056,17.381468667983583
Tolima,2022-02-10,3.6801679238332015,18.581459962073765
Tolima,2022-02-11,2.8040511934533905,19.07962051698996
Tolima,2022-02-12,5.804372899008137,19.339684892493125
Tolima,2022-02-13,3.654939679407348,19.58821878244472
Tolima,2022-02-14,22.449586364215232,18.83906905889911
Tolima,2022-02-15,1.8046171687402008,19.249843207314587
Tolima,2022-02-16,1.4281731351990743,19.631675654366333
Tolima,2022-02-17,1.042661680439163,20.231169269305585
Tolima,2022-02-18,30.15335903483991,19.731705678010265
Tolima,2022-02-19,5.226146707716152,18.853965375379204
Tolima,2022-02-20,1.483093041452326,18.392697774537154
Tolima,2022-02-21,5.322506817462877,18.376015051209937
Tolima,2022-02-22,4.668349589943304,19.59898741173328
Tolima,2022-02-23,12.877914728991074,19.587995117999373
Tolima,2022-02-24,8.97070557710215,19.804023876028342
Tolima,2022-02-25,23.12014526820315,19.778889157864988
Tolima,2022-02-26,8.253343527398837,19.09442525640841
Tolima,2022-02-27,4.566818104295173,18.461432316981387
Tolima,2022-02-28,10.698504450046444,17.54889140257248
Tolima,2022-03-01,5.34375884757448,17.910727192585707
Tolima,2022-03-02,12.507561075002648,18.04754510355121
Tolima,2022-03-03,11.897544565749897,17.8870313314611
Tolima,2022-03-04,21.759914206269368,18.12080885409785
Tolima,2022-03-05,9.701092446521775,18.383219796829003
Tolima,2022-03-06,8.152967604286019,18.02505668833321
Tolima,2022-03-07,12.616918023634346,17.888709134180274
Tolima,2022-03-08,0.0070009382121976,18.254037965918556
Tolima,2022-03-09,0.0442956756311821,18.41836939287505
Tolima,2022-03-10,1.2762543954025731,18.3881048924542
Tolima,2022-03-11,0.7021322385578366,18.62559556903304
Tolima,2022-03-12,1.70335546275361,19.09000810902077
Tolima,2022-03-13,5.529753294409812,18.86391454977496
Tolima,2022-03-14,3.530522522861062,19.05118381721424
Tolima,2022-03-15,11.072368627703147,18.72239369787315
Tolima,2022-03-16,0.5153892088757364,18.65530644339175
Tolima,2022-03-17,14.345431065671365,18.773878031813936
Tolima,2022-03-18,4.73742525244071,18.913734967157108
Tolima,2022-03-19,11.708946651743602,19.012354477418405
Tolima,2022-03-20,12.587885021381554,18.962835360793846
Tolima,2022-03-21,9.457533105788643,19.04784638878897
Tolima,2022-03-22,15.501329222410444,19.52136398097626
Tolima,2022-03-23,3.812921301105393,19.774528259147004
Tolima,2022-03-24,2.829441641541931,19.839073604935223
Tolima,2022-03-25,9.216536211458385,19.52113959392252
Tolima,2022-03-26,16.634714616944052,18.698804124112183
Tolima,2022-03-27,17.15305505134412,18.566239023568
Tolima,2022-03-28,4.348934958378627,17.977153718444136
Tolima,2022-03-29,5.169269405684308,18.81095855567221
Tolima,2022-03-30,13.90474187206664,18.892117279356683
Tolima,2022-03-31,10.311016137034947,18.60043776817089
Tolima,2022-04-01,6.046870821894164,19.21814987321965
Tolima,2022-04-02,7.960872469503664,19.248500197017982
Tolima,2022-04-03,3.59717477972468,19.65720526662707
Tolima,2022-04-04,19.054481035686106,19.289521258952192
Tolima,2022-04-05,5.42120438459883,19.08981704746293
Tolima,2022-04-06,10.588070839635355,19.746167714407747
Tolima,2022-04-07,8.748214036239306,19.9504409057914
Tolima,2022-04-08,11.227366498028502,19.386659210777548
Tolima,2022-04-09,13.406403632676469,18.74443963619534
Tolima,2022-04-10,5.914590084104452,19.581413720855604
Tolima,2022-04-11,6.110430507531922,19.70742227461642
Tolima,2022-04-12,3.376564313422116,19.93125831358733
Tolima,2022-04-13,4.351854944147814,20.29113940204233
Tolima,2022-04-14,0.180446560163695,20.14306443269372
Tolima,2022-04-15,2.407280773604929,20.344594367334317
Tolima,2022-04-16,11.33877416841342,20.307875354256502
Tolima,2022-04-17,13.375733330130297,18.587065132407645
Tolima,2022-04-18,22.722669681387917,18.62858818673321
Tolima,2022-04-19,25.46929217633624,17.53889775149913
Tolima,2022-04-20,10.761157550855332,17.668791707194337
Tolima,2022-04-21,6.624436303226236,17.32068602336158
Tolima,2022-04-22,6.892377813169626,17.643024013609413
Tolima,2022-04-23,1.1644540791315237,17.70190130482452
Tolima,2022-04-24,0.9628323404624498,18.248611888189785
Tolima,2022-04-25,33.84106473098629,17.65948188108992
Tolima,2022-04-26,0.0083642231310792,17.986921472397142
Tolima,2022-04-27,16.034621900044947,18.78660130470292
Tolima,2022-04-28,22.48002636273766,18.29013642810083
Tolima,2022-04-29,1.7187222604214958,18.06380601648753
Tolima,2022-04-30,1.0002265533563277,18.991989987290925
Tolima,2022-05-01,0.0937587888114628,19.082759628982423
Tolima,2022-05-02,0.1842105236388179,19.351982073365164
Tolima,2022-05-03,0.0,19.74222104189453
Tolima,2022-05-04,0.0,20.07141755273944
Tolima,2022-05-05,18.48804378461446,18.77499147879587
Tolima,2022-05-06,0.8635599049787328,18.034142431401524
Tolima,2022-05-07,11.253676175699566,17.596151978589557
Tolima,2022-05-08,2.0643101516587024,19.196583321668747
Tolima,2022-05-09,11.560369151531765,19.96701367947696
Tolima,2022-05-10,13.025919149824158,19.802260843439075
Tolima,2022-05-11,18.34800664935823,19.029562929635325
Tolima,2022-05-12,8.453553097568532,18.906014565856022
Tolima,2022-05-13,2.552627303827529,18.982936417189407
Tolima,2022-05-14,14.564561251640397,18.975574329763397
Tolima,2022-05-15,3.755349066325138,19.438173169867728
Tolima,2022-05-16,17.922821186452527,19.111026080583503
Tolima,2022-05-17,11.026362931505837,18.35207634102657
Tolima,2022-05-18,14.177660807348689,17.84804350230581
Tolima,2022-05-19,1.5273482828264917,17.868559606636268
Tolima,2022-05-20,15.465386726006049,18.302349861421792
Tolima,2022-05-21,7.555784262042893,18.44935873828721
Tolima,2022-05-22,0.4959119289645419,19.39307067264875
Tolima,2022-05-23,11.642609495741675,19.432666610302174
Tolima,2022-05-24,6.753481731906193,19.25042774999829
Tolima,2022-05-25,7.113192268209754,18.860685439647654
Tolima,2022-05-26,4.234772854097633,18.716753951957475
Tolima,2022-05-27,5.268150695665254,18.682247243348236
Tolima,2022-05-28,0.2592296921711346,18.83452808038661
Tolima,2022-05-29,1.106530333995552,18.66934002429456
Tolima,2022-05-30,2.6646799931213923,18.386967502838065
Tolima,2022-05-31,3.3523849587425447,18.57433169196065
Tolima,2022-06-01,7.078371225423491,18.471702653848865
Tolima,2022-06-02,17.255774237408403,18.577904392569614
Tolima,2022-06-03,3.3578160912308834,17.787089965500414
Tolima,2022-06-04,9.409699467181008,17.749108116080123
Tolima,2022-06-05,17.399578037747286,18.37200876934685
Tolima,2022-06-06,5.705894039511705,18.85699256878097
Tolima,2022-06-07,40.38149549536227,18.16675727697716
Tolima,2022-06-08,0.1302467493174682,17.833555071961893
Tolima,2022-06-09,1.963944817235921,18.284386432895328
Tolima,2022-06-10,6.562578838093522,18.623097177490077
Tolima,2022-06-11,20.79193435572755,18.12683784364436
Tolima,2022-06-12,1.643689501493614,17.89489515849764
Tolima,2022-06-13,4.827344996949663,17.93212929877945
Tolima,2022-06-14,0.0,18.56540021818339
Tolima,2022-06-15,0.1573103665906957,18.66944792944868
Tolima,2022-06-16,0.3350011040051374,18.867415300049963
Tolima,2022-06-17,1.8526216525403656,18.44837673514193
Tolima,2022-06-18,2.057146246166061,18.44629561821476
Tolima,2022-06-19,14.981315231660252,17.745848267924746
Tolima,2022-06-20,27.15847570411729,17.560038760828395
Tolima,2022-06-21,5.6012372188423205,18.135906495814087
Tolima,2022-06-22,5.014917888353788,18.887417312122466
Tolima,2022-06-23,14.551408990865864,18.101673199606008
Tolima,2022-06-24,0.0,17.7003472774871
Tolima,2022-06-25,6.062601972272479,17.7530831561064
Tolima,2022-06-26,2.148081605243331,17.063557727399147
Tolima,2022-06-27,0.013144868400457,17.82214978337422
Tolima,2022-06-28,0.0837341357758238,18.348795522989885
Tolima,2022-06-29,13.641999582457874,17.96182750548523
Tolima,2022-06-30,3.911140614062221,18.636722655483595
Tolima,2022-07-01,1.2120465114006378,19.214635265942565
Tolima,2022-07-02,4.123571711025654,19.06202717953802
Tolima,2022-07-03,0.0,19.29996304804233
Tolima,2022-07-04,1.0136746164291792,19.219235974509044
Tolima,2022-07-05,0.4803533139868053,19.063473787949498
Tolima,2022-07-06,0.0,19.468106519818598
Tolima,2022-07-07,0.0,19.433614956571144
Tolima,2022-07-08,2.339928491803846,18.907280230373296
Tolima,2022-07-09,0.0012969658059512,19.07428030900142
Tolima,2022-07-10,0.1329320886249489,19.375963796778844
Tolima,2022-07-11,2.198447609721867,18.4660983712578
Tolima,2022-07-12,0.0,18.63808405545345
Tolima,2022-07-13,14.38057484410333,18.79539119358471
Tolima,2022-07-14,0.3511918168527519,18.53775067042037
Tolima,2022-07-15,2.1915448279026197,18.753525824935053
Tolima,2022-07-16,2.4588294890515803,19.38763708970116
Tolima,2022-07-17,5.752109794710695,19.26533326569306
Tolima,2022-07-18,4.037736378806936,19.48178403602459
Tolima,2022-07-19,0.0,19.75035151621692
Tolima,2022-07-20,1.778239099985398,19.231409197010738
Tolima,2022-07-21,0.0,18.922261329530063
Tolima,2022-07-22,0.0464161751267265,19.067620126043305
Tolima,2022-07-23,7.109835304942917,18.742676583272093
Tolima,2022-07-24,4.640331453345777,18.40990721316539
Tolima,2022-07-25,22.76913655732687,18.46210824903508
Tolima,2022-07-26,3.277971539965351,18.586079044135214
Tolima,2022-07-27,8.515806484132149,17.992504607830213
Tolima,2022-07-28,17.427553740819427,18.02475510402876
Tolima,2022-07-29,1.110686539501092,18.694051924996835
Tolima,2022-07-30,0.7043030840922182,19.634502844376797
Tolima,2022-07-31,15.209307958405672,18.86699701051425
Tolima,2022-08-01,11.88257811800714,19.603928965934884
Tolima,2022-08-02,23.267747145941755,18.66059853478515
Tolima,2022-08-03,0.0494837674610269,18.762077975117435
Tolima,2022-08-04,5.720604216203231,19.115133056899584
Tolima,2022-08-05,7.26002665749358,19.458563801537068
Tolima,2022-08-06,5.398152884586839,18.70510884387592
Tolima,2022-08-07,0.0116720610507267,19.6177768400231
Tolima,2022-08-08,0.010234918646998,19.984823457538894
Tolima,2022-08-09,1.5292278341970258,19.348460668462373
Tolima,2022-08-10,0.0167744739234334,18.784672130511748
Tolima,2022-08-11,0.0166174952428523,19.618154365369893
Tolima,2022-08-12,1.4061885765782178,19.19514550010621
Tolima,2022-08-13,7.4749502337604445,18.57594274871353
Tolima,2022-08-14,5.878616540897265,18.432752690257068
Tolima,2022-08-15,6.91298119543629,19.12106745234665
Tolima,2022-08-16,1.00534836389156,18.968422457990595
Tolima,2022-08-17,0.717455950256623,19.230832313145065
Tolima,2022-08-18,0.4832458539171547,20.30226079799976
Tolima,2022-08-19,2.1070455853491654,20.830127841592965
Tolima,2022-08-20,5.054943425832841,19.62918172478737
Tolima,2022-08-21,0.3471416076247581,19.281879409966844
Tolima,2022-08-22,1.8361665998733527,19.47274027042817
Tolima,2022-08-23,0.0104026978837216,19.890712357148885
Tolima,2022-08-24,0.0,20.118850675610304
Tolima,2022-08-25,0.0,19.873669636459773
Tolima,2022-08-26,0.001851695832738,20.2782882033843
Tolima,2022-08-27,0.166248146023535,20.45567483700223
Tolima,2022-08-28,1.8995598257285504,19.86378336542303
Tolima,2022-08-29,1.2318177272311186,18.842325573839677
Tolima,2022-08-30,0.0093384034271733,19.648638826665923
Tolima,2022-08-31,0.7632738223312102,20.10165409041125
Tolima,2022-09-01,1.2351539127829256,19.629351870411327
Tolima,2022-09-02,5.724417319007893,19.04335702829912
Tolima,2022-09-03,3.710221184643372,19.368319080387312
Tolima,2022-09-04,1.3796052404203845,19.445460734917816
Tolima,2022-09-05,0.0,19.773845470731665
Tolima,2022-09-06,0.0033141394768656,20.153329827739466
Tolima,2022-09-07,0.0966032836311922,20.31646250131363
Tolima,2022-09-08,0.7736669269978516,20.580744600211627
Tolima,2022-09-09,2.78969076531487,19.850025111025182
Tolima,2022-09-10,0.0128840477000067,19.515023729352595
Tolima,2022-09-11,3.6647627676399086,20.29415070570341
Tolima,2022-09-12,0.3808851136520233,20.236813075935665
Tolima,2022-09-13,9.449546124111825,18.430027208353984
Tolima,2022-09-14,2.943848137141684,18.944335649474223
Tolima,2022-09-15,27.448731729162755,20.03363874985412
Tolima,2022-09-16,21.480107838650444,18.885090679992206
Tolima,2022-09-17,0.6803509732253938,19.172370276830115
Tolima,2022-09-18,0.2028976594795976,19.59468287279496
Tolima,2022-09-19,1.990783679349373,19.024529838663824
Tolima,2022-09-20,17.723237343687032,18.194880279721225
Tolima,2022-09-21,8.774540981750901,18.27208123240124
Tolima,2022-09-22,3.94517562848212,18.41682419476464
Tolima,2022-09-23,0.5746641653400612,18.83937234281735
Tolima,2022-09-24,10.14066306881083,18.9684774564118
Tolima,2022-09-25,8.651456922427462,19.36277235682699
Tolima,2022-09-26,2.070777975208629,20.16466218844055
Tolima,2022-09-27,0.040739631203809,20.37662095550743
Tolima,2022-09-28,2.4650871036096578,19.71216009138984
Tolima,2022-09-29,5.633095972302021,18.84831886946165
Tolima,2022-09-30,19.220275412530725,19.18074875766028
Tolima,2022-10-01,25.15473645080861,18.2666364910379
Tolima,2022-10-02,0.1088376077800609,18.940598051320965
Tolima,2022-10-03,0.0,19.739240701585565
Tolima,2022-10-04,1.0182686902118794,20.032228898334488
Tolima,2022-10-05,19.40382297894223,19.58741565548195
Tolima,2022-10-06,5.238658392429904,19.22425982908672
Tolima,2022-10-07,4.805688256717716,19.364104661647445
Tolima,2022-10-08,32.15846605727034,18.74496942874946
Tolima,2022-10-09,0.9795942971529334,18.686369155110768
Tolima,2022-10-10,8.031618856126284,18.67284749120993
Tolima,2022-10-11,0.834593474446446,19.50608893741857
Tolima,2022-10-12,3.1619380292750545,19.48922491968845
Tolima,2022-10-13,11.585543507777338,19.52229471548748
Tolima,2022-10-14,15.293463133540689,19.41283394270549
Tolima,2022-10-15,14.214317135234856,18.661639849248303
Tolima,2022-10-16,4.771541737600378,19.227152006807824
Tolima,2022-10-17,12.654110709350917,19.49074662930993
Tolima,2022-10-18,25.866838192664183,19.068496897062264
Tolima,2022-10-19,7.432421292553381,18.82113476810535
Tolima,2022-10-20,41.13150792251323,17.906571201422672
Tolima,2022-10-21,1.696597670754299,18.53192110911649
Tolima,2022-10-22,3.141509544424872,18.825869042475407
Tolima,2022-10-23,18.238583865852764,18.484050220768303
Tolima,2022-10-24,39.99129094827965,18.271224019677327
Tolima,2022-10-25,16.844570092763487,18.991612290028883
Tolima,2022-10-26,53.1113869994354,18.170299600113992
Tolima,2022-10-27,31.50390893715176,18.12811542990505
Tolima,2022-10-28,13.003280935366307,17.944088678305846
Tolima,2022-10-29,45.32756174176249,17.661477094116062
Tolima,2022-10-30,1.6217553492474883,18.11443682885869
Tolima,2022-10-31,0.0,18.3775614406105
Tolima,2022-11-01,0.0,18.425062203988443
Tolima,2022-11-02,18.856148750262765,18.632043848986108
Tolima,2022-11-03,1.6962258626124975,18.203913798741027
Tolima,2022-11-04,1.495794706950257,19.06760201069911
Tolima,2022-11-05,8.48059788368014,18.49284402205816
Tolima,2022-11-06,12.081120781890336,18.249235658308468
Tolima,2022-11-07,5.018480604946092,18.528987651272583
Tolima,2022-11-08,19.863362457184607,18.380791425945056
Tolima,2022-11-09,15.038417522931402,18.469297706860534
Tolima,2022-11-10,21.95816296939211,17.7349849834236
Tolima,2022-11-11,1.3435815675138094,17.97584352945846
Tolima,2022-11-12,4.145463403089058,18.075218799827745
Tolima,2022-11-13,12.594457570067531,18.221857482751616
Tolima,2022-11-14,1.322768978695252,18.481090347258757
Tolima,2022-11-15,3.710298698537124,18.087668100327605
Tolima,2022-11-16,10.125854561992533,18.820957365862032
Tolima,2022-11-17,10.8173162050332,18.772984828048354
Tolima,2022-11-18,14.513868638225723,18.68992700664561
Tolima,2022-11-19,5.212198725548928,19.05936492667948
Tolima,2022-11-20,8.888537361423879,19.018460766355822
Tolima,2022-11-21,2.8395235648725032,19.111624229566317
Tolima,2022-11-22,6.903473100933857,18.37063548030645
Tolima,2022-11-23,1.552992191908184,17.843164579853365
Tolima,2022-11-24,1.685324784647957,17.997630727955077
Tolima,2022-11-25,6.142849997815592,18.46723576748379
Tolima,2022-11-26,6.762277311402672,18.62268856631708
Tolima,2022-11-27,17.87720883368764,17.750226842805645
Tolima,2022-11-28,4.237734470347909,17.89946478831804
Tolima,2022-11-29,24.88761601415412,17.805875534773826
Tolima,2022-11-30,13.446466535043909,17.456576442057976
Tolima,2022-12-01,3.96967968343324,17.859398709334002
Tolima,2022-12-02,0.4449049974414656,18.24630065002928
Tolima,2022-12-03,0.1325236023247169,18.18181429216496
Tolima,2022-12-04,1.5639620968510146,17.796887302541105
Tolima,2022-12-05,5.434796160459732,17.268780706224028
Tolima,2022-12-06,1.3785894882467855,17.26246553341442
Tolima,2022-12-07,2.8396637728217176,17.590225613658344
Tolima,2022-12-08,0.6822754273705738,17.46752498523709
Tolima,2022-12-09,0.0470631720600887,18.092726039350797
Tolima,2022-12-10,5.513508445498408,18.152594137029126
Tolima,2022-12-11,1.5492582593713,18.32660501460345
Tolima,2022-12-12,4.743078349316711,18.404099200098027
Tolima,2022-12-13,6.632460194671631,18.31752204973005
Tolima,2022-12-14,6.089963222728204,18.405006961660863
Tolima,2022-12-15,0.030312082229986,18.62769073716111
Tolima,2022-12-16,0.2944475447278651,18.524378972978383
Tolima,2022-12-17,0.1477461433622569,19.25034540582468
Tolima,2022-12-18,13.122858900846351,18.903619276511648
Tolima,2022-12-19,2.701037230666059e-05,18.48195388099995
Tolima,2022-12-20,0.4579318176231229,19.216790437265093
Tolima,2022-12-21,2.357119017710444,19.43125920361325
Tolima,2022-12-22,0.9488733031532982,19.92903552080907
Tolima,2022-12-23,2.990846969855387,20.063211028222856
Tolima,2022-12-24,22.081144215920187,19.262703343932568
Tolima,2022-12-25,3.412588339234865,19.22554472297269
Tolima,2022-12-26,0.6976194621637257,19.140643148181265
Tolima,2022-12-27,3.992222123129304,19.041618263431044
Tolima,2022-12-28,0.3363873919305604,18.95547814537165
Tolima,2022-12-29,2.340075494141716,18.937398368031303
Tolima,2022-12-30,0.2436972888684316,19.274778733607032
Tolima,2022-12-31,25.81269812067972,19.17929918999775
Tolima,2023-01-01,1.044546134535557,18.673314036788344
Tolima,2023-01-02,1.0934788291396909,18.322006629573565
Tolima,2023-01-03,10.833913315115325,17.744861259116906
Tolima,2023-01-04,1.1718958007924662,17.74182547757994
Tolima,2023-01-05,0.5447224423000402,18.666700594975023
Tolima,2023-01-06,8.067634936354715,18.716747394149458
Tolima,2023-01-07,22.19524975650289,18.074838125622847
Tolima,2023-01-08,9.317106930365044,17.234269936019725
Tolima,2023-01-09,1.485754371032175,17.480448969862923
Tolima,2023-01-10,14.616362747652772,17.493931613191375
Tolima,2023-01-11,0.2166373310554266,17.44524335893662
Tolima,2023-01-12,19.32933355402416,17.47162342226905
Tolima,2023-01-13,3.472709444440758,17.573773707528407
Tolima,2023-01-14,42.70161865159594,17.82206872844101
Tolima,2023-01-15,4.048526910008915,17.738790323514376
Tolima,2023-01-16,15.385217723899515,17.879062201873236
Tolima,2023-01-17,6.671836833735851,18.23967192469777
Tolima,2023-01-18,11.516858724137592,18.142527116673264
Tolima,2023-01-19,3.4560844208942365,17.846904292055417
Tolima,2023-01-20,19.309354381986893,17.82053706479386
Tolima,2023-01-21,3.897451341102829,17.88568026998116
Tolima,2023-01-22,9.592665523132275,17.88076751934422
Tolima,2023-01-23,0.0126100289222092,18.13485756054148
Tolima,2023-01-24,0.0,18.753683126664058
Tolima,2023-01-25,0.0,18.754701292330186
Tolima,2023-01-26,0.0,19.49278692643335
Tolima,2023-01-27,0.1101656583052311,19.32106714074097
Tolima,2023-01-28,0.0,19.179516777074287
Tolima,2023-01-29,0.0,19.621516082106854
Tolima,2023-01-30,0.0737865609840556,19.64184418290169
Tolima,2023-01-31,1.2920146982509777,19.234085324964976
Tolima,2023-02-01,0.0,19.19998939722669
Tolima,2023-02-02,0.0,19.392614727405007
Tolima,2023-02-03,0.0,19.840167373337074
Tolima,2023-02-04,0.1426453000475623,19.58639720254932
Tolima,2023-02-05,0.0385970731716401,19.858689127184785
Tolima,2023-02-06,0.4924628244697514,19.83243827152517
Tolima,2023-02-07,2.00354703471736,19.73569743143128
Tolima,2023-02-08,0.6695654677641256,19.627612881587392
Tolima,2023-02-09,3.877734808610476,19.824715427941545
Tolima,2023-02-10,0.3644985875013304,20.560887372180343
Tolima,2023-02-11,2.792172353384166,20.63581910330057
Tolima,2023-02-12,12.569722653038696,20.45761415312443
Tolima,2023-02-13,0.2167734416692094,20.45477034057221
Tolima,2023-02-14,14.296334600689976,20.101950505192868
Tolima,2023-02-15,1.310474847107906,19.76743561098577
Tolima,2023-02-16,11.607286934101966,19.26168496422961
Tolima,2023-02-17,5.226672815631334,19.18873176708104
Tolima,2023-02-18,19.3731380308815,17.99112503506291
Tolima,2023-02-19,0.3239336165427784,18.216133510743948
Tolima,2023-02-20,11.15119443148347,18.92043849634214
Tolima,2023-02-21,16.98931636824186,19.108333780299365
Tolima,2023-02-22,8.01103285916855,17.92973458185598
Tolima,2023-02-23,0.0,18.56055021658789
Tolima,2023-02-24,0.3543644038638586,20.04690785568716
Tolima,2023-02-25,1.282763065945004,20.226908007485964
Tolima,2023-02-26,0.0096148919625789,20.346661974792404
Tolima,2023-02-27,0.6031676555114881,20.5259444551304
Tolima,2023-02-28,0.371885231145692,20.790715533670724
Tolima,2023-03-01,3.8647752002405977,20.67851110396494
Tolima,2023-03-02,5.872574518778708,19.96092779196753
Tolima,2023-03-03,0.4507944510590053,20.4152499773682
Tolima,2023-03-04,3.76145219815366,20.28064260748509
Tolima,2023-03-05,12.679491651492778,18.935250378892803
Tolima,2023-03-06,10.079802645273585,19.144520291462584
Tolima,2023-03-07,23.121930998758742,18.50022833256396
Tolima,2023-03-08,15.539419059276884,18.55293117586972
Tolima,2023-03-09,18.0470371630598,17.293638099073696
Tolima,2023-03-10,1.77086379591905,17.634281602948917
Tolima,2023-03-11,38.30744585242278,17.371961716899023
Tolima,2023-03-12,4.522806790173259,17.219780089446395
Tolima,2023-03-13,15.00333084630532,17.227919607477315
Tolima,2023-03-14,5.6199277037606015,17.344367812386917
Tolima,2023-03-15,6.586580302396032,17.97622284639218
Tolima,2023-03-16,2.7422564823379747,17.632671535600185
Tolima,2023-03-17,6.3172393115909244,18.186595913671496
Tolima,2023-03-18,10.980682596131606,18.329845317503903
Tolima,2023-03-19,13.955623952363624,18.409643370881437
Tolima,2023-03-20,4.932057858254181,18.52196745393632
Tolima,2023-03-21,1.767918382655652,18.95635252178773
Tolima,2023-03-22,1.06407652114494,19.3710569565977
Tolima,2023-03-23,4.371576729309798,19.010758245087477
Tolima,2023-03-24,7.711400146698463,18.730356819379946
Tolima,2023-03-25,2.6568977814876287,18.46029387064868
Tolima,2023-03-26,2.2696099909983163,18.7367039922578
Tolima,2023-03-27,3.62154522511342,18.977880153050886
Tolima,2023-03-28,10.54449448123128,18.995040919952984
Tolima,2023-03-29,29.31727622691638,18.3470435775021
Tolima,2023-03-30,1.097989936153654,18.96629985244478
Tolima,2023-03-31,1.488670164629169,19.578533266737143
Tolima,2023-04-01,6.315404197399189,19.515723987615463
Tolima,2023-04-02,7.265078962554093,18.780169751654995
Tolima,2023-04-03,0.0,19.29247103735533
Tolima,2023-04-04,19.981072134755365,19.55233991809328
Tolima,2023-04-05,3.242072497419942,19.88030268830944
Tolima,2023-04-06,19.624571720539542,18.707488027843773
Tolima,2023-04-07,0.2318086254896753,18.74494736510921
Tolima,2023-04-08,0.5134921639278207,18.41228355477254
Tolima,2023-04-09,1.925743707686284,19.4234663884868
Tolima,2023-04-10,4.007552023184836,19.396996350106924
Tolima,2023-04-11,2.775514298972796,19.666342046318704
Tolima,2023-04-12,9.32080730920449,19.101113596707734
Tolima,2023-04-13,14.808931011990836,19.395421335281945
Tolima,2023-04-14,8.164026114460906,19.903508365307516
Tolima,2023-04-15,0.7188695171599601,20.201497347830493
Tolima,2023-04-16,17.729127767992924,19.114623372829183
Tolima,2023-04-17,17.924823828154572,17.995352888759545
Tolima,2023-04-18,7.716345622951684,17.925350211451548
Tolima,2023-04-19,0.1952051852457466,19.153437965092472
Tolima,2023-04-20,10.937499130788815,19.29054583825008
Tolima,2023-04-21,18.934459521569423,18.268918676016696
Tolima,2023-04-22,6.482833822733212,18.1650659697484
Tolima,2023-04-23,7.1861896390485125,17.70311647816141
Tolima,2023-04-24,3.847917155779864,17.85469592109916
Tolima,2023-04-25,6.363064843784169,18.47052695178361
Tolima,2023-04-26,12.307902324600905,18.58644963830028
Tolima,2023-04-27,3.554961150093193,18.66050937083908
Tolima,2023-04-28,9.958477965854694,18.962490843047203
Tolima,2023-04-29,11.486501671993532,18.522658369329868
Tolima,2023-04-30,2.1058685542934934,18.92241321860936
Tolima,2023-05-01,0.2459902613088048,19.271407403724872
Tolima,2023-05-02,1.6611121075137762,19.420221549161447
Tolima,2023-05-03,0.0064445095283059,19.61950817052492
Tolima,2023-05-04,0.0995870714688538,20.266776622610333
Tolima,2023-05-05,0.1856286701397873,20.70245042910129
Tolima,2023-05-06,0.8346959965491842,20.420095568672643
Tolima,2023-05-07,0.8233070503148733,20.83786272227129
Tolima,2023-05-08,0.0971891852937781,20.75077911101516
Tolima,2023-05-09,0.3000374555913996,21.10300540329533
Tolima,2023-05-10,6.767418339145859,20.368178649688343
Tolima,2023-05-11,4.993022235230407,19.803926728946788
Tolima,2023-05-12,3.410053101324756,20.430149719882863
Tolima,2023-05-13,4.228469713727264,20.44032095946313
Tolima,2023-05-14,8.606111403487287,20.463491793023355
Tolima,2023-05-15,8.454346948517852,19.460041308561987
Tolima,2023-05-16,1.078946898936634,19.558273685949207
Tolima,2023-05-17,8.544635293472734,19.502672115639594
Tolima,2023-05-18,0.0118360654339258,20.858730497604792
Tolima,2023-05-19,0.5896860694040011,21.1409003189734
Tolima,2023-05-20,17.20951039314412,20.150554755644112
Tolima,2023-05-21,7.297249116560959,20.26234210300045
Tolima,2023-05-22,21.271589648690927,19.278958836865385
Tolima,2023-05-23,13.639760323439305,18.82346254440192
Tolima,2023-05-24,8.094517610227902,18.95380693582688
Tolima,2023-05-25,18.76264070545341,18.819130185437142
Tolima,2023-05-26,30.68875971102073,18.89025160348554
Tolima,2023-05-27,0.0,18.848878730801417
Tolima,2023-05-28,8.765713946987068,18.72630302401464
Tolima,2023-05-29,1.3765954097395323,19.196730119055218
Tolima,2023-05-30,14.56764314489141,19.20317750233832
Tolima,2023-05-31,0.4831049251154624,19.573009082399377
Tolima,2023-06-01,13.99479304870658,18.70117797259332
Tolima,2023-06-02,0.2484782706180066,18.616602849483
Tolima,2023-06-03,0.1400803381234437,19.59218424480335
Tolima,2023-06-04,0.6008450180905491,19.750751752735724
Tolima,2023-06-05,0.0974277357596117,19.632200006839525
Tolima,2023-06-06,2.6020028866645406,19.124218499353507
Tolima,2023-06-07,1.1494555371878663,19.56403930163703
Tolima,2023-06-08,0.5252688708018649,19.51651709023024
Tolima,2023-06-09,6.902770205302555,19.199099080200785
Tolima,2023-06-10,1.572922841209696,19.443175794326905
Tolima,2023-06-11,4.777630394750754,19.490055198076536
Tolima,2023-06-12,0.2606883483995782,19.883259859453208
Tolima,2023-06-13,0.0073547087203173,20.447394268530907
Tolima,2023-06-14,1.4822676112470168,19.7821042312851
Tolima,2023-06-15,1.9867669732942392,18.71452190916384
Tolima,2023-06-16,0.0039865638339201,19.20379884137616
Tolima,2023-06-17,0.1473046166691653,19.151222251930548
Tolima,2023-06-18,0.0,19.443146798615626
Tolima,2023-06-19,0.0,19.71746270062764
Tolima,2023-06-20,0.0,20.31606887596877
Tolima,2023-06-21,0.0,20.13246125167681
Tolima,2023-06-22,0.11394820653576,20.320703286406268
Tolima,2023-06-23,4.85529582236644,19.99171942632293
Tolima,2023-06-24,6.811728301899682,20.364136690634712
Tolima,2023-06-25,8.464737206452336,19.978378492022948
Tolima,2023-06-26,4.378763890418862,19.80800300725283
Tolima,2023-06-27,0.0802645217422916,19.559121053465844
Tolima,2023-06-28,3.265100389088786,20.227317826922672
Tolima,2023-06-29,0.6118869964242106,20.729055213219382
Tolima,2023-06-30,0.2367273817020533,20.50060111474286
Tolima,2023-07-01,1.2939343294663177,20.295318072260343
Tolima,2023-07-02,2.814690139428173,20.169065427982638
Tolima,2023-07-03,5.541482813425036,19.777807931880098
Tolima,2023-07-04,8.997070365440617,18.691773838629853
Tolima,2023-07-05,1.844299560221052,19.606653100383248
Tolima,2023-07-06,0.9244270716693506,19.588510264707946
Tolima,2023-07-07,11.145488129159643,18.533699179335112
Tolima,2023-07-08,4.655230822583064,18.47230592159657
Tolima,2023-07-09,0.5380096233433833,19.28662719974028
Tolima,2023-07-10,0.0,19.542307341422102
Tolima,2023-07-11,0.0,20.006380088626315
Tolima,2023-07-12,0.751898204657347,19.87552348158585
Tolima,2023-07-13,0.8058404037566262,20.02819339993386
Tolima,2023-07-14,1.5631569431945886,19.432733645971982
Tolima,2023-07-15,1.4221884849415478,19.368008046481616
Tolima,2023-07-16,0.1057689035444033,19.828955641263143
Tolima,2023-07-17,4.492301719277964,18.3655306668646
Tolima,2023-07-18,0.0945569365828959,19.100215018634497
Tolima,2023-07-19,0.0,19.299107637696515
Tolima,2023-07-20,0.0,19.87609238448791
Tolima,2023-07-21,5.843165376440567,19.61401200966448
Tolima,2023-07-22,0.1404285750671149,19.87618366389373
Tolima,2023-07-23,0.1130590804124079,19.955973776804612
Tolima,2023-07-24,0.0201865657860103,19.788280679046448
Tolima,2023-07-25,0.0322915956901585,20.300774893797627
Tolima,2023-07-26,1.831271396386245,20.48241017836853
Tolima,2023-07-27,0.4106712982900995,20.872908796099992
Tolima,2023-07-28,0.6825365053831256,20.941200970569422
Tolima,2023-07-29,3.840816449881831,20.81426493854584
Tolima,2023-07-30,0.0413352976519717,20.18968982087972
Tolima,2023-07-31,0.3834018616250936,19.646308269497972
Tolima,2023-08-01,0.0,19.46167156020644
Tolima,2023-08-02,0.0048031773759035,19.73453855889017
Tolima,2023-08-03,0.0,20.22641842965036
Tolima,2023-08-04,0.0,20.59151231650665
Tolima,2023-08-05,0.0125592379403386,20.885848334425862
Tolima,2023-08-06,0.0334294347904884,20.561555054405428
Tolima,2023-08-07,0.5924202355071714,20.93576906718384
Tolima,2023-08-08,0.3125660496587162,21.220788513678613
Tolima,2023-08-09,4.029360741964789,20.451772737244223
Tolima,2023-08-10,0.1329050747371262,20.399405195240448
Tolima,2023-08-11,1.557778969219824,20.630998096227795
Tolima,2023-08-12,1.4585185830399563,20.842305812016807
Tolima,2023-08-13,7.382134052056161,20.211628892354323
Tolima,2023-08-14,0.0697669526622792,20.737615570347764
Tolima,2023-08-15,2.586446234076901,19.520166932235608
Tolima,2023-08-16,2.592565563562304,20.414692598645416
Tolima,2023-08-17,0.1322129092204203,21.22439081759807
Tolima,2023-08-18,3.860110458070354,21.11622136069656
Tolima,2023-08-19,1.5419520941076112,20.643919361847814
Tolima,2023-08-20,13.540569979535595,21.00789689493919
Tolima,2023-08-21,11.844560681681154,19.826528781728463
Tolima,2023-08-22,28.417551854004785,19.373903036738163
Tolima,2023-08-23,0.5693223183689397,19.930281966116077
Tolima,2023-08-24,3.2653634690095648,19.55015312825094
Tolima,2023-08-25,0.4169737422099521,19.71058578321737
Tolima,2023-08-26,0.1505245550899955,20.74488799249872
Tolima,2023-08-27,0.9203683570977288,21.308366617579864
Tolima,2023-08-28,0.0431194432795289,21.20991155265864
Tolima,2023-08-29,0.4701135140069023,21.414663612716325
Tolima,2023-08-30,0.1904642388681365,21.608631285248528
Tolima,2023-08-31,0.1550773386166603,21.606786599472944
Tolima,2023-09-01,0.0,21.78534686553762
Tolima,2023-09-02,15.496740294855051,21.70969025400833
Tolima,2023-09-03,1.3381225801867325,21.079932417970998
Tolima,2023-09-04,7.928545446976413,20.665324665417277
Tolima,2023-09-05,0.0739400658927062,21.147563622657238
Tolima,2023-09-06,0.0065857160625074,21.53714930098302
Tolima,2023-09-07,1.4482649005541144,21.422383652298493
Tolima,2023-09-08,0.2262296717082879,21.823803585073858
Tolima,2023-09-09,5.37784332847724,21.05621968393516
Tolima,2023-09-10,1.964498843430404,21.013682920554565
Tolima,2023-09-11,2.279657040641347,20.970310831728614
Tolima,2023-09-12,0.0,21.573764983186315
Tolima,2023-09-13,0.4816705655661146,22.156849516491118
Tolima,2023-09-14,3.2748879821803456,21.35809408356175
Tolima,2023-09-15,0.0,20.982673348288973
Tolima,2023-09-16,0.0,21.442554698475877
Tolima,2023-09-17,1.160146204793831,21.12660429907005
Tolima,2023-09-18,0.0,21.102426258767647
Tolima,2023-09-19,0.8139144005969497,21.196153745462777
Tolima,2023-09-20,0.0,21.36417960833469
Tolima,2023-09-21,0.0090225200844691,21.78457063695425
Tolima,2023-09-22,1.6063654160614005,22.0708507633988
Tolima,2023-09-23,5.999653906713499,21.33923806335812
Tolima,2023-09-24,5.2415523698113935,21.501978958635323
Tolima,2023-09-25,0.0,21.729234900537488
Tolima,2023-09-26,3.966709070682568,21.6498799081401
Tolima,2023-09-27,3.319100163559027,21.14519699270986
Tolima,2023-09-28,8.040556579119547,20.68185226343431
Tolima,2023-09-29,0.1352522249858997,21.53824779414272
Tolima,2023-09-30,0.1109331180312725,22.105868181960613
Tolima,2023-10-01,11.188684185219037,21.4861772360494
Tolima,2023-10-02,0.0021790519751402,22.025805968540197
Tolima,2023-10-03,10.70058447265973,21.36084261856909
Tolima,2023-10-04,13.578781395782212,20.57337071929667
Tolima,2023-10-05,5.884710119179521,20.44981194643152
Tolima,2023-10-06,11.432406610701396,20.58625379110238
Tolima,2023-10-07,1.176888020585107,21.322577915329617
Tolima,2023-10-08,12.466634117312108,20.55932924319554
Tolima,2023-10-09,9.662285089698832,20.99148501753777
Tolima,2023-10-10,14.390450010120484,20.13740039234389
Tolima,2023-10-11,8.235075105701744,20.69400296989482
Tolima,2023-10-12,0.0189867559815143,21.78397028361687
Tolima,2023-10-13,1.5131049495206617,21.7416110490496
Tolima,2023-10-14,10.161169458740387,20.962823170219565
Tolima,2023-10-15,1.4999102060133416,20.52760090695
Tolima,2023-10-16,1.862980710955629,21.05923941432521
Tolima,2023-10-17,0.6430599944185322,20.688881469685647
Tolima,2023-10-18,3.8660668731523766,21.225895870824903
Tolima,2023-10-19,1.931783059202305,20.723457229139765
Tolima,2023-10-20,6.909190467456065,20.632652002949207
Tolima,2023-10-21,0.7282853695557492,20.785631608056
Tolima,2023-10-22,7.99695943782865,20.45890369638379
Tolima,2023-10-23,5.746171314452674,20.51339654386221
Tolima,2023-10-24,17.226578960466377,20.042658873353773
Tolima,2023-10-25,0.614955017808444,19.80583292184393
Tolima,2023-10-26,5.534499970884114,19.49899868886249
Tolima,2023-10-27,16.258684590947677,18.781022267556743
Tolima,2023-10-28,1.8689204678077005,18.772551304931547
Tolima,2023-10-29,16.510746913472005,18.87262105160181
Tolima,2023-10-30,11.373799707557412,19.164372399138514
Tolima,2023-10-31,13.681632892017632,18.672075559413404
Tolima,2023-11-01,16.4989414443017,19.21539531964791
Tolima,2023-11-02,14.196496500316266,18.39360478666747
Tolima,2023-11-03,10.146670607244596,19.2608656829793
Tolima,2023-11-04,27.821807534169903,18.43766719141113
Tolima,2023-11-05,0.2856760891167104,18.52683697020029
Tolima,2023-11-06,10.695954576400585,19.159762841737862
Tolima,2023-11-07,6.426600153422658,19.177695816501338
Tolima,2023-11-08,0.032935289458668,20.03500509775097
Tolima,2023-11-09,1.016525595035931,20.508830821917947
Tolima,2023-11-10,1.8762658744824925,20.51223534431283
Tolima,2023-11-11,0.0967061072484488,20.59251688652802
Tolima,2023-11-12,4.591054600332473,20.291425530468747
Tolima,2023-11-13,3.328738484503529,20.4737204169486
Tolima,2023-11-14,21.07530910915076,20.655427618120264
Tolima,2023-11-15,4.596974829631889,20.292852479787484
Tolima,2023-11-16,10.01695542872729,20.458470396735432
Tolima,2023-11-17,0.0,20.720788340780015
Tolima,2023-11-18,19.17859919901001,19.376893669858266
Tolima,2023-11-19,1.5969679864203004,18.551793419848767
Tolima,2023-11-20,7.932693504525202,18.491865262394874
Tolima,2023-11-21,5.598479005714426,18.99906737562842
Tolima,2023-11-22,1.674967449634873,19.08843576825821
Tolima,2023-11-23,0.6075830958021678,18.96813460478524
Tolima,2023-11-24,1.8098148845541768,19.202034239659383
Tolima,2023-11-25,12.540771335040692,18.79975834652913
Tolima,2023-11-26,2.8097782432893497,19.034025762135258
Tolima,2023-11-27,0.0,19.7685731365864
Tolima,2023-11-28,0.8316159793983683,19.98108437083301
Tolima,2023-11-29,1.417746269259502,19.372626042984383
Tolima,2023-11-30,0.0512375784288948,19.61426332874529
Tolima,2023-12-01,0.0,19.945974105952576
Tolima,2023-12-02,0.0,20.253920049730134
Tolima,2023-12-03,0.0,20.206670927578493
Tolima,2023-12-04,0.8295531162682613,20.41512587512089
Tolima,2023-12-05,0.0,20.428473787221957
Tolima,2023-12-06,1.823410172178254,20.20603181783932
Tolima,2023-12-07,0.0132692781738788,20.338159746251105
Tolima,2023-12-08,0.4627619296230929,20.446529986408965
Tolima,2023-12-09,0.0898671561178882,20.482362300590715
Tolima,2023-12-10,0.7367676108658413,20.41293800878381
Tolima,2023-12-11,0.0594123221620837,20.430299094912133
Tolima,2023-12-12,0.2144969943143658,21.0331361013203
Tolima,2023-12-13,0.0,21.096882524762705
Tolima,2023-12-14,7.241893448064395,21.227032098334995
Tolima,2023-12-15,9.74561774991112,19.620531561191942
Tolima,2023-12-16,1.9127583289198784,19.241645747721225
Tolima,2023-12-17,41.89138302322995,18.695383356858905
Tolima,2023-12-18,3.7376041643066538,19.36537713075084
Tolima,2023-12-19,5.939954455617282,19.39425601556399
Tolima,2023-12-20,6.973101270949819,19.63996788711437
Tolima,2023-12-21,6.149492120068025,19.684244137706383
Tolima,2023-12-22,0.9650762737535328,20.08754564132676
Tolima,2023-12-23,1.986530180101972,20.394299745810493
Tolima,2023-12-24,6.552479052593557,20.40157539235789
Tolima,2023-12-25,9.738545783843271,19.841322517382235
Tolima,2023-12-26,34.34339704238981,19.232405116330103
Tolima,2023-12-27,0.1742451809318737,18.83371619466452
Tolima,2023-12-28,17.646858959932175,19.00111210084582
Tolima,2023-12-29,5.781030880778364,18.80974440566934
Tolima,2023-12-30,1.5828085523417863,18.467572201741884
Tolima,2023-12-31,2.444009744895894,19.03740773267796
Tolima,2024-01-01,9.658290230660596,19.371382658316143
Tolima,2024-01-02,0.0137905104001132,19.64169959397421
Tolima,2024-01-03,0.2730829769280132,19.829883283266504
Tolima,2024-01-04,0.0037273232895394,19.90930668084117
Tolima,2024-01-05,0.0,19.70341266811497
Tolima,2024-01-06,0.4560937753125492,20.111583737816705
Tolima,2024-01-07,0.4667991136251552,20.59412237059304
Tolima,2024-01-08,0.7465489894565757,20.881553248047396
Tolima,2024-01-09,0.2916882979481253,20.759719737276576
Tolima,2024-01-10,0.0899863924805301,20.52924174899299
Tolima,2024-01-11,5.176656568490606,20.534393758913502
Tolima,2024-01-12,0.604527985245799,20.209323203520697
Tolima,2024-01-13,24.900618962295813,19.59371210354395
Tolima,2024-01-14,0.4663488556026292,20.05801955021164
Tolima,2024-01-15,0.2549435113477508,20.664927924605475
Tolima,2024-01-16,0.2394451242207906,20.90696195827537
Tolima,2024-01-17,0.0,21.461087630885228
Tolima,2024-01-18,0.0702728290631151,21.54187296786137
Tolima,2024-01-19,0.0225552725705959,21.2381893395246
Tolima,2024-01-20,0.5318244262260976,20.892458296693302
Tolima,2024-01-21,3.4429567128477068,20.63404534103619
Tolima,2024-01-22,0.6025319963011886,21.56319071940083
Tolima,2024-01-23,0.0157307547800542,21.83565456659105
Tolima,2024-01-24,0.0239258925078337,21.810776069577237
Tolima,2024-01-25,0.0239258925078337,21.8372078691396
Tolima,2024-01-26,0.0,21.87335673342785
Tolima,2024-01-27,0.00040624093163909545,21.70756593563764
Tolima,2024-01-28,0.2871183934277614,21.850803376229237
Tolima,2024-01-29,0.3063685446531699,21.995344222546287
Tolima,2024-01-30,0.1118888956969065,21.68614698886346
Tolima,2024-01-31,3.962646275026117,21.59805601318711
Tolima,2024-02-01,7.019229435844311,21.305486436695944
Tolima,2024-02-02,33.57983114306543,20.229422360725213
Tolima,2024-02-03,11.217535062973694,19.678107742829773
Tolima,2024-02-04,6.5080739336082525,19.456043377521805
Tolima,2024-02-05,18.466040598757672,18.818166823506
Tolima,2024-02-06,0.6482232027393354,18.9202774186513
Tolima,2024-02-07,0.4152168031478433,20.0139970953746
Tolima,2024-02-08,0.1208238830827779,19.620866620110903
Tolima,2024-02-09,0.0,19.772962283601203
Tolima,2024-02-10,0.0,20.434066950773985
Tolima,2024-02-11,0.0,20.676056017972407
Tolima,2024-02-12,0.1074874699932851,21.09016967223008
Tolima,2024-02-13,0.5990730707344565,21.33941856300037
Tolima,2024-02-14,6.562172372290273,21.27107798049656
Tolima,2024-02-15,0.0209720782220428,21.51093349316128
Tolima,2024-02-16,0.0,21.27566286067485
Tolima,2024-02-17,0.0914913005851129,21.220073756824757
Tolima,2024-02-18,0.0,21.71222982815993
Tolima,2024-02-19,1.9564553322035627,21.824691702850046
Tolima,2024-02-20,0.3866758329044424,21.42574153793759
Tolima,2024-02-21,0.4746176099683769,20.499785402155613
Tolima,2024-02-22,1.8707896857718056,19.52191631641271
Tolima,2024-02-23,0.0,19.704036523819365
Tolima,2024-02-24,0.0,20.263987611843497
Tolima,2024-02-25,0.0063529490092674,20.28666675487884
Tolima,2024-02-26,0.0471864971315652,20.539227911196857
Tolima,2024-02-27,0.6343330878001888,20.75772924973513
Tolima,2024-02-28,0.700644615555569,20.96143487679565
Tolima,2024-02-29,3.3255583497280137,21.4771129293722
Tolima,2024-03-01,2.142594726251364,21.08357397166033
Tolima,2024-03-02,0.6239294867287133,21.104325929377136
Tolima,2024-03-03,4.623317476843417,20.41293266677279
Tolima,2024-03-04,2.051629768795392,20.501858813867702
Tolima,2024-03-05,2.714918570443119,20.88732303012123
Tolima,2024-03-06,0.0,21.52559706848975
Tolima,2024-03-07,0.133459708938661,22.047132674901864
Tolima,2024-03-08,1.71952965328685,21.64997806272798
Tolima,2024-03-09,1.2127470092629995,20.656123487888237
Tolima,2024-03-10,0.0,21.315704608156725
Tolima,2024-03-11,1.0182396599674466,21.611387021029465
Tolima,2024-03-12,0.0560775007482209,21.85538447304921
Tolima,2024-03-13,0.0364511965133059,22.0191314806854
Tolima,2024-03-14,2.253632349141918,21.937701790567733
Tolima,2024-03-15,0.2233842431023862,21.899528312299207
Tolima,2024-03-16,0.2455790703362508,22.35369655115288
Tolima,2024-03-17,0.4419712149595229,22.14591117582594
Tolima,2024-03-18,0.4738410659883307,22.53408788019941
Tolima,2024-03-19,7.066921845779136,22.265329552315052
Tolima,2024-03-20,0.7339684043023296,22.03595466682009
Tolima,2024-03-21,8.098306033320432,21.366091329763005
Tolima,2024-03-22,2.2992776216505533,21.65559452154487
Tolima,2024-03-23,4.923832575172927,21.852260749442795
Tolima,2024-03-24,2.0803181771283343,22.18643026981576
Tolima,2024-03-25,5.939892495803673,21.32054596580545
Tolima,2024-03-26,3.598809093169317,20.65492031711762
Tolima,2024-03-27,15.447618688096536,20.554546332269037
Tolima,2024-03-28,0.536899216337469,20.43224309639831
Tolima,2024-03-29,16.134542473515236,19.952162807530406
Tolima,2024-03-30,3.395038894449677,20.23596519198063
Tolima,2024-03-31,18.748203716164618,19.86351051321508
Tolima,2024-04-01,6.722022573000489,20.429754127076755
Tolima,2024-04-02,21.257672643646544,19.543621287660304
Tolima,2024-04-03,12.702535574159857,19.13750716604682
Tolima,2024-04-04,13.893437570136854,18.83259763895641
Tolima,2024-04-05,4.632460482509791,19.29638560754046
Tolima,2024-04-06,7.115048452697231,19.104559192875804
Tolima,2024-04-07,0.0123961633360037,20.457927409811838
Tolima,2024-04-08,0.8227374339082483,20.93603804650583
Tolima,2024-04-09,0.2863650862110009,20.95921717521424
Tolima,2024-04-10,0.0,21.406582745457044
Tolima,2024-04-11,1.09395552721469,21.536173953604493
Tolima,2024-04-12,1.245919842728467,21.68205920998712
Tolima,2024-04-13,1.186088833964151,22.14423885896909
Tolima,2024-04-14,1.5647263014178738,22.155714537168706
Tolima,2024-04-15,7.326699604331806,21.93796371064162
Tolima,2024-04-16,0.5583653731609148,22.35118051846281
Tolima,2024-04-17,18.89567881793184,21.752211014246573
Tolima,2024-04-18,6.147932285380793,20.836575138999727
Tolima,2024-04-19,35.00265582085151,19.3467106213106
Tolima,2024-04-20,5.486764983227045,19.44925796586743
Tolima,2024-04-21,24.17308264795677,19.23088142487336
Tolima,2024-04-22,12.79887788702413,18.210106126888466
Tolima,2024-04-23,3.324199827681473,18.575044250847487
Tolima,2024-04-24,10.450027474595307,19.67965147838218
Tolima,2024-04-25,12.291426527032456,19.518248703586263
Tolima,2024-04-26,4.710330789744343,19.65311252408152
Tolima,2024-04-27,28.065719163826863,19.318076108568825
Tolima,2024-04-28,9.96749521143262,19.136846123743727
Tolima,2024-04-29,15.628852847893,18.61335855215455
Tolima,2024-04-30,4.520742561027569,19.65277793173224
Tolima,2024-05-01,9.7551560602656,19.20398681686496
Tolima,2024-05-02,7.459899745902368,19.69472612750873
Tolima,2024-05-03,20.176926461602815,19.39500649980199
Tolima,2024-05-04,5.472867167565118,19.239298394642624
Tolima,2024-05-05,19.33806428810797,18.965598126168448
Tolima,2024-05-06,14.578874962733718,19.36221751748188
Tolima,2024-05-07,0.5642478645225301,20.43187348596819
Tolima,2024-05-08,31.47840659379217,19.382401003269067
Tolima,2024-05-09,20.711010587264912,18.515545096101206
Tolima,2024-05-10,0.9495221358225214,18.756404464370664
Tolima,2024-05-11,0.7584112707377959,20.30350607484739
Tolima,2024-05-12,5.697933630117359,19.898764829190277
Tolima,2024-05-13,5.659080247971303,19.86304110404419
Tolima,2024-05-14,13.34896247078356,20.069433964527768
Tolima,2024-05-15,18.673361631253936,19.127982379573588
Tolima,2024-05-16,3.6425881085374687,19.17866856051605
Tolima,2024-05-17,3.85551125482318,19.335253674263203
Tolima,2024-05-18,0.4371161249632719,19.867588639714835
Tolima,2024-05-19,5.166359112705681,20.27530011000103
Tolima,2024-05-20,4.020444216889753,20.361108721805813
Tolima,2024-05-21,9.451788081807392,20.25470272260012
Tolima,2024-05-22,0.1065038183157661,20.234742855177583
Tolima,2024-05-23,0.6477678124485433,19.975344205631327
Tolima,2024-05-24,6.434414590482402,19.848164511061945
Tolima,2024-05-25,12.131069860961798,18.87927244300808
Tolima,2024-05-26,0.7302700093974003,19.04911242818496
Tolima,2024-05-27,0.8481270230506973,19.984550426198727
Tolima,2024-05-28,0.0,20.19561653026564
Tolima,2024-05-29,11.419966715063806,18.844164324507343
Tolima,2024-05-30,0.0316430539974903,19.04487372629812
Tolima,2024-05-31,1.1736202752238876,19.58550401428644
Tolima,2024-06-01,0.0,20.52893363680004
Tolima,2024-06-02,0.2180240310327551,20.523937963069876
Tolima,2024-06-03,0.8753523228943008,20.775024215299258
Tolima,2024-06-04,1.7042945716047284,19.00938983868827
Tolima,2024-06-05,0.4051075580719154,18.70299982338886
Tolima,2024-06-06,0.5051470805989591,19.117138706075085
Tolima,2024-06-07,0.7609239543389931,19.648631729982068
Tolima,2024-06-08,7.138801860032274,19.560295099783293
Tolima,2024-06-09,4.28628863310044,19.384169425908134
Tolima,2024-06-10,7.808236498682173,19.52504632400261
Tolima,2024-06-11,16.94058516434884,19.348086840281116
Tolima,2024-06-12,5.106612410941537,19.679105109683324
Tolima,2024-06-13,3.7241013777861047,19.9610092842265
Tolima,2024-06-14,8.452171180557112,19.95133886209662
Tolima,2024-06-15,20.521130626762357,18.633204466520475
Tolima,2024-06-16,20.561181163595062,17.99673025998552
Tolima,2024-06-17,0.0,18.78962788417781
Tolima,2024-06-18,0.9272551850166402,19.623771964453955
Tolima,2024-06-19,14.84198614646184,18.55086137199224
Tolima,2024-06-20,3.9156161787985737,18.54876748806809
Tolima,2024-06-21,9.387184008400007,18.576471878652143
Tolima,2024-06-22,3.713798583602755,19.02178760277497
Tolima,2024-06-23,5.517977333334735,18.9296899947781
Tolima,2024-06-24,0.1545928539154502,18.787920822431847
Tolima,2024-06-25,0.2216698250715356,19.269438992735516
Tolima,2024-06-26,0.0,18.966873955960605
Tolima,2024-06-27,0.317810078152602,18.34854530798036
Tolima,2024-06-28,9.915263197863204,17.57143523354549
Tolima,2024-06-29,0.1264084646895746,18.461385596948677
Tolima,2024-06-30,25.19725226489617,18.99305411406578
Tolima,2024-07-01,2.6197949362596606,19.44084334599713
Tolima,2024-07-02,9.616130179113048,19.673236101281127
Tolima,2024-07-03,7.230609952610293,19.202009018541776
Tolima,2024-07-04,2.283380960677766,19.180454248508568
Tolima,2024-07-05,21.44437497346835,18.29823190005029
Tolima,2024-07-06,0.2998605803951618,18.220169519682862
Tolima,2024-07-07,0.9903620801787528,18.542004029875987
Tolima,2024-07-08,0.0,19.39161032242397
Tolima,2024-07-09,2.0666426061976235,19.14643126434765
Tolima,2024-07-10,0.0,19.403413952016223
Tolima,2024-07-11,0.0450850249613489,19.5068179098724
Tolima,2024-07-12,4.845067823330493,19.48448339135838
Tolima,2024-07-13,2.6851519495320084,18.767420626936183
Tolima,2024-07-14,0.0,19.43887394293574
Tolima,2024-07-15,0.0058068452063874,19.898645321830223
Tolima,2024-07-16,0.0,19.48053195765204
Tolima,2024-07-17,0.0122284827409921,19.39389497280686
Tolima,2024-07-18,0.8525712583393501,19.27308902620345
Tolima,2024-07-19,0.0600369953713918,19.274787530691345
Tolima,2024-07-20,0.1450459319350681,19.32890691937756
Tolima,2024-07-21,0.20397529423583,19.41408553600424
Tolima,2024-07-22,0.0,19.373931548333356
Tolima,2024-07-23,0.0,19.510509700704308
Tolima,2024-07-24,0.0,19.72545679773136
Tolima,2024-07-25,0.0021453506940934,19.931916534299827
Tolima,2024-07-26,0.1919345471342449,19.956187895220527
Tolima,2024-07-27,0.0018892129117571,20.091616685636374
Tolima,2024-07-28,0.1440595905462525,19.395486739086525
Tolima,2024-07-29,0.0,20.189683161649867
Tolima,2024-07-30,0.2243116165846806,19.669506000077966
Tolima,2024-07-31,0.0,19.60930084423581
Tolima,2024-08-01,0.0492319292724946,19.47210672232061
Tolima,2024-08-02,3.0235341921207493,20.011823871291707
Tolima,2024-08-03,0.8887732927567055,19.994384361418543
Tolima,2024-08-04,5.242931828187554,19.88907246485106
Tolima,2024-08-05,17.01811191720892,19.55626754577416
Tolima,2024-08-06,2.053202379442956,19.46296402911197
Tolima,2024-08-07,3.83211649637636,19.99865863403754
Tolima,2024-08-08,0.1291001314984503,20.176297556336625
Tolima,2024-08-09,5.158974371285689,19.558915709132418
Tolima,2024-08-10,3.692888597732278,18.77495338929361
Tolima,2024-08-11,0.0496677311007749,19.2086857508291
Tolima,2024-08-12,0.2402524374207378,20.312177732697712
Tolima,2024-08-13,5.211498463785998,19.686451148254047
Tolima,2024-08-14,0.0,20.227788888651894
Tolima,2024-08-15,0.0,20.496078440343563
Tolima,2024-08-16,0.197009648831447,20.490406611262284
Tolima,2024-08-17,0.4513776252434857,20.355575870365527
Tolima,2024-08-18,0.0044937945552551,20.55162795792991
Tolima,2024-08-19,0.0460623491442181,20.519363147300435
Tolima,2024-08-20,0.0,20.70959552128217
Tolima,2024-08-21,0.0357573059082184,20.92136370310889
Tolima,2024-08-22,0.0879833233583793,21.08735322802164
Tolima,2024-08-23,0.3302245724777748,20.79268385296059
Tolima,2024-08-24,5.119535767262439,20.237261000479908
Tolima,2024-08-25,4.689726772442606,20.209943361589243
Tolima,2024-08-26,2.9317698840061666,19.547596202211096
Tolima,2024-08-27,0.5296675339257999,20.14611050322817
Tolima,2024-08-28,0.7160422985615521,20.83894904100933
Tolima,2024-08-29,0.8282027132552721,20.70776238178126
Tolima,2024-08-30,0.0360075965674523,20.8539790623045
Tolima,2024-08-31,0.0885549007679893,20.917772192585645
Tolima,2024-09-01,10.039281387301829,21.13803452993995
Tolima,2024-09-02,1.5230611001172267,21.21516656264609
Tolima,2024-09-03,6.13106168359686,21.40508490338456
Tolima,2024-09-04,0.0147215101951099,21.93873331224046
Tolima,2024-09-05,2.2855688561507868,21.19988769405317
Tolima,2024-09-06,0.3497288169194553,21.498791425243404
Tolima,2024-09-07,4.70450527321059,21.194550853688224
Tolima,2024-09-08,0.0,21.30715828086067
Tolima,2024-09-09,0.0281085685697053,21.499471254672727
Tolima,2024-09-10,0.0133944679908153,21.46619295096618
Tolima,2024-09-11,0.2028296265019167,21.99076020343213
Tolima,2024-09-12,1.683614797741944,22.267471927516333
Tolima,2024-09-13,4.888281715631696,21.96880801081769
Tolima,2024-09-14,6.440575326828686,22.32542428442966
Tolima,2024-09-15,0.1971029952892473,22.608522487614422
Tolima,2024-09-16,1.356794353030044,22.63685623772197
Tolima,2024-09-17,4.192297789905583,22.257304541522632
Tolima,2024-09-18,0.0,22.48711376122722
Tolima,2024-09-19,0.145137832411801,22.27211212575593
Tolima,2024-09-20,1.4212950440481302,21.97874070083664
Tolima,2024-09-21,0.0685533265745252,21.500325659743982
Tolima,2024-09-22,5.629745030121922,21.30145942944656
Tolima,2024-09-23,3.9856836953615726,20.809737901081963
Tolima,2024-09-24,0.0085970708296307,21.519847296684286
Tolima,2024-09-25,0.2439670375078256,21.737157954930915
Tolima,2024-09-26,7.358701944303368,20.904029122464557
Tolima,2024-09-27,1.0874202431502578,20.370449359373183
Tolima,2024-09-28,2.6384821142522923,19.885693393113367
Tolima,2024-09-29,5.587788585155169,18.43738425466558
Tolima,2024-09-30,1.1492923332649103,19.016577777477195
Tolima,2024-10-01,5.378257007082387,19.93086237613841
Tolima,2024-10-02,3.3615106328132485,19.76795072503855
Tolima,2024-10-03,13.545728309431324,18.988265822418505
Tolima,2024-10-04,9.097819197899812,19.780755763455183
Tolima,2024-10-05,11.750757344093351,20.189616084020937
Tolima,2024-10-06,24.41714358239141,19.50890933138524
Tolima,2024-10-07,6.567122191476933,19.865735637961087
Tolima,2024-10-08,11.743328143068036,18.49331636743554
Tolima,2024-10-09,0.6813199365938568,19.22210689955449
Tolima,2024-10-10,13.688192022394183,18.85520047681061
Tolima,2024-10-11,0.0,19.349804853836687
Tolima,2024-10-12,0.8681151817862414,19.854694525520117
Tolima,2024-10-13,8.005479624810242,19.86329125110848
Tolima,2024-10-14,0.0,19.991047788901223
Tolima,2024-10-15,2.960893364327749,19.698957200471277
Tolima,2024-10-16,0.2599904539052813,20.760148261161124
Tolima,2024-10-17,1.6351081246951438,21.145875500148943
Tolima,2024-10-18,2.187398607764972,21.109649919271483
Tolima,2024-10-19,8.876716426638366,20.07599735370064
Tolima,2024-10-20,7.266686394702831,19.82390402233374
Tolima,2024-10-21,1.1033761013579635,19.897674479854064
Tolima,2024-10-22,7.504868471662267,19.385058297486328
Tolima,2024-10-23,1.677102160812033,19.09853866773345
Tolima,2024-10-24,2.4127038036726582,19.552099432512268
Tolima,2024-10-25,12.861317171770631,20.737256405601244
Tolima,2024-10-26,0.9838514360539694,21.105650192933297
Tolima,2024-10-27,11.180980814223602,20.76103544351484
Tolima,2024-10-28,1.505500840550106,20.376514911099672
Tolima,2024-10-29,0.1922000161771299,20.34092773721666
Tolima,2024-10-30,5.673730967685056,20.748514254811617
Tolima,2024-10-31,13.342647589202944,20.453104811994955
Tolima,2024-11-01,4.694573475609443,19.1798623217719
Tolima,2024-11-02,0.968216684157302,19.19421231137545
Tolima,2024-11-03,3.770936902600549,19.130907467303828
Tolima,2024-11-04,32.05887797731135,18.718944994310156
Tolima,2024-11-05,1.85822564081803,19.03503770460607
Tolima,2024-11-06,4.348565124786821,19.17743461472624
Tolima,2024-11-07,8.49015376574991,19.3898379653327
Tolima,2024-11-08,11.627750580989876,18.418996204008216
Tolima,2024-11-09,8.006427321984166,18.574551038327503
Tolima,2024-11-10,19.42305447043072,18.135293898707488
Tolima,2024-11-11,10.227117139899455,18.210886456657448
Tolima,2024-11-12,5.555335705342471,18.07575125646542
Tolima,2024-11-13,5.359581854693153,17.92767174385117
Tolima,2024-11-14,12.780741399829129,17.874978015448498
Tolima,2024-11-15,0.3968335450804572,18.06150527907828
Tolima,2024-11-16,31.63122438003153,17.850531502257976
Tolima,2024-11-17,1.559461446958615,17.883904296914857
Tolima,2024-11-18,6.18715782727176,18.140803492703373
Tolima,2024-11-19,22.15268138907515,18.380593087365508
Tolima,2024-11-20,2.4334424792290554,18.260553371539316
Tolima,2024-11-21,9.207552985937806,18.11081338826469
Tolima,2024-11-22,15.576246975153849,18.301536210569136
Tolima,2024-11-23,15.74679403927141,18.172305434090923
Tolima,2024-11-24,3.5656765135328103,18.472101969960526
Tolima,2024-11-25,0.0,18.56635748337804
Tolima,2024-11-26,2.7744064373586728,18.89589280033863
Tolima,2024-11-27,4.683063499245745,19.018506870700165
Tolima,2024-11-28,3.5452995811744445,18.830681394143227
Tolima,2024-11-29,5.347906105435055,18.780847247355062
Tolima,2024-11-30,0.0,18.89424876839337
Tolima,2024-12-01,0.0,19.06985113046196
Tolima,2024-12-02,0.1688590498979135,19.38966428140978
Tolima,2024-12-03,11.611485477421075,19.24726296317902
Tolima,2024-12-04,3.551360793373291,19.159877813451114
Tolima,2024-12-05,4.0596717652536585,19.330437409563075
Tolima,2024-12-06,0.4148814649432729,18.899413509029547
Tolima,2024-12-07,1.0605954799490311,18.62394932772243
Tolima,2024-12-08,0.0,18.91586325106245
Tolima,2024-12-09,0.0,19.411822880897372
Tolima,2024-12-10,0.0,19.40940463481708
Tolima,2024-12-11,0.1967627403934217,19.52350805512435
Tolima,2024-12-12,4.679767347212792,19.3334235733056
Tolima,2024-12-13,7.900770161398801,19.133573271116568
Tolima,2024-12-14,0.0237693724956993,18.662663829301177
Tolima,2024-12-15,0.0,18.85249689974956
Tolima,2024-12-16,2.1989050480358934,18.992009369420927
Tolima,2024-12-17,0.0111825539704059,19.171190169869423
Tolima,2024-12-18,0.0047954060656389,19.60731311836047
Tolima,2024-12-19,9.271933170948058,19.538430589155
Tolima,2024-12-20,3.1138500342987663,19.497954117475366
Tolima,2024-12-21,9.419508278171532,19.274239807235304
Tolima,2024-12-22,5.350141687781912,18.56416018548204
Tolima,2024-12-23,9.064108305287506,18.41456690103649
Tolima,2024-12-24,28.54781755064737,18.51008386865091
Tolima,2024-12-25,0.0315235564760991,19.088280145133496
Tolima,2024-12-26,25.31620743241049,19.17034918474816
Tolima,2024-12-27,8.744532727569963,18.663301476602047
Tolima,2024-12-28,3.8292803233036143,18.08745472179288
Tolima,2024-12-29,23.39649102083496,17.875235087948358
Tolima,2024-12-30,8.553294498211587,17.81684394045371
Tolima,2024-12-31,11.222754573798476,18.37483295158858
Tolima,2025-01-01,5.388416227319105,18.67962902218853
Tolima,2025-01-02,2.5046279225198065,18.810826363300905
Tolima,2025-01-03,24.082276564531405,17.95415451446021
Tolima,2025-01-04,17.114020438918914,17.48797263505179
Tolima,2025-01-05,22.526951387535732,17.92155729865733
Tolima,2025-01-06,0.2946364814951603,17.887316501377658
Tolima,2025-01-07,4.454425014205965,18.891815801502027
Tolima,2025-01-08,7.501112691406977,18.945627569559218
Tolima,2025-01-09,1.553908657890413,19.181369961756797
Tolima,2025-01-10,0.9459779480734056,19.09047430868224
Tolima,2025-01-11,0.1290503424784983,19.226397712678175
Tolima,2025-01-12,0.0,19.195019043077405
Tolima,2025-01-13,0.0,19.29590639631856
Tolima,2025-01-14,0.052229812676111,19.04259804879692
Tolima,2025-01-15,0.0079346905869301,18.88001188057309
Tolima,2025-01-16,0.0,18.603711233502107
Tolima,2025-01-17,0.3566343452182546,18.70836452807376
Tolima,2025-01-18,0.2681158162025254,18.74446177795636
Tolima,2025-01-19,0.1907038872719895,18.91865167710365
Tolima,2025-01-20,0.4415676877020853,19.05371828599164
Tolima,2025-01-21,0.5907745940614967,19.084668192958983
Tolima,2025-01-22,0.258392152566789,19.383785142560345
Tolima,2025-01-23,0.2769044802617747,19.27427205564644
Tolima,2025-01-24,3.225282609841681,19.128603228030855
Tolima,2025-01-25,3.2734151191967555,18.8743528266805
Tolima,2025-01-26,0.3690871506792805,19.048220865681994
Tolima,2025-01-27,0.1193640927279011,19.567251736019053
Tolima,2025-01-28,0.0738312196563058,19.634713948183293
Tolima,2025-01-29,0.0097116079468931,19.786810969329498
Tolima,2025-01-30,0.0,19.71585611167898
Tolima,2025-01-31,0.0034992108101441,20.059245956339737
Tolima,2025-02-01,0.0463610700211109,19.95264347098941
Tolima,2025-02-02,5.390291100425767,20.07366593413463
Tolima,2025-02-03,4.357688912496511,20.11485086841508
Tolima,2025-02-04,25.824605979430736,19.499555088963785
Tolima,2025-02-05,2.838097159434734,19.419983771350378
Tolima,2025-02-06,0.8839864964357999,19.4761301633952
Tolima,2025-02-07,1.0306082604118187,19.38946694831853
Tolima,2025-02-08,19.31331621443494,19.32911681591232
Tolima,2025-02-09,16.231625560518363,19.181173410009905
Tolima,2025-02-10,20.47769676754457,19.02832932237448
Tolima,2025-02-11,27.095349116907254,18.80954907402054
Tolima,2025-02-12,0.2862521160566437,18.743355601762516
Tolima,2025-02-13,22.2017831680806,18.66038692868343
Tolima,2025-02-14,20.02338430151697,18.17818189296068
Tolima,2025-02-15,1.0339279223370688,18.50632961509491
Tolima,2025-02-16,1.0189581824512377,18.473028970930788
Tolima,2025-02-17,0.880331095878099,18.897223214364946
Tolima,2025-02-18,14.14465063544186,18.67629110506393
Tolima,2025-02-19,5.414260066909595,19.13412075253165
Tolima,2025-02-20,20.66526165450447,19.28633052756892
Tolima,2025-02-21,10.758259540240624,18.555921041386693
Tolima,2025-02-22,16.125459834555482,18.42797129304844
Tolima,2025-02-23,0.0,18.601795873738254
Tolima,2025-02-24,9.49384311863608,19.45994202059896
Tolima,2025-02-25,18.50674998219068,19.43699458808308
Tolima,2025-02-26,15.441999900257818,19.24725097358445
Tolima,2025-02-27,2.13429110336393,18.89892287534955
Tolima,2025-02-28,2.112798577773059,19.288198690982384
Tolima,2025-03-01,2.8640578462902866,19.36355204830769
Tolima,2025-03-02,13.184959696043697,19.3461831049469
Tolima,2025-03-03,9.348237750437072,19.04693636709424
Tolima,2025-03-04,7.61036193917738,18.516550892009597
Tolima,2025-03-05,21.381940024333595,18.689005257825265
Tolima,2025-03-06,20.10029438317142,17.870106038893848
Tolima,2025-03-07,12.009114737119528,17.976964193990792
Tolima,2025-03-08,8.226785929229544,18.54597458765563
Tolima,2025-03-09,1.4793714904070403,19.255985953350308
Tolima,2025-03-10,6.539083784980754,19.142417667813376
Tolima,2025-03-11,7.641724134842659,18.91569235717744
Tolima,2025-03-12,27.68842940406225,18.29219934367913
Tolima,2025-03-13,9.791828060507282,18.30157185491577
Tolima,2025-03-14,19.43779797252147,18.26697685682379
Tolima,2025-03-15,1.0314945062018714,18.39703999137305
Tolima,2025-03-16,4.363908572863468,18.75029221096163
Tolima,2025-03-17,25.57267158850697,17.63121159458588
Tolima,2025-03-18,1.9241156110236048,18.011090387911626
Tolima,2025-03-19,1.9502351753007847,18.87193275213335
Tolima,2025-03-20,5.224405012899062,19.03094900265469
Tolima,2025-03-21,1.686451278803484,19.423584140284785
Tolima,2025-03-22,3.693234327405402,19.53565256931803
Tolima,2025-03-23,0.449308808640075,19.982548532163676
Tolima,2025-03-24,1.3277073572351148,19.981188971161185
Tolima,2025-03-25,0.0005688890774539477,20.09575448704557
Tolima,2025-03-26,4.440808437751423,20.06133113411806
Tolima,2025-03-27,13.278858046842869,19.735305429905303
Tolima,2025-03-28,14.52656004719192,18.994899330457123
Tolima,2025-03-29,15.51008299773923,18.783806885074387
Tolima,2025-03-30,20.19642376271918,18.60581913148217
Tolima,2025-03-31,16.313170068446237,18.32596993221317
Tolima,2025-04-01,0.0321926580321849,18.68088510037616
Tolima,2025-04-02,21.022192647322065,18.655042008173364
Tolima,2025-04-03,0.0579314808471145,19.107427373066145
Tolima,2025-04-04,22.90346660998764,19.0095427931034
Tolima,2025-04-05,20.362714677314617,18.94819925721486
Tolima,2025-04-06,19.04757870903389,19.035765662088657
Tolima,2025-04-07,5.5853430676750815,19.75640411509323
Tolima,2025-04-08,25.479232501011825,19.088872087697823
Tolima,2025-04-09,9.833061635339403,19.131062308383036
Tolima,2025-04-10,3.9446242273987977,18.52419859172291
Tolima,2025-04-11,17.797098226081406,18.38569612657013
Tolima,2025-04-12,0.0566666605067811,18.790335598466303
Tolima,2025-04-13,3.379863369264541,19.392697210222444
Tolima,2025-04-14,2.3026229239078946,19.681959392708105
Tolima,2025-04-15,1.5388872535828582,20.12930214648347
Tolima,2025-04-16,2.175557350814715,20.262467797804646
Tolima,2025-04-17,12.285418517951252,19.485681573132133
Tolima,2025-04-18,1.3371157066404202,20.05013399445533
Tolima,2025-04-19,6.072870337609834,20.01177342905652
Tolima,2025-04-20,16.813964235980883,18.897631789590125
Tolima,2025-04-21,2.953439903077278,19.288852747095973
Tolima,2025-04-22,11.481332116936873,19.02219579332212
Tolima,2025-04-23,3.422017516546201,19.055856839406964
Tolima,2025-04-24,19.19115319502473,18.563479352556755
Tolima,2025-04-25,5.490915320743406,18.85544497698261
Tolima,2025-04-26,14.14447222054098,18.28090310446325
Tolima,2025-04-27,0.8030312584363163,18.4194377725964
Tolima,2025-04-28,33.63391918317123,18.046733836373463
Tolima,2025-04-29,1.7118957136625146,18.70645869491171
Tolima,2025-04-30,31.65584514928724,18.002643260196805
Tolima,2025-05-01,1.152880951321227,18.5122510163056
Tolima,2025-05-02,16.159972656828064,18.738164364458296
Tolima,2025-05-03,21.91951731999283,18.325604613849723
Tolima,2025-05-04,1.76835620695115,18.634631160296472
Tolima,2025-05-05,26.601531926109832,17.915776276883165
Tolima,2025-05-06,8.11142376604094,17.961785435073875
Tolima,2025-05-07,16.516721884908723,18.199328130899318
Tolima,2025-05-08,6.111644373077332,18.3656030599626
Tolima,2025-05-09,3.426291299458139,18.697507797113744
Tolima,2025-05-10,1.4523443940262988,19.624344460996163
Tolima,2025-05-11,0.0,19.209290644601804
Tolima,2025-05-12,0.0,19.24874341861252
Tolima,2025-05-13,11.379476503453938,19.03652513425784
Tolima,2025-05-14,0.2761995835031334,19.222015231862205
Tolima,2025-05-15,2.2643738526045505,19.130491270499604
Tolima,2025-05-16,10.194688698646022,18.46686477230857
Tolima,2025-05-17,13.093713136808177,18.02267095512536
Tolima,2025-05-18,14.605572698763895,18.396373873273177
Tolima,2025-05-19,11.45012631911326,18.206256277652415
Tolima,2025-05-20,17.539765989660303,18.996977469406804
Tolima,2025-05-21,4.729472058261231,19.039929387180617
Tolima,2025-05-22,2.2555838543487576,18.64246286226816
Tolima,2025-05-23,0.0316226253113242,18.86460318976476
Tolima,2025-05-24,0.0,19.20624968192134
Tolima,2025-05-25,0.0110011868111813,19.25682113489309
Tolima,2025-05-26,0.3854464111716016,18.93445076315688
Tolima,2025-05-27,3.1682767498934283,18.84776269057986
Tolima,2025-05-28,3.220345321370265,18.953132993141764
Tolima,2025-05-29,0.3286219452131214,19.886695344729915
Tolima,2025-05-30,3.962956657559438,19.296963488275114
Tolima,2025-05-31,3.237002813008416,18.75728087030163
Tolima,2025-06-01,2.087374573362747,18.304304592044414
Tolima,2025-06-02,3.4881171438072625,18.37340258184465
Tolima,2025-06-03,0.0410768019567003,18.80135297903494
Tolima,2025-06-04,0.1184476249109559,18.624032633073707
Tolima,2025-06-05,0.3129680040137104,18.729269551999785
Tolima,2025-06-06,9.408969686903852,18.27622825041752
Tolima,2025-06-07,1.6339949734595338,18.647435810084584
Tolima,2025-06-08,0.0,19.569296999522248
Tolima,2025-06-09,0.6642176307762395,19.159447055891057
Tolima,2025-06-10,7.605251710740489,18.328148293864285
Tolima,2025-06-11,12.348988869638804,18.45065464071785
Tolima,2025-06-12,8.12766161856103,18.810866416365236
Tolima,2025-06-13,16.797214616574667,18.52293607519154
Tolima,2025-06-14,7.6213939017937,17.29962073399188
Tolima,2025-06-15,13.856311116695124,17.858302572264083
Tolima,2025-06-16,0.5459650398379353,19.04303972050853
Tolima,2025-06-17,3.9795353597589833,18.782184880795867
Tolima,2025-06-18,2.3294976279186668,18.746288174967567
Tolima,2025-06-19,0.0,19.003093422897223
Tolima,2025-06-20,0.1174439620339586,18.84013312297044
Tolima,2025-06-21,0.0,19.18001516504282
Tolima,2025-06-22,0.4005883491775799,18.510437015705204
Tolima,2025-06-23,8.991823944589958,18.43711752045156
Tolima,2025-06-24,17.20946324281296,17.80215807873484
Tolima,2025-06-25,1.2519882407160725,18.58413405561349
Tolima,2025-06-26,0.0,19.08038699166365
Tolima,2025-06-27,3.764215638018044,18.85664731721573
Tolima,2025-06-28,0.2814536945576154,18.715856377106554
Tolima,2025-06-29,0.8797689040333895,18.48894814894148
Tolima,2025-06-30,3.598756882657283,18.178064437758213
Tolima,2025-07-01,4.163206456543696,17.613017409975228
Tolima,2025-07-02,1.4955397408558533,18.427148682670595
Tolima,2025-07-03,4.221013440693143,18.28067595517908
Tolima,2025-07-04,1.393182719251831,17.76560971048084
Tolima,2025-07-05,0.686885635505825,17.966733418119247
Tolima,2025-07-06,0.1972671956513603,17.97221850802222
Tolima,2025-07-07,0.0172119972979981,18.527558548049413
Tolima,2025-07-08,0.3349570401565282,18.713418335205144
Tolima,2025-07-09,0.6279182794365701,18.39454666306563
Tolima,2025-07-10,2.006038400155947,18.90151007470337
Tolima,2025-07-11,3.7277411243024856,18.337665520795056
Tolima,2025-07-12,0.2412549278771349,17.719985732837998
Tolima,2025-07-13,0.0019323324079515,18.19638954692821
Tolima,2025-07-14,0.0147546461820424,18.3973311369201
Tolima,2025-07-15,0.0,18.769504315648813
Tolima,2025-07-16,0.0,19.143858853254173
Tolima,2025-07-17,0.0,19.037718785506737
Tolima,2025-07-18,0.0,18.842207385870385
Tolima,2025-07-19,0.004414636023034,18.957470126134528
Tolima,2025-07-20,0.0,19.40442931392029
Tolima,2025-07-21,0.3027156532148945,18.97016703609961
Tolima,2025-07-22,1.14058791391662,19.18270622321897
Tolima,2025-07-23,0.2669781728685452,19.205561852083743
Tolima,2025-07-24,0.1101109033114054,19.43274479598222
Tolima,2025-07-25,0.6714634176308784,19.727483916612226
Tolima,2025-07-26,1.011013212895947,19.772215095544222
Tolima,2025-07-27,0.1725726830237146,19.69849914040913
Tolima,2025-07-28,0.0773952421116476,19.404801997088665
Tolima,2025-07-29,0.0250128407060444,19.299233390227677
Tolima,2025-07-30,2.2728054973623317,19.657503906028825
Tolima,2025-07-31,0.2360537792381296,20.04313246584994
Tolima,2025-08-01,0.0642728441622006,19.788948425685252
Tolima,2025-08-02,2.401198248781039,19.85140852239801
Tolima,2025-08-03,0.9599889154376028,19.110145066930425
Tolima,2025-08-04,2.1109890773474893,19.031659551599503
Tolima,2025-08-05,0.1089294873120938,19.11112923420697
Tolima,2025-08-06,0.016969062707769,19.254727390826982
Tolima,2025-08-07,4.573052392797177,18.62547825074713
Tolima,2025-08-08,7.685776396630418,18.48848044582319
Tolima,2025-08-09,24.84344459490629,18.18400249296932
Tolima,2025-08-10,1.2099754321276106,19.22944814070203
Tolima,2025-08-11,5.074812122357599,18.806293053337367
Tolima,2025-08-12,0.8366636506629459,18.976866574311146
Tolima,2025-08-13,0.5667791510374202,19.19930151805912
Tolima,2025-08-14,0.6562017473899269,19.24730253999406
Tolima,2025-08-15,3.976465378760333,18.575745947289764
Tolima,2025-08-16,3.2824353168395977,18.91758847572963
Tolima,2025-08-17,0.1582627218913855,18.8871985887464
Tolima,2025-08-18,0.3894945963699256,19.348751453880965
Tolima,2025-08-19,6.5272983717788,19.369731896168805
Tolima,2025-08-20,0.0345309113899139,20.159328950942168
Tolima,2025-08-21,1.3979637562487552,20.03897173817159
Tolima,2025-08-22,0.4544701332495374,19.85086046143055
Tolima,2025-08-23,3.671015446416252,19.625608780435847
Tolima,2025-08-24,0.3526385514666749,19.773728301111188
Tolima,2025-08-25,9.107406415316348,19.575574309898045
Tolima,2025-08-26,1.3410536239373003,19.33450862533478
Tolima,2025-08-27,0.1774507740232264,19.153987142111
Tolima,2025-08-28,0.2237223034848068,19.79711668832259
Tolima,2025-08-29,0.0,19.737731291741504
Tolima,2025-08-30,0.5254932409461053,19.722018193353605
Tolima,2025-08-31,2.921869434033692,19.44652520452273
Tolima,2025-09-01,0.5740088902004798,20.19796626437687
Tolima,2025-09-02,0.3121863471182122,19.173040038549964
Tolima,2025-09-03,0.8751290865147014,19.685591053450647
Tolima,2025-09-04,5.176655303385601,18.995321986939494
Tolima,2025-09-05,2.0718168270553403,18.448261988205417
Tolima,2025-09-06,0.1559918502743049,19.049686051432648
Tolima,2025-09-07,0.5321485636716914,18.49467875070415
Tolima,2025-09-08,0.0263172013885578,19.07233636148832
Tolima,2025-09-09,0.2780477275333441,20.03416764440436
Tolima,2025-09-10,0.1496873396517044,20.230084823516023
Tolima,2025-09-11,0.8043569399378526,19.996383524553536
Tolima,2025-09-12,0.0,19.890431836340653
Tolima,2025-09-13,0.1205834557747489,20.357751877637075
Tolima,2025-09-14,0.0035738235281488,20.59361283093827
Tolima,2025-09-15,3.9315070283879416,19.561589556133416
Tolima,2025-09-16,0.0286641444266984,19.8776998719364
Tolima,2025-09-17,6.68536129973685,19.23896654870471
Tolima,2025-09-18,16.958701004645498,17.894358071460946
Tolima,2025-09-19,0.6760869366464937,18.0868049214048
Tolima,2025-09-20,38.28940196582384,17.556724163706342
Tolima,2025-09-21,0.0434854610862431,18.174664186258063
Tolima,2025-09-22,0.2164226622501593,19.25821048234006
Tolima,2025-09-23,6.524794609186847,19.237064820866927
Tolima,2025-09-24,1.221618255819545,19.337507844426725
Tolima,2025-09-25,0.7245490833168228,19.744841289088907
Tolima,2025-09-26,0.1129712568617362,19.34664609663814
Tolima,2025-09-27,8.011365387094287,18.697344581594063
Tolima,2025-09-28,4.090765148016319,18.410847509071903
Tolima,2025-09-29,2.680384278867094,18.92225333084055
Tolima,2025-09-30,26.252601089578988,17.52007561091345
Tolima,2025-10-01,0.1940941721987228,17.864830624357303
Tolima,2025-10-02,1.433364901107998,18.811811755472576
Tolima,2025-10-03,15.504677571089577,18.56698789648849
Tolima,2025-10-04,0.7564329178161107,18.22110223213868
Tolima,2025-10-05,5.084568991738115,18.691390723373782
Tolima,2025-10-06,1.8122180334226707,18.54252557498721
Tolima,2025-10-07,17.79750938831234,17.91400502512871
Tolima,2025-10-08,12.426294553730774,17.726893912538817
Tolima,2025-10-09,3.5478121765984607,18.693252517637102
Tolima,2025-10-10,10.925048797643706,18.55459555167846
Tolima,2025-10-11,11.9173515154067,17.990674531661572
Tolima,2025-10-12,9.739935285960955,17.261145807275092
Tolima,2025-10-13,3.328370176255666,17.553815253598998
Tolima,2025-10-14,26.75462220544334,17.763426891158296
Tolima,2025-10-15,0.1347237465864253,18.602367960813485
Tolima,2025-10-16,22.086592817794884,18.257193821456163
Tolima,2025-10-17,2.4222735206193526,18.284673786661468
Tolima,2025-10-18,15.265689465461,17.806643020733357
Tolima,2025-10-19,0.4582888276635999,18.86939956012918
Tolima,2025-10-20,1.6554492137807666,18.85072246284712
Tolima,2025-10-21,2.089623789443578,18.80922441341329
Tolima,2025-10-22,22.80385606093653,19.096427102678323
Tolima,2025-10-23,18.15292237257914,18.816994115955644
Tolima,2025-10-24,23.12659461865828,19.37483475864405
Tolima,2025-10-25,7.70973673356553,19.604295603757485
Tolima,2025-10-26,16.23130399000773,19.49057054585028
Tolima,2025-10-27,7.81475167948439,19.17555150991492
Tolima,2025-10-28,1.261686339770589,19.20244038689905
Tolima,2025-10-29,5.392020001900558,18.886305983481883
Tolima,2025-10-30,0.4216409271162213,18.844999647541364
Tolima,2025-10-31,16.36659840446261,18.51986058642164
Tolima,2025-11-01,8.255826910815728,19.009147448503395
Tolima,2025-11-02,0.5930712997987252,19.695535686898044
Tolima,2025-11-03,5.892545271743217,19.3872155351267
Tolima,2025-11-04,2.1226242810432097,18.94010059575648
Tolima,2025-11-05,6.930330069627539,18.824467170080933
Tolima,2025-11-06,9.39108071038242,18.21252765073121
Tolima,2025-11-07,0.0160077345445873,18.866500110439937
Tolima,2025-11-08,2.062379532599684,18.98192008246135
Tolima,2025-11-09,1.229733819563037,19.635628282022186
Tolima,2025-11-10,1.4431506234906606,19.311014960232782
Tolima,2025-11-11,2.078146709913612,19.35218138249416
Tolima,2025-11-12,5.724626847934993,19.189294639857877
Tolima,2025-11-13,23.351847965261108,18.7406856699486
Tolima,2025-11-14,18.94196107823496,18.363827003807472
Tolima,2025-11-15,5.997362057972581,17.965186775595818
Tolima,2025-11-16,13.491464014461206,17.871355983636064
Tolima,2025-11-17,4.163679472959332,18.067615274082687
Tolima,2025-11-18,7.552885535008589,18.830629640897104
Tolima,2025-11-19,2.733183532167285,18.8971942553711
Tolima,2025-11-20,19.60971864319874,18.215728089917825
Tolima,2025-11-21,3.7772558737047865,18.10214998545045
Tolima,2025-11-22,3.1460626013817854,18.66836072524238
Tolima,2025-11-23,4.552955449906311,18.75544121916748
Tolima,2025-11-24,18.975971197269217,18.23842641604458
Tolima,2025-11-25,17.60685189928288,18.30296947365405
Tolima,2025-11-26,3.8781317007929017,18.801190702836934
Tolima,2025-11-27,9.1849135604733,18.835633576598106
Tolima,2025-11-28,9.904867395647251,17.50186637063114
Tolima,2025-11-29,4.615766095205603,17.870389912070863
Tolima,2025-11-30,6.940684810016891,17.831123743408767
Tolima,2025-12-01,9.27904835089018,17.997635181787157
Tolima,2025-12-02,4.682298986582962,17.39757141251741
Tolima,2025-12-03,1.385558699417034,17.928409508600822
Tolima,2025-12-04,3.2530306812461074,18.00739187592447
Tolima,2025-12-05,17.164590047435897,17.67768331383741
Tolima,2025-12-06,0.9569423461508232,17.855858603839778
Tolima,2025-12-07,0.0,18.267616510766008
Tolima,2025-12-08,0.052035929288983,17.969591592850428
Tolima,2025-12-09,1.3020689233601823,18.126804135060915
Tolima,2025-12-10,0.276822302804224,18.530331893612846
Tolima,2025-12-11,0.0402407138051311,18.77602639880686
Tolima,2025-12-12,6.9577096214536205,18.886129120738623
Tolima,2025-12-13,2.4960718081273328,19.016637040209
Tolima,2025-12-14,0.0221223569656216,18.96894226087904
Tolima,2025-12-15,3.425719176331012,18.70133915125288
Tolima,2025-12-16,2.4643379039492337,18.436067671492804
Tolima,2025-12-17,0.0807840801230046,18.66631809362869
Tolima,2025-12-18,0.0,18.70578688515576
Tolima,2025-12-19,0.8899112971040705,18.569693922775407
Tolima,2025-12-20,31.276891922353865,18.03683410818186
Tolima,2025-12-21,0.8518222430552918,18.240428503696982
Tolima,2025-12-22,0.2882564078915096,18.37225273134413
Tolima,2025-12-23,0.0186413363759223,18.763617448693637
Tolima,2025-12-24,2.040788005546429,18.62384827555231
Tolima,2025-12-25,9.88624272170359,18.087482057694697
Tolima,2025-12-26,0.0,18.206471347840083
Tolima,2025-12-27,0.3567057499239705,18.303677558152472
Tolima,2025-12-28,0.3619872857683456,18.53956061753189
Tolima,2025-12-29,0.0089757232205668,18.366145096362903
Tolima,2025-12-30,0.1113937188478144,18.871296329137557
Tolima,2025-12-31,0.0451213346540887,19.32303853055435
Tolima,2026-01-01,0.8795285820338594,19.330901257324733
Tolima,2026-01-02,14.797154958279188,18.68217690307481
Tolima,2026-01-03,1.3823592416902992,18.653415008955104
Tolima,2026-01-04,17.946552729521148,18.299911152398543
Tolima,2026-01-05,0.7352487431384006,18.196883781242995
Tolima,2026-01-06,26.541585652709745,18.024116072427447
Tolima,2026-01-07,0.4748320604792939,17.88760096514621
Tolima,2026-01-08,0.5366665237386021,18.17245159530115
Tolima,2026-01-09,11.131589081370992,18.71068611306976
Tolima,2026-01-10,11.6299001875647,18.480205907434307
Tolima,2026-01-11,7.927216548404296,18.06666258964068
Tolima,2026-01-12,26.28285156390508,17.50283426576353
Tolima,2026-01-13,7.94171438650431,17.138899171215563
Tolima,2026-01-14,4.031231726182265,17.943020283885556
Tolima,2026-01-15,3.7693061992118815,18.00109122008167
Tolima,2026-01-16,0.1351791907793433,17.92818547333846
Tolima,2026-01-17,0.6493495183289709,18.596738766073457
Tolima,2026-01-18,0.0,19.38987400661071
Tolima,2026-01-19,6.716366136997498,19.174475697460537
Tolima,2026-01-20,0.2542622393732908,19.052341154668884
Tolima,2026-01-21,3.624529188139429,19.112874928529536
Tolima,2026-01-22,19.185224694072424,18.63313590333172
Tolima,2026-01-23,7.334976623598713,18.206705506221564
Tolima,2026-01-24,3.723207072488135,18.4654601400864
Tolima,2026-01-25,0.0737606273689838,18.59657015987981
Tolima,2026-01-26,0.8754900375951712,18.451047641045378
Tolima,2026-01-27,8.692480312871789,18.27196818629275
Tolima,2026-01-28,4.356378343145384,18.58793545990101
Tolima,2026-01-29,2.3246546388742475,18.418581080988176
Tolima,2026-01-30,3.15305937581757,18.8017431898205
Tolima,2026-01-31,16.245432549476906,18.091161720254004
Tolima,2026-02-01,9.65384598122894,18.252155066516263
Tolima,2026-02-02,24.54030891834026,17.6766646545039
Tolima,2026-02-03,12.675333660669262,17.74281544164557
Tolima,2026-02-04,0.6971094556049381,18.40934292973431
Tolima,2026-02-05,1.6012292848604908,18.82154170963538
Tolima,2026-02-06,6.180826656147653,18.49084141276843
Tolima,2026-02-07,3.046590718216236,18.112029032224367
Tolima,2026-02-08,2.203757054133571,18.213057453572045
Tolima,2026-02-09,1.5413044704386278,18.50080723708585
Tolima,2026-02-10,0.0563403624126667,18.708690513185143
Tolima,2026-02-11,1.9979857954365217,18.999278159358745
Tolima,2026-02-12,10.192699300294382,18.84357039635392
Tolima,2026-02-13,11.539090477906328,18.475809000324904
Tolima,2026-02-14,0.5031780403999604,18.21238812458606
Tolima,2026-02-15,5.5737218244634645,18.148508305314284
Tolima,2026-02-16,11.008387647879426,17.614007255175235
Tolima,2026-02-17,3.300058058023037,17.718150862760602
Tolima,2026-02-18,7.018264334521283,18.074869523940656
Tolima,2026-02-19,6.607556313176183,18.213869474953693
Tolima,2026-02-20,6.258606613170147,18.320733901678107
Tolima,2026-02-21,2.8100933169081483,18.631971221790884
Tolima,2026-02-22,5.5790201277787865,18.497659882208048
Tolima,2026-02-23,28.599664104263653,18.21284964347537
Tolima,2026-02-24,23.29119738853136,18.018407042193875
Tolima,2026-02-25,2.5464419271005334,17.889076554655496
Tolima,2026-02-26,0.0502272142946751,18.61953306318652
Tolima,2026-02-27,3.633058821853975,19.64733425154049
Tolima,2026-02-28,2.165647656609877,19.6945833048576
Tolima,2026-03-01,9.864102445279098,19.74189841568477
Tolima,2026-03-02,4.925420676543468,19.61565104536172
Tolima,2026-03-03,3.517952459931343,19.588686124622196
Tolima,2026-03-04,1.1745448332629125,19.25434370095237
Tolima,2026-03-05,13.010286501931626,18.89955571777944
Tolima,2026-03-06,5.354615254408859,18.491879048099825
Tolima,2026-03-07,2.658453252718608,18.81015357163992
Tolima,2026-03-08,7.17616378155098,19.115882721109077
Tolima,2026-03-09,14.115747088702337,18.5814852739503
Tolima,2026-03-10,1.849690721604588,18.33756020457091
Tolima,2026-03-11,5.830320515689682,18.71942147139121
Tolima,2026-03-12,6.425376397442089,18.424698649515715
Tolima,2026-03-13,2.735441587862556,18.48524497033381
Tolima,2026-03-14,0.0,19.114707522886796
Tolima,2026-03-15,0.0,18.94858204397217
Tolima,2026-03-16,1.531868536106861,19.659743182089365
Tolima,2026-03-17,6.59289936192978,19.342127783627475
Tolima,2026-03-18,14.852949482518616,17.783195614874767
Tolima,2026-03-19,0.4913737990571976,17.42303229752382
Tolima,2026-03-20,0.0,18.341204098197416
Tolima,2026-03-21,0.0,18.061876723165657
Tolima,2026-03-22,0.5117678785223777,18.3900913415905
Tolima,2026-03-23,0.1549838365608566,18.849393194073084
Tolima,2026-03-24,1.663842500525779,18.4811798866308
Tolima,2026-03-25,0.1717109015545191,18.73275347753916
Tolima,2026-03-26,2.18737283440543,19.21501200678975
Tolima,2026-03-27,20.52258339713275,18.231480954342956
Tolima,2026-03-28,0.4114813200323184,18.49762388182884
Tolima,2026-03-29,5.543190797519531,18.90261089393928
Tolima,2026-03-30,31.672107561159155,18.09510814222672
Tolima,2026-03-31,5.623345783974476,18.39274894776061
Tolima,2026-04-01,2.0370767667402787,18.79793488099575
Tolima,2026-04-02,8.538197760212746,18.300958056625632
Tolima,2026-04-03,0.3729720087589003,18.728104470184167
Tolima,2026-04-04,1.784350039002928,19.21747854427915
Tolima,2026-04-05,19.17483326935028,18.542813937431134
Tolima,2026-04-06,0.2923052062312674,19.01041991046681
Tolima,2026-04-07,4.005606480487518,19.44856667181564
Tolima,2026-04-08,3.9467858397434497,19.1977634438842
Tolima,2026-04-09,0.7582583494796125,18.96850554515792
Tolima,2026-04-10,0.0108975919536104,19.52439705667577
Tolima,2026-04-11,9.30412051715269,19.46790874609248
Tolima,2026-04-12,0.0800743839856931,19.680035718368472
Tolima,2026-04-13,5.950694496092996,19.113722963133828
Tolima,2026-04-14,3.6509842334248375,19.331759874529137
Tolima,2026-04-15,25.68553553570037,18.44632516156656
Tolima,2026-04-16,3.5078389689938803,18.65397417517756
Tolima,2026-04-17,9.839637300818213,17.722850343749567
Tolima,2026-04-18,0.136408753552871,18.189997588156217
Tolima,2026-04-19,0.2431570321793197,18.27221898009356
Tolima,2026-04-20,0.0212529467899132,18.041664728938542
Tolima,2026-04-21,2.7287159280762308,18.36698562132759
Tolima,2026-04-22,3.1062094685142223,18.5605319958286
Tolima,2026-04-23,10.372919018689016,18.238756708905004
Tolima,2026-04-24,11.747470963300067,18.2537357582214
Tolima,2026-04-25,9.34967901195612,17.9450795349199
Tolima,2026-04-26,1.7182190826909116,18.585959039918272
Tolima,2026-04-27,10.555935664903544,18.406026239957683
Tolima,2026-04-28,5.606352334082543,18.677753900435786
Tolima,2026-04-29,10.76966410420597,18.735053776613693
Tolima,2026-04-30,0.7320194472375147,19.36450058881824
Tolima,2026-05-01,0.6001671082455134,19.65154168677582
Tolima,2026-05-02,9.635254467101126,19.29063888706185
Tolima,2026-05-03,3.8271837588665543,18.9151298720714
Tolima,2026-05-04,1.0694070945520096,18.246788710196515
Tolima,2026-05-05,1.7501095351911504,19.44064588710551
Tolima,2026-05-06,0.4849818452942753,19.3263904673614
Tolima,2026-05-07,0.0799501796121037,19.229748787335144
Tolima,2026-05-08,1.28342631736789,18.756934758954944
Tolima,2026-05-09,0.1899445439409311,19.750196597974657
Tolima,2026-05-10,0.1123395349306308,19.37051144351605
Tolima,2026-05-11,0.1451360383813776,19.47434754188166
Tolima,2026-05-12,2.4700570588257134,18.982605557662808
Tolima,2026-05-13,0.5251576188242193,19.793672158217174
Tolima,2026-05-14,5.3220682829089725,19.68164070446498
Tolima,2026-05-15,0.2641768618127879,20.00818741681141
Tolima,2026-05-16,1.8063222201339757,19.67196743179981
Tolima,2026-05-17,4.98942588168248,19.28270485106762
Tolima,2026-05-18,0.3052120414790066,19.26763678168205
Tolima,2026-05-19,3.2127408425359074,19.333201421346843
Tolima,2026-05-20,0.1456038552081181,20.18482162323692
Tolima,2026-05-21,4.012665676512479,19.95714092644304
Tolima,2026-05-22,0.3164131654884626,18.940603621571828
Tolima,2026-05-23,0.0001241311039321741,19.27793854021118
Tolima,2026-05-24,0.7469971000531647,19.64567303794629
Tolima,2026-05-25,5.178523897327527,19.918471208372782
Tolima,2026-05-26,4.060280794958227,19.859980616297364
Tolima,2026-05-27,1.348536757679146,20.01003645035412
Tolima,2026-05-28,1.7317701560314327,19.93288428016826
Tolima,2026-05-29,4.961955538966167,19.90282781917841
Tolima,2026-05-30,3.659534563214178,19.04501940255432
Tolima,2026-05-31,4.197539445936663,19.78707032733169
